topology,T_K,F_MVcm,span_nm,voltage_drop_V,delta_mu_eV,mode,decay_nm,epsr,internal_total_H2_eV2,internal_H_eV,bath_H2_eV2_each,bath_left_scale,bath_right_scale,number_states,R_pair_s,conditional_J_for_Npair_1e15_and_d100nm_Acm2,required_Npair_for_50mA_at_d100nm_cm3,pair_probability,neutral_probability,pair_minus_neutral_eV,min_probability,normalization_error,generator_residual,continuity_relative,heat_eV_s,phonon_heat_eV_s,electron_heat_eV_s,chemical_power_eV_s,heat_vs_power_relative,heat_partition_relative,state_energy_derivative_eV_s,entropy_kB_s,entropy_balance_relative,electron_displacement_nm_s,displacement_relative,direct_DB_max_log_error,conditional_spectrum_mean_error_eV,equilibrium_probability_relative,equilibrium_edge_net_over_gross,precision_dps,quadrature_order
direct,80,1.0,10.0,1.0,1.0,distance,0.5,3.5,2.0611536224385585e-19,4.539992976248486e-10,1.0475768654282459e-10,1.0,1.0,4,4.458505594345186e-20,7.143313485818138e-29,6.999552812468148e+41,2.3395100646336707e-22,1.0,0.2588581557771429,2.1311102677176973e-24,0.0,5.399757992615095e-222,0.0,4.458505594345186e-20,-1.412175835629301e-20,5.870681429974486e-20,4.458505594345186e-20,0.0,1.3454703888206194e-221,-7.498484069478155e-242,6.467351120576524e-18,0.0,4.458505594345185e-19,0.0,1.4210854715202004e-14,7.112366251504909e-17,,,220,24
trap,80,1.0,10.0,1.0,1.0,distance,0.5,3.5,2.0000000000000003e-10,1e-05,1.0475768654282459e-10,1.0,1.0,8,2.0594193811887643e-06,3.2995536121473775e-15,1.515356495979454e+28,2.1632503117723216e-17,0.4390048169384338,0.2588581557771429,2.022369583148727e-27,0.0,3.2841534759787216e-222,5.717988321987729e-214,2.0594193811887643e-06,-6.48686353416735e-07,2.708105734605499e-06,2.0594193811887643e-06,9.179829852566916e-215,0.0,-1.8905122103205113e-220,0.00029873211911096205,1.5171723179035922e-214,2.059419381188764e-05,2.8589941609938645e-214,1.4210854715202004e-14,1.1796119636642288e-16,,,220,24
direct,80,1.0,10.0,1.0,1.0,distance,1.0,3.5,4.539992976248485e-15,6.737946999085467e-08,1.0475768654282459e-10,1.0,1.0,4,8.89082236361964e-16,1.424466784803604e-24,3.510085354983807e+37,4.665278076344583e-18,1.0,0.2588581557771429,4.2497026025032295e-20,0.0,9.291123535751832e-222,1.1054560126814921e-221,8.89082236361964e-16,-2.8160566887480233e-16,1.1706879052367664e-15,8.89082236361964e-16,0.0,2.2109120253629843e-221,-2.457103259886602e-237,1.2896713654263623e-13,0.0,8.89082236361964e-15,0.0,1.4210854715202004e-14,7.112366251504909e-17,,,220,24
trap,80,1.0,10.0,1.0,1.0,distance,1.0,3.5,2.0000000000000003e-10,1e-05,1.0475768654282459e-10,1.0,1.0,8,2.0594193811887643e-06,3.2995536121473775e-15,1.515356495979454e+28,2.1632503117723216e-17,0.4390048169384338,0.2588581557771429,2.022369583148727e-27,0.0,3.2841534759787216e-222,5.717988321987729e-214,2.0594193811887643e-06,-6.48686353416735e-07,2.708105734605499e-06,2.0594193811887643e-06,9.179829852566916e-215,0.0,-1.8905122103205113e-220,0.00029873211911096205,1.5171723179035922e-214,2.059419381188764e-05,2.8589941609938645e-214,1.4210854715202004e-14,1.1796119636642288e-16,,,220,24
direct,80,1.0,10.0,1.0,1.0,distance,2.0,3.5,6.73794699908547e-13,8.208499862389881e-07,1.0475768654282459e-10,1.0,1.0,4,8.822667318868633e-15,1.413547142784675e-23,3.5372007403658605e+36,4.6295151038022197e-17,1.0,0.2588581557771429,4.217125338083095e-19,0.0,1.4544842505735409e-221,4.010384350172266e-220,8.822667318868633e-15,-2.7944694314850337e-15,1.1617136750353667e-14,8.822667318868633e-15,3.5647860890420136e-221,3.5647860890420136e-221,-4.422785867795883e-235,1.2797850347777604e-12,9.436861359370302e-221,8.822667318868632e-14,0.0,1.4210854715202004e-14,7.112366251504909e-17,,,220,24
trap,80,1.0,10.0,1.0,1.0,distance,2.0,3.5,2.0000000000000003e-10,1e-05,1.0475768654282459e-10,1.0,1.0,8,2.0594193811887643e-06,3.2995536121473775e-15,1.515356495979454e+28,2.1632503117723216e-17,0.4390048169384338,0.2588581557771429,2.022369583148727e-27,0.0,3.2841534759787216e-222,5.717988321987729e-214,2.0594193811887643e-06,-6.48686353416735e-07,2.708105734605499e-06,2.0594193811887643e-06,9.179829852566916e-215,0.0,-1.8905122103205113e-220,0.00029873211911096205,1.5171723179035922e-214,2.059419381188764e-05,2.8589941609938645e-214,1.4210854715202004e-14,1.1796119636642288e-16,,,220,24
direct,80,1.5,10.0,1.5000000000000002,1.5000000000000002,distance,0.5,3.5,2.0611536224385585e-19,4.539992976248486e-10,1.0475768654282459e-10,1.0,1.0,4,0.003223120800429997,5.164008835008318e-12,9.68240016574632e+24,1.691267038377144e-05,0.9999827792072785,-0.24114184422285714,1.540611688500004e-07,0.0,1.179686340411273e-221,1.341116897402647e-221,0.004834681200644996,0.0005906772335650976,0.0042440039670798985,0.004834681200644996,0.0,1.788155863203529e-221,2.7016136048916335e-225,0.701301820060044,1.5778954237832577e-221,0.03223120800429997,0.0,1.4210854715202004e-14,7.112366251504909e-17,,,220,24
trap,80,1.5,10.0,1.5000000000000002,1.5000000000000002,distance,0.5,3.5,2.0000000000000003e-10,1e-05,1.0475768654282459e-10,1.0,1.0,8,188.63839667478115,3.0223203142755765e-07,1.654358069322793e+20,0.989841486942525,2.2704756782617338e-05,-0.24114184422285714,6.572490429738373e-14,0.0,1.2487828653054385e-221,1.4266474246144243e-220,282.95759501217174,33.83831858577996,249.11927642639182,282.95759501217174,0.0,2.0023121748974373e-221,-4.308232999508566e-219,41044.83173686305,0.0,1886.3839667478114,1.2013873049384624e-221,1.4210854715202004e-14,1.1796119636642288e-16,,,220,24
direct,80,1.5,10.0,1.5000000000000002,1.5000000000000002,distance,1.0,3.5,4.539992976248485e-15,6.737946999085467e-08,1.0475768654282459e-10,1.0,1.0,4,51.47115705314454,8.246588515549247e-08,6.063113238367981e+20,0.2700844204768964,0.724995064836461,-0.24114184422285714,0.0024602573433212577,0.0,4.184832257922258e-222,1.3759391422063347e-221,77.20673557971682,9.432733843698948,67.77400173601788,77.20673557971682,0.0,0.0,0.0,11199.337026757097,0.0,514.7115705314454,0.0,1.4210854715202004e-14,7.112366251504909e-17,,,220,24
trap,80,1.5,10.0,1.5000000000000002,1.5000000000000002,distance,1.0,3.5,2.0000000000000003e-10,1e-05,1.0475768654282459e-10,1.0,1.0,8,188.63839667478115,3.0223203142755765e-07,1.654358069322793e+20,0.989841486942525,2.2704756782617338e-05,-0.24114184422285714,6.572490429738373e-14,0.0,1.2487828653054385e-221,1.4266474246144243e-220,282.95759501217174,33.83831858577996,249.11927642639182,282.95759501217174,0.0,2.0023121748974373e-221,-4.308232999508566e-219,41044.83173686305,0.0,1886.3839667478114,1.2013873049384624e-221,1.4210854715202004e-14,1.1796119636642288e-16,,,220,24
direct,80,1.5,10.0,1.5000000000000002,1.5000000000000002,distance,2.0,3.5,6.73794699908547e-13,8.208499862389881e-07,1.0475768654282459e-10,1.0,1.0,4,183.897863314399,2.9463685964485586e-07,1.697004239736607e+20,0.964966608170985,0.017453213160282373,-0.24114184422285714,0.008790089334366308,0.0,1.0404518765619758e-221,1.540445949891056e-221,275.8467949715985,33.70158547783566,242.14520949376288,275.8467949715985,2.0539279331880745e-221,2.0539279331880745e-221,-1.770529492101781e-220,40013.36413774364,1.8124166652631376e-221,1838.97863314399,0.0,1.4210854715202004e-14,7.112366251504909e-17,,,220,24
trap,80,1.5,10.0,1.5000000000000002,1.5000000000000002,distance,2.0,3.5,2.0000000000000003e-10,1e-05,1.0475768654282459e-10,1.0,1.0,8,188.63839667478115,3.0223203142755765e-07,1.654358069322793e+20,0.989841486942525,2.2704756782617338e-05,-0.24114184422285714,6.572490429738373e-14,0.0,1.2487828653054385e-221,1.4266474246144243e-220,282.95759501217174,33.83831858577996,249.11927642639182,282.95759501217174,0.0,2.0023121748974373e-221,-4.308232999508566e-219,41044.83173686305,0.0,1886.3839667478114,1.2013873049384624e-221,1.4210854715202004e-14,1.1796119636642288e-16,,,220,24
direct,80,2.0,10.0,2.0,2.0,distance,0.5,3.5,2.0611536224385585e-19,4.539992976248486e-10,1.0475768654282459e-10,1.0,1.0,4,8.536981691443398e-06,1.3677752590916408e-14,3.655571313170683e+27,4.479607385500773e-08,0.9999999543878119,-0.7411418442228571,4.080571158423103e-10,0.0,1.7475459112821024e-221,1.9778752773356188e-221,1.7073963382886795e-05,5.832999606245021e-06,1.1240963776641773e-05,1.7073963382886795e-05,1.9778752773356188e-221,0.0,0.0,0.0024766889685424558,0.0,8.536981691443397e-05,0.0,1.4210854715202004e-14,7.112366251504909e-17,,,220,24
trap,80,2.0,10.0,2.0,2.0,distance,0.5,3.5,2.0000000000000003e-10,1e-05,1.0475768654282459e-10,1.0,1.0,8,188.30751747128093,3.017019044990331e-07,1.657264977595136e+20,0.9881052614676492,0.0018479724662925632,-0.7411418442228571,6.62638525878342e-14,0.0,1.12069528900212e-221,2.7569785511819217e-221,376.61503494256186,127.92543688360179,248.6895980589601,376.61503494256186,1.5043728606293646e-221,1.5043728606293646e-221,2.7638728595459606e-219,54630.449972990835,1.3274810665543319e-221,1883.0751747128093,0.0,1.4210854715202004e-14,1.1796119636642288e-16,,,220,24
direct,80,2.0,10.0,2.0,2.0,distance,1.0,3.5,4.539992976248485e-15,6.737946999085467e-08,1.0475768654282459e-10,1.0,1.0,4,0.1878508147119949,3.009701860094217e-10,1.6612941189608326e+23,0.0009857089160676326,0.9989963330129348,-0.7411418442228571,8.979035498791676e-06,0.0,2.5108275696614257e-221,1.4726858308548956e-221,0.3757016294239898,0.1283514206603166,0.2473502087636732,0.3757016294239898,1.4726858308548956e-221,1.4726858308548956e-221,-1.3832261657045163e-222,54.497954586833416,1.2995199585193511e-221,1.878508147119949,0.0,1.4210854715202004e-14,7.112366251504909e-17,,,220,24
trap,80,2.0,10.0,2.0,2.0,distance,1.0,3.5,2.0000000000000003e-10,1e-05,1.0475768654282459e-10,1.0,1.0,8,188.30751747128093,3.017019044990331e-07,1.657264977595136e+20,0.9881052614676492,0.0018479724662925632,-0.7411418442228571,6.62638525878342e-14,0.0,1.12069528900212e-221,2.7569785511819217e-221,376.61503494256186,127.92543688360179,248.6895980589601,376.61503494256186,1.5043728606293646e-221,1.5043728606293646e-221,2.7638728595459606e-219,54630.449972990835,1.3274810665543319e-221,1883.0751747128093,0.0,1.4210854715202004e-14,1.1796119636642288e-16,,,220,24
direct,80,2.0,10.0,2.0,2.0,distance,2.0,3.5,6.73794699908547e-13,8.208499862389881e-07,1.0475768654282459e-10,1.0,1.0,4,24.286286402761935,3.891092060113708e-08,1.2849863027537535e+21,0.12743734479979316,0.8702409465818167,-0.7411418442228571,0.0011608543091950543,1.1065809325636131e-221,1.0106760975079579e-221,1.458048762778676e-221,48.57257280552387,16.59390919936629,31.978663606157582,48.57257280552387,1.458048762778676e-221,1.458048762778676e-221,0.0,7045.766266650301,1.2866039911753778e-221,242.86286402761934,0.0,1.4210854715202004e-14,7.112366251504909e-17,,,220,24
trap,80,2.0,10.0,2.0,2.0,distance,2.0,3.5,2.0000000000000003e-10,1e-05,1.0475768654282459e-10,1.0,1.0,8,188.30751747128093,3.017019044990331e-07,1.657264977595136e+20,0.9881052614676492,0.0018479724662925632,-0.7411418442228571,6.62638525878342e-14,0.0,1.12069528900212e-221,2.7569785511819217e-221,376.61503494256186,127.92543688360179,248.6895980589601,376.61503494256186,1.5043728606293646e-221,1.5043728606293646e-221,2.7638728595459606e-219,54630.449972990835,1.3274810665543319e-221,1883.0751747128093,0.0,1.4210854715202004e-14,1.1796119636642288e-16,,,220,24
direct,300,1.0,10.0,1.0,1.0,distance,0.5,3.5,2.0611536224385585e-19,4.539992976248486e-10,1.0475768654282459e-10,1.0,1.0,4,1.556255771722289e-07,2.493396633981089e-16,2.0052966831902452e+29,5.414958111845119e-12,0.9999999999679525,0.2588581557771429,5.414958111845119e-12,0.0,3.7241889550098604e-222,6.781133497374195e-221,1.556255771722289e-07,-5.476671835785725e-08,2.1039229553008614e-07,1.556255771722289e-07,0.0,1.6952833743435488e-221,-1.4840406765151795e-228,6.0198661015728606e-06,4.2073406814217184e-221,1.556255771722289e-06,0.0,3.552713678800501e-15,5.204170427930421e-17,,,220,24
trap,300,1.0,10.0,1.0,1.0,distance,0.5,3.5,2.0000000000000003e-10,1e-05,1.0475768654282459e-10,1.0,1.0,8,87.06273177522166,1.3948987454246947e-07,3.584489567002719e+20,2.1844740000796787e-05,0.4929707857910721,0.2588581557771429,3.282048085056113e-08,1.1065809325636131e-221,1.579384485510199e-221,3.463815696515351e-218,87.06273177522166,-30.814822050473953,117.87755382569561,87.06273177522166,6.035799044446773e-219,1.6269000119802622e-221,5.222630175781648e-217,3367.736828657449,1.2826196377740284e-218,870.6273177522166,2.407812017730788e-219,3.552713678800501e-15,5.204170427930421e-17,,,220,24
direct,300,1.0,10.0,1.0,1.0,distance,1.0,3.5,4.539992976248485e-15,6.737946999085467e-08,1.0475768654282459e-10,1.0,1.0,4,0.003418781359715372,5.477491611290718e-12,9.128265919556194e+24,1.1895575387004677e-07,0.9999998247680908,0.2588581557771429,2.8138077655933488e-08,0.0,6.856687879959936e-222,1.2643633251195937e-221,0.003418781359715372,-0.0012031148044990888,0.004621896164214461,0.003418781359715372,1.2643633251195937e-221,1.2643633251195937e-221,0.0,0.13224436747478494,2.091924506301951e-221,0.03418781359715372,0.0,3.552713678800501e-15,5.204170427930421e-17,,,220,24
trap,300,1.0,10.0,1.0,1.0,distance,1.0,3.5,2.0000000000000003e-10,1e-05,1.0475768654282459e-10,1.0,1.0,8,87.06273177522166,1.3948987454246947e-07,3.584489567002719e+20,2.1844740000796787e-05,0.4929707857910721,0.2588581557771429,3.282048085056113e-08,1.1065809325636131e-221,1.579384485510199e-221,3.463815696515351e-218,87.06273177522166,-30.814822050473953,117.87755382569561,87.06273177522166,6.035799044446773e-219,1.6269000119802622e-221,5.222630175781648e-217,3367.736828657449,1.2826196377740284e-218,870.6273177522166,2.407812017730788e-219,3.552713678800501e-15,5.204170427930421e-17,,,220,24
direct,300,1.0,10.0,1.0,1.0,distance,2.0,3.5,6.73794699908547e-13,8.208499862389881e-07,1.0475768654282459e-10,1.0,1.0,4,0.3646736199106413,5.842715528570267e-10,8.557664626235051e+22,1.2688739292939326e-05,0.999981310955037,0.2588581557771429,3.0001528350318707e-06,0.0,1.0052452035208187e-221,1.5172209780827676e-221,0.3646736199106413,-0.12833351558968764,0.49300713550032893,0.3646736199106413,0.0,0.0,6.916130828522582e-223,14.106205435681302,2.510284569687706e-221,3.646736199106413,0.0,3.552713678800501e-15,5.204170427930421e-17,,,220,24
trap,300,1.0,10.0,1.0,1.0,distance,2.0,3.5,2.0000000000000003e-10,1e-05,1.0475768654282459e-10,1.0,1.0,8,87.06273177522166,1.3948987454246947e-07,3.584489567002719e+20,2.1844740000796787e-05,0.4929707857910721,0.2588581557771429,3.282048085056113e-08,1.1065809325636131e-221,1.579384485510199e-221,3.463815696515351e-218,87.06273177522166,-30.814822050473953,117.87755382569561,87.06273177522166,6.035799044446773e-219,1.6269000119802622e-221,5.222630175781648e-217,3367.736828657449,1.2826196377740284e-218,870.6273177522166,2.407812017730788e-219,3.552713678800501e-15,5.204170427930421e-17,,,220,24
direct,300,1.5,10.0,1.5000000000000002,1.5000000000000002,distance,0.5,3.5,2.0611536224385585e-19,4.539992976248486e-10,1.0475768654282459e-10,1.0,1.0,4,0.00437963905756344,7.016955363381924e-12,7.12559755772791e+24,1.5238858849240176e-07,0.9999997755254568,-0.24114184422285714,3.604297733616342e-08,0.0,1.2549163543144677e-221,1.9739442958714638e-221,0.006569458586345162,0.0006485660720366255,0.005920892514308536,0.006569458586345162,1.3159628639143091e-221,0.0,-1.8911295234241434e-224,0.25411800404672263,0.0,0.043796390575634406,0.0,3.552713678800501e-15,5.204170427930421e-17,,,220,24
trap,300,1.5,10.0,1.5000000000000002,1.5000000000000002,distance,0.5,3.5,2.0000000000000003e-10,1e-05,1.0475768654282459e-10,1.0,1.0,8,20008.878973677627,3.2057758364160194e-05,1.5596848485793943e+18,0.6886626357605806,0.003867547644928802,-0.24114184422285714,0.00010637330439177633,2.2131618651272261e-221,4.9738050086924296e-222,9.967197175449204e-221,30013.318460516442,2864.5515729966446,27148.7668875198,30013.318460516442,2.416290224351322e-221,0.0,4.992118561074228e-217,1160966.9932097462,1.9989098996446513e-221,200088.78973677626,2.899548269221587e-221,3.552713678800501e-15,5.204170427930421e-17,,,220,24
direct,300,1.5,10.0,1.5000000000000002,1.5000000000000002,distance,1.0,3.5,4.539992976248485e-15,6.737946999085467e-08,1.0475768654282459e-10,1.0,1.0,4,95.9933858306687,1.5379835979644405e-07,3.2510099630565786e+20,0.00334006898264359,0.9950804711280902,-0.24114184422285714,0.0007897299446331409,0.0,2.414515252292659e-221,2.951085809557714e-221,143.99007874600306,14.215338837609503,129.77473990839357,143.99007874600306,1.9673905397051427e-221,1.9673905397051427e-221,2.6557942381526714e-220,5569.784927104834,1.6275513539933308e-221,959.933858306687,0.0,3.552713678800501e-15,5.204170427930421e-17,,,220,24
trap,300,1.5,10.0,1.5000000000000002,1.5000000000000002,distance,1.0,3.5,2.0000000000000003e-10,1e-05,1.0475768654282459e-10,1.0,1.0,8,20008.878973677627,3.2057758364160194e-05,1.5596848485793943e+18,0.6886626357605806,0.003867547644928802,-0.24114184422285714,0.00010637330439177633,2.2131618651272261e-221,4.9738050086924296e-222,9.967197175449204e-221,30013.318460516442,2864.5515729966446,27148.7668875198,30013.318460516442,2.416290224351322e-221,0.0,4.992118561074228e-217,1160966.9932097462,1.9989098996446513e-221,200088.78973677626,2.899548269221587e-221,3.552713678800501e-15,5.204170427930421e-17,,,220,24
direct,300,1.5,10.0,1.5000000000000002,1.5000000000000002,distance,2.0,3.5,6.73794699908547e-13,8.208499862389881e-07,1.0475768654282459e-10,1.0,1.0,4,8257.763130036026,1.3230395136050424e-05,3.779176622152356e+18,0.28732707215166514,0.5768010099071149,-0.24114184422285714,0.06793595897060996,0.0,3.3500099330222376e-222,2.1955366984525191e-221,12386.64469505404,1222.8644704881037,11163.780224565937,12386.64469505404,2.9273822646033587e-221,1.4636911323016793e-221,3.3994166248354193e-218,479136.80942986585,2.4217179417388684e-221,82577.63130036026,0.0,3.552713678800501e-15,5.204170427930421e-17,,,220,24
trap,300,1.5,10.0,1.5000000000000002,1.5000000000000002,distance,2.0,3.5,2.0000000000000003e-10,1e-05,1.0475768654282459e-10,1.0,1.0,8,20008.878973677627,3.2057758364160194e-05,1.5596848485793943e+18,0.6886626357605806,0.003867547644928802,-0.24114184422285714,0.00010637330439177633,2.2131618651272261e-221,4.9738050086924296e-222,9.967197175449204e-221,30013.318460516442,2864.5515729966446,27148.7668875198,30013.318460516442,2.416290224351322e-221,0.0,4.992118561074228e-217,1160966.9932097462,1.9989098996446513e-221,200088.78973677626,2.899548269221587e-221,3.552713678800501e-15,5.204170427930421e-17,,,220,24
direct,300,2.0,10.0,2.0,2.0,distance,0.5,3.5,2.0611536224385585e-19,4.539992976248486e-10,1.0475768654282459e-10,1.0,1.0,4,7.22421092280437e-05,1.157446193960474e-13,4.3198552348177205e+26,2.513648478855061e-09,0.9999999962736195,-0.7411418442228571,6.063660296431988e-10,0.0,1.11722067078377e-221,9.349165029095291e-222,0.0001444842184560874,4.681914648914082e-05,9.766507196694657e-05,0.0001444842184560874,0.0,0.0,0.0,0.005588899104505672,0.0,0.000722421092280437,0.0,3.552713678800501e-15,5.204170427930421e-17,,,220,24
trap,300,2.0,10.0,2.0,2.0,distance,0.5,3.5,2.0000000000000003e-10,1e-05,1.0475768654282459e-10,1.0,1.0,8,20822.79888540187,3.336180182867212e-05,1.4987200108906744e+18,0.722130460703884,0.019478273347902142,-0.7411418442228571,4.845572529432528e-05,1.1065809325636131e-221,1.0780350407645643e-221,3.4827636954862386e-221,41645.59777080374,13395.955322741069,28249.642448062674,41645.59777080374,3.4827636954862386e-221,0.0,-1.5377048638903967e-217,1610923.6467136256,2.881165001981242e-221,208227.9888540187,0.0,3.552713678800501e-15,5.204170427930421e-17,,,220,24
direct,300,2.0,10.0,2.0,2.0,distance,1.0,3.5,4.539992976248485e-15,6.737946999085467e-08,1.0475768654282459e-10,1.0,1.0,4,1.5911086007907818,2.5492370223434243e-09,1.9613711695602457e+22,5.536227771873053e-05,0.9999184578509795,-0.7411418442228571,1.3089935650837732e-05,0.0,3.3112360308778986e-222,6.954779403578372e-222,3.1822172015815635,1.0311762413442587,2.151040960237305,3.1822172015815635,0.0,1.3909558807156744e-221,-2.2131618651272261e-221,123.09365727487469,0.0,15.911086007907818,0.0,7.105427357601002e-15,5.204170427930421e-17,,,220,24
trap,300,2.0,10.0,2.0,2.0,distance,1.0,3.5,2.0000000000000003e-10,1e-05,1.0475768654282459e-10,1.0,1.0,8,20822.79888540187,3.336180182867212e-05,1.4987200108906744e+18,0.722130460703884,0.019478273347902142,-0.7411418442228571,4.845572529432528e-05,1.1065809325636131e-221,1.0780350407645643e-221,3.4827636954862386e-221,41645.59777080374,13395.955322741069,28249.642448062674,41645.59777080374,3.4827636954862386e-221,0.0,-1.5377048638903967e-217,1610923.6467136256,2.881165001981242e-221,208227.9888540187,0.0,3.552713678800501e-15,5.204170427930421e-17,,,220,24
direct,300,2.0,10.0,2.0,2.0,distance,2.0,3.5,6.73794699908547e-13,8.208499862389881e-07,1.0475768654282459e-10,1.0,1.0,4,233.3366580979574,3.7384654146019425e-07,1.3374471729685322e+20,0.008118898270777566,0.9880418175361931,-0.7411418442228571,0.0019196420965146488,0.0,6.326795725608902e-222,0.0,466.6733161959148,151.2223728447563,315.4509433511585,466.6733161959148,1.2140600668813846e-221,0.0,7.082117968407124e-220,18051.729848798255,0.0,2333.3665809795743,0.0,7.105427357601002e-15,5.204170427930421e-17,,,220,24
trap,300,2.0,10.0,2.0,2.0,distance,2.0,3.5,2.0000000000000003e-10,1e-05,1.0475768654282459e-10,1.0,1.0,8,20822.79888540187,3.336180182867212e-05,1.4987200108906744e+18,0.722130460703884,0.019478273347902142,-0.7411418442228571,4.845572529432528e-05,1.1065809325636131e-221,1.0780350407645643e-221,3.4827636954862386e-221,41645.59777080374,13395.955322741069,28249.642448062674,41645.59777080374,3.4827636954862386e-221,0.0,-1.5377048638903967e-217,1610923.6467136256,2.881165001981242e-221,208227.9888540187,0.0,3.552713678800501e-15,5.204170427930421e-17,,,220,24
