test,T_K,topology,relative_rate_error,baseline_rate_s,control_rate_s
gauge_shift_0.371eV,80,direct,0.0,187.15328498770947,187.15328498770947
remove_right_extraction_reservoir,80,direct,4.872329071784405e-236,187.15328498770947,-9.118723913255687e-234
order_48_dps_220,80,direct,1.1102230246251565e-15,187.15328498770947,187.15328498770967
order_24_dps_320,80,direct,0.0,187.15328498770947,187.15328498770947
gauge_shift_0.371eV,80,trap,0.0,188.63839667478115,188.63839667478115
remove_right_extraction_reservoir,80,trap,8.213328163675852e-225,188.63839667478115,-1.5493490561596372e-222
order_48_dps_220,80,trap,1.1102230246251565e-15,188.63839667478115,188.63839667478135
order_24_dps_320,80,trap,0.0,188.63839667478115,188.63839667478115
gauge_shift_0.371eV,300,direct,0.0,19422.367961062086,19422.367961062086
remove_right_extraction_reservoir,300,direct,4.59786481016809e-227,19422.367961062086,-8.930142217830352e-223
order_48_dps_220,300,direct,6.661338147750939e-16,19422.367961062086,19422.3679610621
order_24_dps_320,300,direct,0.0,19422.367961062086,19422.367961062086
gauge_shift_0.371eV,300,trap,0.0,20008.878973677627,20008.878973677627
remove_right_extraction_reservoir,300,trap,1.5021357824270746e-223,20008.878973677627,-3.0056053072613885e-219
order_48_dps_220,300,trap,6.661338147750939e-16,20008.878973677627,20008.87897367764
order_24_dps_320,300,trap,0.0,20008.878973677627,20008.878973677627
