Nt_cm3,light,U,ratio_N81,ratio_N161,ratio_absolute_mesh_change
100000000000000.0,0,5,1.0009213471431986,1.00091679758477,-4.549558428657008e-06
100000000000000.0,0,10,1.0003114695351734,1.0003051671335705,-6.30240160282014e-06
100000000000000.0,0,15,1.0002272578998452,1.0002226584398233,-4.59946002195899e-06
100000000000000.0,0,20,1.0002319388985488,1.0002251553705868,-6.783527962017644e-06
100000000000000.0,0,23.5,1.0004279503415097,1.0004101624157657,-1.77879257439173e-05
100000000000000.0,0,25,1.0001194897448404,1.00011903190321,-4.57841630385758e-07
100000000000000.0,0,30,1.0000922812048678,1.0000923291643207,4.795945285351877e-08
1000000000000000.0,0,5,1.0,1.0,0.0
1000000000000000.0,0,10,1.0,1.0,0.0
1000000000000000.0,0,15,1.0,1.0,0.0
1000000000000000.0,0,20,1.0,1.0,0.0
1000000000000000.0,0,23.5,1.0,1.0,0.0
1000000000000000.0,0,25,1.0,1.0,0.0
1000000000000000.0,0,30,1.0,1.0,0.0
1e+16,0,5,0.990814173294878,0.990859743040759,4.5569745880991164e-05
1e+16,0,10,0.9968892129476703,0.99695264972682,6.34367791496615e-05
1e+16,0,15,0.9977288069507432,0.9977749335197632,4.612656902003298e-05
1e+16,0,20,0.997686162805562,0.9977539054259564,6.774262039443979e-05
1e+16,0,23.5,0.9957979728724128,0.995974780403234,0.00017680753082116585
1e+16,0,25,0.9987884577389842,0.9987927908775657,4.333138581502638e-06
1e+16,0,30,0.9990783784824658,0.999077905218568,-4.7326389784885237e-07
100000000000000.0,1,5,1.0000415057223146,1.0000359783527617,-5.527369552948969e-06
100000000000000.0,1,10,1.0003139655769382,1.0003071703144233,-6.795262514902589e-06
100000000000000.0,1,15,1.0002273204200702,1.0002227126105603,-4.607809509948879e-06
100000000000000.0,1,20,1.000231935588859,1.0002251517066303,-6.783882228633686e-06
100000000000000.0,1,23.5,1.0004279278215658,1.000410139640478,-1.7788181087663446e-05
100000000000000.0,1,25,1.0001194942774043,1.000119036512356,-4.5776504831174236e-07
100000000000000.0,1,30,1.0000922811614585,1.0000923291189878,4.7957529281106304e-08
1000000000000000.0,1,5,1.0,1.0,0.0
1000000000000000.0,1,10,1.0,1.0,0.0
1000000000000000.0,1,15,1.0,1.0,0.0
1000000000000000.0,1,20,1.0,1.0,0.0
1000000000000000.0,1,23.5,1.0,1.0,0.0
1000000000000000.0,1,25,1.0,1.0,0.0
1000000000000000.0,1,30,1.0,1.0,0.0
1e+16,1,5,0.9995054127117089,0.9995608046419232,5.5391930214310214e-05
1e+16,1,10,0.996864289644282,0.9969326013863964,6.831174211441304e-05
1e+16,1,15,0.9977281851394718,0.9977743947345794,4.620959510759359e-05
1e+16,1,20,0.9976861963147976,0.997753942476756,6.77461619583708e-05
1e+16,1,23.5,0.9957981932377955,0.9959750033832466,0.00017681014545112284
1e+16,1,25,0.9987884108616197,0.9987927434093298,4.332547710039769e-06
1e+16,1,30,0.9990783789102216,0.9990779056654487,-4.7324477281396327e-07
