U,V,Nt_cm3,light,frozen_pair_Acm2,frozen_pair_per_Nt,frozen_fmean
-0.0,0.0,100000000000000.0,0,0.0,0.0,0.5
0.25,-0.25,100000000000000.0,0,8.524727097811419e-12,8.524727097811419e-26,0.5000000000000001
0.5,-0.5,100000000000000.0,0,2.1208400526940385e-11,2.1208400526940386e-25,0.4999999999999999
0.75,-0.75,100000000000000.0,0,4.293697418104073e-11,4.293697418104073e-25,0.5000000000000002
1.0,-1.0,100000000000000.0,0,8.02669447172174e-11,8.02669447172174e-25,0.4999999999999999
1.25,-1.25,100000000000000.0,0,1.440447896708287e-10,1.4404478967082872e-24,0.5
1.5,-1.5,100000000000000.0,0,2.522529637013653e-10,2.522529637013653e-24,0.4999999999999999
1.75,-1.75,100000000000000.0,0,4.3466700201074546e-10,4.346670020107454e-24,0.4999999999999999
2.0,-2.0,100000000000000.0,0,7.404925991395143e-10,7.404925991395143e-24,0.49999999999999983
2.25,-2.25,100000000000000.0,0,1.250891335044916e-09,1.2508913350449159e-23,0.5
2.5,-2.5,100000000000000.0,0,2.099506637387331e-09,2.0995066373873308e-23,0.5000000000000002
2.75,-2.75,100000000000000.0,0,3.506066960130275e-09,3.506066960130275e-23,0.5000000000000002
3.0,-3.0,100000000000000.0,0,5.831212439425286e-09,5.831212439425287e-23,0.5000000000000002
3.25,-3.25,100000000000000.0,0,9.666612652623069e-09,9.666612652623068e-23,0.5000000000000001
3.5,-3.5,100000000000000.0,0,1.5981835926492378e-08,1.5981835926492378e-22,0.5000000000000001
3.75,-3.75,100000000000000.0,0,2.6361039435494694e-08,2.6361039435494695e-22,0.5000000000000003
4.0,-4.0,100000000000000.0,0,4.340180492481638e-08,4.340180492481638e-22,0.5000000000000001
4.25,-4.25,100000000000000.0,0,7.133548887807882e-08,7.133548887807882e-22,0.4999999999999997
4.5,-4.5,100000000000000.0,0,1.1706018331636591e-07,1.170601833163659e-21,0.5
4.75,-4.75,100000000000000.0,0,1.9187628631092072e-07,1.9187628631092073e-21,0.5000000000000001
5.0,-5.0,100000000000000.0,0,3.13808275866792e-07,3.1380827586679203e-21,0.5000000000000002
5.25,-5.25,100000000000000.0,0,5.101053528093202e-07,5.101053528093202e-21,0.5000000000000001
5.5,-5.5,100000000000000.0,0,7.444828076629458e-07,7.444828076629458e-21,0.4999999999999999
5.75,-5.75,100000000000000.0,0,9.589549813899989e-07,9.589549813899988e-21,0.5
6.0,-6.0,100000000000000.0,0,1.2209719816443942e-06,1.2209719816443942e-20,0.4999999999999999
6.25,-6.25,100000000000000.0,0,1.5461094129068953e-06,1.5461094129068952e-20,0.5000000000000001
6.5,-6.5,100000000000000.0,0,1.950084477611322e-06,1.950084477611322e-20,0.5
6.75,-6.75,100000000000000.0,0,2.4500274478198326e-06,2.4500274478198327e-20,0.5000000000000002
7.0,-7.0,100000000000000.0,0,3.0646501916642296e-06,3.06465019166423e-20,0.5
7.25,-7.25,100000000000000.0,0,3.816846970510461e-06,3.8168469705104616e-20,0.5000000000000001
7.5,-7.5,100000000000000.0,0,4.736333256128597e-06,4.7363332561285967e-20,0.5
7.75,-7.75,100000000000000.0,0,5.860406071288261e-06,5.860406071288261e-20,0.5
8.0,-8.0,100000000000000.0,0,7.233001808425483e-06,7.233001808425483e-20,0.5
8.25,-8.25,100000000000000.0,0,8.9028260088289e-06,8.9028260088289e-20,0.5000000000000001
8.5,-8.5,100000000000000.0,0,1.0923016497437282e-05,1.0923016497437283e-19,0.5
8.75,-8.75,100000000000000.0,0,1.3354478520099213e-05,1.3354478520099213e-19,0.5
9.0,-9.0,100000000000000.0,0,1.627076048242666e-05,1.627076048242666e-19,0.5
9.25,-9.25,100000000000000.0,0,1.976127297109793e-05,1.976127297109793e-19,0.5000000000000001
9.5,-9.5,100000000000000.0,0,2.3932903310170252e-05,2.393290331017025e-19,0.4999999999999999
9.75,-9.75,100000000000000.0,0,2.8911589232631113e-05,2.8911589232631113e-19,0.5
10.0,-10.0,100000000000000.0,0,3.484463964630179e-05,3.4844639646301787e-19,0.5
10.25,-10.25,100000000000000.0,0,4.190385182274024e-05,4.1903851822740243e-19,0.5000000000000001
10.5,-10.5,100000000000000.0,0,5.0289312477258606e-05,5.02893124772586e-19,0.5
10.75,-10.75,100000000000000.0,0,6.0233834768333556e-05,6.023383476833356e-19,0.5000000000000001
11.0,-11.0,100000000000000.0,0,7.200805727775236e-05,7.200805727775236e-19,0.4999999999999999
11.25,-11.25,100000000000000.0,0,8.592627190726725e-05,8.592627190726725e-19,0.5
11.5,-11.5,100000000000000.0,0,0.00010235306974270415,1.0235306974270415e-18,0.5000000000000001
11.75,-11.75,100000000000000.0,0,0.00012171091309075622,1.2171091309075621e-18,0.5
12.0,-12.0,100000000000000.0,0,0.00014448876061513047,1.4448876061513046e-18,0.49999999999999983
12.25,-12.25,100000000000000.0,0,0.00017125188920905852,1.7125188920905852e-18,0.5
12.5,-12.5,100000000000000.0,0,0.00020265307250666442,2.0265307250666444e-18,0.5
12.75,-12.75,100000000000000.0,0,0.0002394452940496687,2.394452940496687e-18,0.49999999999999983
13.0,-13.0,100000000000000.0,0,0.00028249619392498233,2.8249619392498233e-18,0.5
13.25,-13.25,100000000000000.0,0,0.0003328044711694031,3.328044711694031e-18,0.5
13.5,-13.5,100000000000000.0,0,0.0003915184904623795,3.9151849046237955e-18,0.4999999999999999
13.75,-13.75,100000000000000.0,0,0.0004599573711484857,4.599573711484857e-18,0.5000000000000002
14.0,-14.0,100000000000000.0,0,0.0005396348705768504,5.396348705768504e-18,0.4999999999999999
14.25,-14.25,100000000000000.0,0,0.0006322864132442507,6.322864132442507e-18,0.5
14.5,-14.5,100000000000000.0,0,0.000739899661941485,7.39899661941485e-18,0.5
14.75,-14.75,100000000000000.0,0,0.000864749074480139,8.64749074480139e-18,0.5
15.0,-15.0,100000000000000.0,0,0.0010094349374994477,1.0094349374994477e-17,0.4999999999999999
15.25,-15.25,100000000000000.0,0,0.0011769274197388016,1.1769274197388016e-17,0.4999999999999999
15.5,-15.5,100000000000000.0,0,0.001370616246833677,1.3706162468336771e-17,0.5
15.75,-15.75,100000000000000.0,0,0.0015943666711788612,1.5943666711788613e-17,0.5
16.0,-16.0,100000000000000.0,0,0.0018525824917187523,1.8525824917187523e-17,0.5
16.25,-16.25,100000000000000.0,0,0.0021502769668554,2.1502769668554e-17,0.5
16.5,-16.5,100000000000000.0,0,0.002493152558877627,2.493152558877627e-17,0.49999999999999983
16.75,-16.75,100000000000000.0,0,0.0028876905523300147,2.887690552330015e-17,0.5
17.0,-17.0,100000000000000.0,0,0.003341251703641687,3.341251703641687e-17,0.4999999999999999
17.25,-17.25,100000000000000.0,0,0.003862189206607445,3.862189206607445e-17,0.5000000000000001
17.5,-17.5,100000000000000.0,0,0.0044599753990465915,4.4599753990465913e-17,0.49999999999999983
17.75,-17.75,100000000000000.0,0,0.0051453437911638065,5.1453437911638067e-17,0.5
18.0,-18.0,100000000000000.0,0,0.005930448166868855,5.930448166868855e-17,0.5
18.25,-18.25,100000000000000.0,0,0.00682904069669382,6.82904069669382e-17,0.5
18.5,-18.5,100000000000000.0,0,0.007856671206059814,7.856671206059814e-17,0.5
18.75,-18.75,100000000000000.0,0,0.009030909966416825,9.030909966416825e-17,0.5000000000000001
19.0,-19.0,100000000000000.0,0,0.010371596619786542,1.0371596619786541e-16,0.5
19.25,-19.25,100000000000000.0,0,0.011901118109411843,1.1901118109411842e-16,0.5
19.5,-19.5,100000000000000.0,0,0.01364471876935123,1.364471876935123e-16,0.5000000000000001
19.75,-19.75,100000000000000.0,0,0.015630846020776596,1.5630846020776597e-16,0.5000000000000001
20.0,-20.0,100000000000000.0,0,0.017891535425870065,1.7891535425870066e-16,0.5000000000000002
20.25,-20.25,100000000000000.0,0,0.02046283914909013,2.0462839149090129e-16,0.4999999999999999
20.5,-20.5,100000000000000.0,0,0.02338530214723099,2.338530214723099e-16,0.49999999999999983
20.75,-20.75,100000000000000.0,0,0.026704490612098182,2.670449061209818e-16,0.5
21.0,-21.0,100000000000000.0,0,0.030471577244899278,3.0471577244899277e-16,0.4999999999999999
21.25,-21.25,100000000000000.0,0,0.03474398770201563,3.474398770201563e-16,0.5
21.5,-21.5,100000000000000.0,0,0.03958611172933858,3.958611172933858e-16,0.5
21.75,-21.75,100000000000000.0,0,0.04507008051245473,4.507008051245473e-16,0.49999999999999983
22.0,-22.0,100000000000000.0,0,0.05127660737568187,5.127660737568187e-16,0.5000000000000001
22.25,-22.25,100000000000000.0,0,0.05829587940425279,5.829587940425279e-16,0.5
22.5,-22.5,100000000000000.0,0,0.06622846627340487,6.622846627340487e-16,0.5000000000000001
22.75,-22.75,100000000000000.0,0,0.07518616264524032,7.518616264524032e-16,0.4999999999999999
23.0,-23.0,100000000000000.0,0,0.08529255407236339,8.529255407236339e-16,0.5
23.25,-23.25,100000000000000.0,0,0.09668274065438154,9.668274065438154e-16,0.5000000000000002
23.5,-23.5,100000000000000.0,0,0.10950049901457302,1.0950049901457302e-15,0.5000000000000001
23.75,-23.75,100000000000000.0,0,0.1238866053110421,1.238866053110421e-15,0.5
24.0,-24.0,100000000000000.0,0,0.1399279544272265,1.399279544272265e-15,0.5
24.25,-24.25,100000000000000.0,0,0.15733367661622236,1.5733367661622235e-15,0.5000000000000001
24.5,-24.5,100000000000000.0,0,0.17201083064348718,1.7201083064348719e-15,0.4999999999999999
24.75,-24.75,100000000000000.0,0,0.17591100639680998,1.7591100639680998e-15,0.5000000000000001
25.0,-25.0,100000000000000.0,0,0.17671995340104774,1.7671995340104774e-15,0.5000000000000001
25.25,-25.25,100000000000000.0,0,0.17703531447474882,1.7703531447474883e-15,0.5000000000000001
25.5,-25.5,100000000000000.0,0,0.17720117121545761,1.7720117121545762e-15,0.5
25.75,-25.75,100000000000000.0,0,0.17730317177840837,1.7730317177840838e-15,0.5000000000000001
26.0,-26.0,100000000000000.0,0,0.177372182988197,1.77372182988197e-15,0.4999999999999999
26.25,-26.25,100000000000000.0,0,0.17742197168686064,1.7742197168686063e-15,0.5
26.5,-26.5,100000000000000.0,0,0.17745958952233992,1.7745958952233991e-15,0.5000000000000001
26.75,-26.75,100000000000000.0,0,0.1774890179120925,1.774890179120925e-15,0.5
27.0,-27.0,100000000000000.0,0,0.17751267350571673,1.7751267350571673e-15,0.5
27.25,-27.25,100000000000000.0,0,0.17753210759656005,1.7753210759656005e-15,0.5
27.5,-27.5,100000000000000.0,0,0.17754836141053199,1.7754836141053199e-15,0.49999999999999983
27.75,-27.75,100000000000000.0,0,0.17756215972643,1.7756215972643e-15,0.5
28.0,-28.0,100000000000000.0,0,0.17757402256247481,1.7757402256247482e-15,0.5
28.25,-28.25,100000000000000.0,0,0.17758433269778393,1.7758433269778392e-15,0.4999999999999999
28.5,-28.5,100000000000000.0,0,0.1775933781368818,1.775933781368818e-15,0.4999999999999999
28.75,-28.75,100000000000000.0,0,0.17760137973022813,1.7760137973022812e-15,0.4999999999999999
29.0,-29.0,100000000000000.0,0,0.17760850966950237,1.7760850966950236e-15,0.5
29.25,-29.25,100000000000000.0,0,0.1776149041904667,1.7761490419046668e-15,0.5000000000000001
29.5,-29.5,100000000000000.0,0,0.1776206724943998,1.776206724943998e-15,0.5
29.75,-29.75,100000000000000.0,0,0.1776259031390519,1.7762590313905192e-15,0.4999999999999999
30.0,-30.0,100000000000000.0,0,0.1776306686985579,1.776306686985579e-15,0.5
-0.0,0.0,1000000000000000.0,0,0.0,0.0,0.5
0.25,-0.25,1000000000000000.0,0,8.524727097811422e-11,8.524727097811422e-26,0.5000000000000001
0.5,-0.5,1000000000000000.0,0,2.1208400526940387e-10,2.1208400526940386e-25,0.4999999999999999
0.75,-0.75,1000000000000000.0,0,4.2936974181040737e-10,4.293697418104074e-25,0.5000000000000002
1.0,-1.0,1000000000000000.0,0,8.026694471721742e-10,8.026694471721742e-25,0.4999999999999999
1.25,-1.25,1000000000000000.0,0,1.4404478967082874e-09,1.4404478967082873e-24,0.5
1.5,-1.5,1000000000000000.0,0,2.5225296370136534e-09,2.5225296370136535e-24,0.4999999999999999
1.75,-1.75,1000000000000000.0,0,4.346670020107455e-09,4.346670020107455e-24,0.4999999999999999
2.0,-2.0,1000000000000000.0,0,7.404925991395144e-09,7.404925991395144e-24,0.49999999999999983
2.25,-2.25,1000000000000000.0,0,1.2508913350449162e-08,1.2508913350449162e-23,0.5
2.5,-2.5,1000000000000000.0,0,2.0995066373873313e-08,2.0995066373873314e-23,0.5000000000000002
2.75,-2.75,1000000000000000.0,0,3.5060669601302756e-08,3.5060669601302757e-23,0.5000000000000002
3.0,-3.0,1000000000000000.0,0,5.831212439425287e-08,5.831212439425287e-23,0.5000000000000002
3.25,-3.25,1000000000000000.0,0,9.66661265262307e-08,9.66661265262307e-23,0.5000000000000001
3.5,-3.5,1000000000000000.0,0,1.598183592649238e-07,1.598183592649238e-22,0.5000000000000001
3.75,-3.75,1000000000000000.0,0,2.63610394354947e-07,2.63610394354947e-22,0.5000000000000003
4.0,-4.0,1000000000000000.0,0,4.3401804924816385e-07,4.3401804924816385e-22,0.5000000000000001
4.25,-4.25,1000000000000000.0,0,7.133548887807883e-07,7.133548887807883e-22,0.4999999999999997
4.5,-4.5,1000000000000000.0,0,1.1706018331636593e-06,1.1706018331636592e-21,0.5
4.75,-4.75,1000000000000000.0,0,1.9187628631092073e-06,1.9187628631092073e-21,0.5000000000000001
5.0,-5.0,1000000000000000.0,0,3.1380827586679206e-06,3.1380827586679206e-21,0.5000000000000002
5.25,-5.25,1000000000000000.0,0,5.101053528093203e-06,5.1010535280932035e-21,0.5000000000000001
5.5,-5.5,1000000000000000.0,0,7.44482807662946e-06,7.44482807662946e-21,0.4999999999999999
5.75,-5.75,1000000000000000.0,0,9.58954981389999e-06,9.589549813899991e-21,0.5
6.0,-6.0,1000000000000000.0,0,1.2209719816443944e-05,1.2209719816443945e-20,0.4999999999999999
6.25,-6.25,1000000000000000.0,0,1.5461094129068956e-05,1.5461094129068958e-20,0.5000000000000001
6.5,-6.5,1000000000000000.0,0,1.9500844776113225e-05,1.9500844776113225e-20,0.5
6.75,-6.75,1000000000000000.0,0,2.450027447819833e-05,2.450027447819833e-20,0.5000000000000002
7.0,-7.0,1000000000000000.0,0,3.0646501916642306e-05,3.0646501916642303e-20,0.5
7.25,-7.25,1000000000000000.0,0,3.816846970510462e-05,3.816846970510462e-20,0.5000000000000001
7.5,-7.5,1000000000000000.0,0,4.736333256128598e-05,4.736333256128598e-20,0.5
7.75,-7.75,1000000000000000.0,0,5.860406071288262e-05,5.860406071288262e-20,0.5
8.0,-8.0,1000000000000000.0,0,7.233001808425484e-05,7.233001808425484e-20,0.5
8.25,-8.25,1000000000000000.0,0,8.902826008828903e-05,8.902826008828903e-20,0.5000000000000001
8.5,-8.5,1000000000000000.0,0,0.00010923016497437284,1.0923016497437283e-19,0.5
8.75,-8.75,1000000000000000.0,0,0.00013354478520099215,1.3354478520099215e-19,0.5
9.0,-9.0,1000000000000000.0,0,0.00016270760482426665,1.6270760482426665e-19,0.5
9.25,-9.25,1000000000000000.0,0,0.00019761272971097934,1.9761272971097934e-19,0.5000000000000001
9.5,-9.5,1000000000000000.0,0,0.00023932903310170257,2.3932903310170256e-19,0.4999999999999999
9.75,-9.75,1000000000000000.0,0,0.0002891158923263112,2.8911589232631122e-19,0.5
10.0,-10.0,1000000000000000.0,0,0.00034844639646301794,3.484463964630179e-19,0.5
10.25,-10.25,1000000000000000.0,0,0.00041903851822740255,4.1903851822740258e-19,0.5000000000000001
10.5,-10.5,1000000000000000.0,0,0.0005028931247725862,5.028931247725862e-19,0.5
10.75,-10.75,1000000000000000.0,0,0.0006023383476833357,6.023383476833357e-19,0.5000000000000001
11.0,-11.0,1000000000000000.0,0,0.0007200805727775238,7.200805727775238e-19,0.4999999999999999
11.25,-11.25,1000000000000000.0,0,0.0008592627190726727,8.592627190726727e-19,0.5
11.5,-11.5,1000000000000000.0,0,0.0010235306974270418,1.0235306974270417e-18,0.5000000000000001
11.75,-11.75,1000000000000000.0,0,0.0012171091309075624,1.2171091309075625e-18,0.5
12.0,-12.0,1000000000000000.0,0,0.001444887606151305,1.4448876061513051e-18,0.49999999999999983
12.25,-12.25,1000000000000000.0,0,0.0017125188920905855,1.7125188920905856e-18,0.5
12.5,-12.5,1000000000000000.0,0,0.0020265307250666447,2.0265307250666448e-18,0.5
12.75,-12.75,1000000000000000.0,0,0.0023944529404966875,2.3944529404966877e-18,0.49999999999999983
13.0,-13.0,1000000000000000.0,0,0.002824961939249824,2.824961939249824e-18,0.5
13.25,-13.25,1000000000000000.0,0,0.003328044711694032,3.328044711694032e-18,0.5
13.5,-13.5,1000000000000000.0,0,0.0039151849046237955,3.9151849046237955e-18,0.4999999999999999
13.75,-13.75,1000000000000000.0,0,0.004599573711484858,4.5995737114848584e-18,0.5000000000000002
14.0,-14.0,1000000000000000.0,0,0.005396348705768506,5.396348705768506e-18,0.4999999999999999
14.25,-14.25,1000000000000000.0,0,0.0063228641324425084,6.322864132442509e-18,0.5
14.5,-14.5,1000000000000000.0,0,0.007398996619414852,7.398996619414852e-18,0.5
14.75,-14.75,1000000000000000.0,0,0.008647490744801391,8.647490744801392e-18,0.5
15.0,-15.0,1000000000000000.0,0,0.010094349374994479,1.0094349374994479e-17,0.4999999999999999
15.25,-15.25,1000000000000000.0,0,0.011769274197388019,1.1769274197388019e-17,0.4999999999999999
15.5,-15.5,1000000000000000.0,0,0.013706162468336773,1.3706162468336773e-17,0.5
15.75,-15.75,1000000000000000.0,0,0.015943666711788616,1.5943666711788616e-17,0.5
16.0,-16.0,1000000000000000.0,0,0.018525824917187527,1.8525824917187526e-17,0.5
16.25,-16.25,1000000000000000.0,0,0.021502769668554002,2.1502769668554003e-17,0.5
16.5,-16.5,1000000000000000.0,0,0.024931525588776277,2.4931525588776276e-17,0.49999999999999983
16.75,-16.75,1000000000000000.0,0,0.028876905523300155,2.8876905523300154e-17,0.5
17.0,-17.0,1000000000000000.0,0,0.03341251703641688,3.341251703641688e-17,0.4999999999999999
17.25,-17.25,1000000000000000.0,0,0.038621892066074456,3.8621892066074453e-17,0.5000000000000001
17.5,-17.5,1000000000000000.0,0,0.044599753990465923,4.4599753990465926e-17,0.49999999999999983
17.75,-17.75,1000000000000000.0,0,0.051453437911638075,5.145343791163807e-17,0.5
18.0,-18.0,1000000000000000.0,0,0.05930448166868856,5.930448166868856e-17,0.5
18.25,-18.25,1000000000000000.0,0,0.06829040696693821,6.829040696693821e-17,0.5
18.5,-18.5,1000000000000000.0,0,0.07856671206059816,7.856671206059817e-17,0.5
18.75,-18.75,1000000000000000.0,0,0.09030909966416827,9.030909966416826e-17,0.5000000000000001
19.0,-19.0,1000000000000000.0,0,0.10371596619786544,1.0371596619786544e-16,0.5
19.25,-19.25,1000000000000000.0,0,0.11901118109411846,1.1901118109411847e-16,0.5
19.5,-19.5,1000000000000000.0,0,0.13644718769351233,1.3644718769351233e-16,0.5000000000000001
19.75,-19.75,1000000000000000.0,0,0.15630846020776598,1.5630846020776597e-16,0.5000000000000001
20.0,-20.0,1000000000000000.0,0,0.17891535425870067,1.7891535425870068e-16,0.5000000000000002
20.25,-20.25,1000000000000000.0,0,0.2046283914909013,2.046283914909013e-16,0.4999999999999999
20.5,-20.5,1000000000000000.0,0,0.23385302147230996,2.3385302147230997e-16,0.49999999999999983
20.75,-20.75,1000000000000000.0,0,0.2670449061209819,2.670449061209819e-16,0.5
21.0,-21.0,1000000000000000.0,0,0.30471577244899284,3.047157724489928e-16,0.4999999999999999
21.25,-21.25,1000000000000000.0,0,0.3474398770201564,3.474398770201564e-16,0.5
21.5,-21.5,1000000000000000.0,0,0.3958611172933859,3.958611172933859e-16,0.5
21.75,-21.75,1000000000000000.0,0,0.4507008051245474,4.507008051245474e-16,0.49999999999999983
22.0,-22.0,1000000000000000.0,0,0.5127660737568188,5.127660737568188e-16,0.5000000000000001
22.25,-22.25,1000000000000000.0,0,0.582958794042528,5.82958794042528e-16,0.5
22.5,-22.5,1000000000000000.0,0,0.6622846627340488,6.622846627340489e-16,0.5000000000000001
22.75,-22.75,1000000000000000.0,0,0.7518616264524034,7.518616264524034e-16,0.4999999999999999
23.0,-23.0,1000000000000000.0,0,0.852925540723634,8.52925540723634e-16,0.5
23.25,-23.25,1000000000000000.0,0,0.9668274065438156,9.668274065438156e-16,0.5000000000000002
23.5,-23.5,1000000000000000.0,0,1.0950049901457304,1.0950049901457304e-15,0.5000000000000001
23.75,-23.75,1000000000000000.0,0,1.2388660531104214,1.2388660531104214e-15,0.5
24.0,-24.0,1000000000000000.0,0,1.3992795442722652,1.3992795442722652e-15,0.5
24.25,-24.25,1000000000000000.0,0,1.573336766162224,1.5733367661622239e-15,0.5000000000000001
24.5,-24.5,1000000000000000.0,0,1.7201083064348721,1.720108306434872e-15,0.4999999999999999
24.75,-24.75,1000000000000000.0,0,1.7591100639681,1.7591100639681e-15,0.5000000000000001
25.0,-25.0,1000000000000000.0,0,1.7671995340104778,1.7671995340104778e-15,0.5000000000000001
25.25,-25.25,1000000000000000.0,0,1.7703531447474885,1.7703531447474885e-15,0.5000000000000001
25.5,-25.5,1000000000000000.0,0,1.7720117121545764,1.7720117121545764e-15,0.5
25.75,-25.75,1000000000000000.0,0,1.7730317177840842,1.7730317177840842e-15,0.5000000000000001
26.0,-26.0,1000000000000000.0,0,1.7737218298819706,1.7737218298819707e-15,0.4999999999999999
26.25,-26.25,1000000000000000.0,0,1.7742197168686067,1.7742197168686067e-15,0.5
26.5,-26.5,1000000000000000.0,0,1.7745958952233996,1.7745958952233995e-15,0.5000000000000001
26.75,-26.75,1000000000000000.0,0,1.7748901791209255,1.7748901791209255e-15,0.5
27.0,-27.0,1000000000000000.0,0,1.7751267350571676,1.7751267350571675e-15,0.5
27.25,-27.25,1000000000000000.0,0,1.7753210759656006,1.7753210759656007e-15,0.5
27.5,-27.5,1000000000000000.0,0,1.7754836141053203,1.7754836141053203e-15,0.49999999999999983
27.75,-27.75,1000000000000000.0,0,1.7756215972643004,1.7756215972643003e-15,0.5
28.0,-28.0,1000000000000000.0,0,1.7757402256247485,1.7757402256247485e-15,0.5
28.25,-28.25,1000000000000000.0,0,1.7758433269778395,1.7758433269778396e-15,0.4999999999999999
28.5,-28.5,1000000000000000.0,0,1.7759337813688183,1.7759337813688184e-15,0.4999999999999999
28.75,-28.75,1000000000000000.0,0,1.7760137973022816,1.7760137973022816e-15,0.4999999999999999
29.0,-29.0,1000000000000000.0,0,1.776085096695024,1.776085096695024e-15,0.5
29.25,-29.25,1000000000000000.0,0,1.776149041904667,1.776149041904667e-15,0.5000000000000001
29.5,-29.5,1000000000000000.0,0,1.7762067249439983,1.7762067249439983e-15,0.5
29.75,-29.75,1000000000000000.0,0,1.7762590313905195,1.7762590313905196e-15,0.4999999999999999
30.0,-30.0,1000000000000000.0,0,1.7763066869855795,1.7763066869855795e-15,0.5
-0.0,0.0,1e+16,0,0.0,0.0,0.5
0.25,-0.25,1e+16,0,8.524727097811421e-10,8.524727097811421e-26,0.5000000000000001
0.5,-0.5,1e+16,0,2.1208400526940386e-09,2.1208400526940386e-25,0.4999999999999999
0.75,-0.75,1e+16,0,4.293697418104073e-09,4.293697418104074e-25,0.5000000000000002
1.0,-1.0,1e+16,0,8.026694471721742e-09,8.026694471721742e-25,0.4999999999999999
1.25,-1.25,1e+16,0,1.4404478967082874e-08,1.4404478967082873e-24,0.5
1.5,-1.5,1e+16,0,2.5225296370136534e-08,2.5225296370136535e-24,0.4999999999999999
1.75,-1.75,1e+16,0,4.346670020107455e-08,4.346670020107455e-24,0.4999999999999999
2.0,-2.0,1e+16,0,7.404925991395144e-08,7.404925991395144e-24,0.49999999999999983
2.25,-2.25,1e+16,0,1.2508913350449163e-07,1.2508913350449162e-23,0.5
2.5,-2.5,1e+16,0,2.099506637387331e-07,2.099506637387331e-23,0.5000000000000002
2.75,-2.75,1e+16,0,3.5060669601302755e-07,3.5060669601302757e-23,0.5000000000000002
3.0,-3.0,1e+16,0,5.831212439425287e-07,5.831212439425287e-23,0.5000000000000002
3.25,-3.25,1e+16,0,9.66661265262307e-07,9.666612652623071e-23,0.5000000000000001
3.5,-3.5,1e+16,0,1.598183592649238e-06,1.598183592649238e-22,0.5000000000000001
3.75,-3.75,1e+16,0,2.63610394354947e-06,2.63610394354947e-22,0.5000000000000003
4.0,-4.0,1e+16,0,4.3401804924816385e-06,4.3401804924816385e-22,0.5000000000000001
4.25,-4.25,1e+16,0,7.133548887807883e-06,7.133548887807883e-22,0.4999999999999997
4.5,-4.5,1e+16,0,1.1706018331636593e-05,1.1706018331636592e-21,0.5
4.75,-4.75,1e+16,0,1.9187628631092074e-05,1.9187628631092073e-21,0.5000000000000001
5.0,-5.0,1e+16,0,3.138082758667921e-05,3.1380827586679206e-21,0.5000000000000002
5.25,-5.25,1e+16,0,5.1010535280932034e-05,5.1010535280932035e-21,0.5000000000000001
5.5,-5.5,1e+16,0,7.44482807662946e-05,7.44482807662946e-21,0.4999999999999999
5.75,-5.75,1e+16,0,9.58954981389999e-05,9.58954981389999e-21,0.5
6.0,-6.0,1e+16,0,0.00012209719816443944,1.2209719816443944e-20,0.4999999999999999
6.25,-6.25,1e+16,0,0.00015461094129068956,1.5461094129068955e-20,0.5000000000000001
6.5,-6.5,1e+16,0,0.00019500844776113225,1.9500844776113225e-20,0.5
6.75,-6.75,1e+16,0,0.0002450027447819833,2.450027447819833e-20,0.5000000000000002
7.0,-7.0,1e+16,0,0.000306465019166423,3.0646501916642303e-20,0.5
7.25,-7.25,1e+16,0,0.0003816846970510462,3.816846970510462e-20,0.5000000000000001
7.5,-7.5,1e+16,0,0.00047363332561285975,4.736333256128597e-20,0.5
7.75,-7.75,1e+16,0,0.0005860406071288262,5.860406071288262e-20,0.5
8.0,-8.0,1e+16,0,0.0007233001808425485,7.233001808425484e-20,0.5
8.25,-8.25,1e+16,0,0.0008902826008828903,8.902826008828903e-20,0.5000000000000001
8.5,-8.5,1e+16,0,0.0010923016497437284,1.0923016497437283e-19,0.5
8.75,-8.75,1e+16,0,0.0013354478520099216,1.3354478520099217e-19,0.5
9.0,-9.0,1e+16,0,0.0016270760482426665,1.6270760482426665e-19,0.5
9.25,-9.25,1e+16,0,0.001976127297109793,1.976127297109793e-19,0.5000000000000001
9.5,-9.5,1e+16,0,0.0023932903310170256,2.3932903310170256e-19,0.4999999999999999
9.75,-9.75,1e+16,0,0.002891158923263112,2.891158923263112e-19,0.5
10.0,-10.0,1e+16,0,0.0034844639646301797,3.4844639646301796e-19,0.5
10.25,-10.25,1e+16,0,0.004190385182274025,4.1903851822740253e-19,0.5000000000000001
10.5,-10.5,1e+16,0,0.005028931247725862,5.028931247725862e-19,0.5
10.75,-10.75,1e+16,0,0.006023383476833357,6.023383476833357e-19,0.5000000000000001
11.0,-11.0,1e+16,0,0.007200805727775238,7.200805727775238e-19,0.4999999999999999
11.25,-11.25,1e+16,0,0.008592627190726726,8.592627190726726e-19,0.5
11.5,-11.5,1e+16,0,0.010235306974270417,1.0235306974270417e-18,0.5000000000000001
11.75,-11.75,1e+16,0,0.012171091309075623,1.2171091309075623e-18,0.5
12.0,-12.0,1e+16,0,0.014448876061513051,1.4448876061513051e-18,0.49999999999999983
12.25,-12.25,1e+16,0,0.017125188920905855,1.7125188920905854e-18,0.5
12.5,-12.5,1e+16,0,0.020265307250666446,2.0265307250666448e-18,0.5
12.75,-12.75,1e+16,0,0.02394452940496687,2.3944529404966873e-18,0.49999999999999983
13.0,-13.0,1e+16,0,0.02824961939249824,2.824961939249824e-18,0.5
13.25,-13.25,1e+16,0,0.033280447116940316,3.3280447116940315e-18,0.5
13.5,-13.5,1e+16,0,0.03915184904623796,3.915184904623796e-18,0.4999999999999999
13.75,-13.75,1e+16,0,0.04599573711484858,4.599573711484858e-18,0.5000000000000002
14.0,-14.0,1e+16,0,0.053963487057685056,5.396348705768506e-18,0.4999999999999999
14.25,-14.25,1e+16,0,0.06322864132442507,6.322864132442507e-18,0.5
14.5,-14.5,1e+16,0,0.07398996619414852,7.398996619414852e-18,0.5
14.75,-14.75,1e+16,0,0.08647490744801392,8.647490744801392e-18,0.5
15.0,-15.0,1e+16,0,0.10094349374994478,1.0094349374994479e-17,0.4999999999999999
15.25,-15.25,1e+16,0,0.11769274197388017,1.1769274197388017e-17,0.4999999999999999
15.5,-15.5,1e+16,0,0.13706162468336774,1.3706162468336774e-17,0.5
15.75,-15.75,1e+16,0,0.15943666711788615,1.5943666711788616e-17,0.5
16.0,-16.0,1e+16,0,0.18525824917187528,1.852582491718753e-17,0.5
16.25,-16.25,1e+16,0,0.21502769668554,2.1502769668554e-17,0.5
16.5,-16.5,1e+16,0,0.24931525588776277,2.4931525588776276e-17,0.49999999999999983
16.75,-16.75,1e+16,0,0.2887690552330015,2.887690552330015e-17,0.5
17.0,-17.0,1e+16,0,0.3341251703641688,3.341251703641688e-17,0.4999999999999999
17.25,-17.25,1e+16,0,0.38621892066074454,3.8621892066074453e-17,0.5000000000000001
17.5,-17.5,1e+16,0,0.4459975399046592,4.459975399046592e-17,0.49999999999999983
17.75,-17.75,1e+16,0,0.5145343791163807,5.1453437911638067e-17,0.5
18.0,-18.0,1e+16,0,0.5930448166868856,5.930448166868856e-17,0.5
18.25,-18.25,1e+16,0,0.6829040696693821,6.829040696693821e-17,0.5
18.5,-18.5,1e+16,0,0.7856671206059815,7.856671206059815e-17,0.5
18.75,-18.75,1e+16,0,0.9030909966416826,9.030909966416825e-17,0.5000000000000001
19.0,-19.0,1e+16,0,1.0371596619786543,1.0371596619786543e-16,0.5
19.25,-19.25,1e+16,0,1.1901118109411846,1.1901118109411847e-16,0.5
19.5,-19.5,1e+16,0,1.3644718769351232,1.364471876935123e-16,0.5000000000000001
19.75,-19.75,1e+16,0,1.5630846020776599,1.56308460207766e-16,0.5000000000000001
20.0,-20.0,1e+16,0,1.7891535425870069,1.7891535425870068e-16,0.5000000000000002
20.25,-20.25,1e+16,0,2.0462839149090133,2.0462839149090134e-16,0.4999999999999999
20.5,-20.5,1e+16,0,2.3385302147230997,2.3385302147230997e-16,0.49999999999999983
20.75,-20.75,1e+16,0,2.6704490612098186,2.6704490612098185e-16,0.5
21.0,-21.0,1e+16,0,3.0471577244899284,3.047157724489928e-16,0.4999999999999999
21.25,-21.25,1e+16,0,3.4743987702015637,3.474398770201564e-16,0.5
21.5,-21.5,1e+16,0,3.9586111729338587,3.9586111729338587e-16,0.5
21.75,-21.75,1e+16,0,4.5070080512454735,4.507008051245474e-16,0.49999999999999983
22.0,-22.0,1e+16,0,5.1276607375681875,5.127660737568188e-16,0.5000000000000001
22.25,-22.25,1e+16,0,5.829587940425281,5.829587940425281e-16,0.5
22.5,-22.5,1e+16,0,6.622846627340488,6.622846627340488e-16,0.5000000000000001
22.75,-22.75,1e+16,0,7.5186162645240335,7.518616264524033e-16,0.4999999999999999
23.0,-23.0,1e+16,0,8.52925540723634,8.52925540723634e-16,0.5
23.25,-23.25,1e+16,0,9.668274065438155,9.668274065438154e-16,0.5000000000000002
23.5,-23.5,1e+16,0,10.950049901457303,1.0950049901457304e-15,0.5000000000000001
23.75,-23.75,1e+16,0,12.388660531104213,1.2388660531104212e-15,0.5
24.0,-24.0,1e+16,0,13.99279544272265,1.399279544272265e-15,0.5
24.25,-24.25,1e+16,0,15.733367661622237,1.5733367661622237e-15,0.5000000000000001
24.5,-24.5,1e+16,0,17.201083064348722,1.7201083064348723e-15,0.4999999999999999
24.75,-24.75,1e+16,0,17.591100639681002,1.7591100639681002e-15,0.5000000000000001
25.0,-25.0,1e+16,0,17.671995340104775,1.7671995340104776e-15,0.5000000000000001
25.25,-25.25,1e+16,0,17.703531447474884,1.7703531447474883e-15,0.5000000000000001
25.5,-25.5,1e+16,0,17.720117121545762,1.7720117121545762e-15,0.5
25.75,-25.75,1e+16,0,17.730317177840842,1.7730317177840842e-15,0.5000000000000001
26.0,-26.0,1e+16,0,17.737218298819705,1.7737218298819705e-15,0.4999999999999999
26.25,-26.25,1e+16,0,17.742197168686065,1.7742197168686065e-15,0.5
26.5,-26.5,1e+16,0,17.745958952233995,1.7745958952233995e-15,0.5000000000000001
26.75,-26.75,1e+16,0,17.748901791209256,1.7748901791209257e-15,0.5
27.0,-27.0,1e+16,0,17.751267350571677,1.7751267350571677e-15,0.5
27.25,-27.25,1e+16,0,17.753210759656007,1.7753210759656007e-15,0.5
27.5,-27.5,1e+16,0,17.754836141053204,1.7754836141053205e-15,0.49999999999999983
27.75,-27.75,1e+16,0,17.756215972643002,1.7756215972643002e-15,0.5
28.0,-28.0,1e+16,0,17.757402256247484,1.7757402256247484e-15,0.5
28.25,-28.25,1e+16,0,17.758433269778397,1.7758433269778396e-15,0.4999999999999999
28.5,-28.5,1e+16,0,17.759337813688184,1.7759337813688184e-15,0.4999999999999999
28.75,-28.75,1e+16,0,17.760137973022815,1.7760137973022814e-15,0.4999999999999999
29.0,-29.0,1e+16,0,17.760850966950237,1.7760850966950236e-15,0.5
29.25,-29.25,1e+16,0,17.76149041904667,1.776149041904667e-15,0.5000000000000001
29.5,-29.5,1e+16,0,17.762067249439983,1.7762067249439983e-15,0.5
29.75,-29.75,1e+16,0,17.762590313905193,1.7762590313905194e-15,0.4999999999999999
30.0,-30.0,1e+16,0,17.763066869855795,1.7763066869855795e-15,0.5
-0.0,0.0,100000000000000.0,1,-8.320360469922107e-06,-8.320360469922107e-20,0.5000000000000001
0.25,-0.25,100000000000000.0,1,-6.702233809346694e-06,-6.702233809346694e-20,0.5000000000000002
0.5,-0.5,100000000000000.0,1,-5.62874920684194e-06,-5.62874920684194e-20,0.5000000000000007
0.75,-0.75,100000000000000.0,1,-4.860246938301597e-06,-4.860246938301597e-20,0.5000000000000012
1.0,-1.0,100000000000000.0,1,-4.280882605124251e-06,-4.2808826051242504e-20,0.49999999999999895
1.25,-1.25,100000000000000.0,1,-3.827428308211825e-06,-3.827428308211825e-20,0.5000000000000002
1.5,-1.5,100000000000000.0,1,-3.4622685735417374e-06,-3.4622685735417374e-20,0.5
1.75,-1.75,100000000000000.0,1,-3.1615319018042338e-06,-3.161531901804234e-20,0.49999999999999784
2.0,-2.0,100000000000000.0,1,-2.9092816403825346e-06,-2.9092816403825346e-20,0.4999999999999981
2.25,-2.25,100000000000000.0,1,-2.694423957903127e-06,-2.694423957903127e-20,0.5000000000000022
2.5,-2.5,100000000000000.0,1,-2.508949001358189e-06,-2.5089490013581892e-20,0.5000000000000044
2.75,-2.75,100000000000000.0,1,-2.3468626526162952e-06,-2.346862652616295e-20,0.5000000000000041
3.0,-3.0,100000000000000.0,1,-2.203491309832349e-06,-2.203491309832349e-20,0.5000000000000046
3.25,-3.25,100000000000000.0,1,-2.074994716198086e-06,-2.0749947161980862e-20,0.5000000000000047
3.5,-3.5,100000000000000.0,1,-1.9579734582617736e-06,-1.9579734582617736e-20,0.5000000000000051
3.75,-3.75,100000000000000.0,1,-1.8490820969860557e-06,-1.8490820969860558e-20,0.5000000000000049
4.0,-4.0,100000000000000.0,1,-1.7445670967361348e-06,-1.744567096736135e-20,0.5
4.25,-4.25,100000000000000.0,1,-1.6396214648406555e-06,-1.6396214648406555e-20,0.5000000000000002
4.5,-4.5,100000000000000.0,1,-1.5273736260468242e-06,-1.527373626046824e-20,0.5000000000000001
4.75,-4.75,100000000000000.0,1,-1.3971888400042338e-06,-1.3971888400042338e-20,0.500000000000005
5.0,-5.0,100000000000000.0,1,-1.2317496555082924e-06,-1.2317496555082923e-20,0.5000000000000038
5.25,-5.25,100000000000000.0,1,-1.0025675797561151e-06,-1.0025675797561152e-20,0.5000000000000049
5.5,-5.5,100000000000000.0,1,-6.982260554211398e-07,-6.982260554211398e-21,0.5000000000000037
5.75,-5.75,100000000000000.0,1,-3.8128780572393145e-07,-3.812878057239315e-21,0.5000000000000044
6.0,-6.0,100000000000000.0,1,-3.6604105865469895e-08,-3.6604105865469894e-22,0.5000000000000038
6.25,-6.25,100000000000000.0,1,3.5477538377295545e-07,3.547753837729554e-21,0.5000000000000028
6.5,-6.5,100000000000000.0,1,8.120199163677032e-07,8.120199163677033e-21,0.5000000000000026
6.75,-6.75,100000000000000.0,1,1.3552494322810387e-06,1.3552494322810386e-20,0.5000000000000024
7.0,-7.0,100000000000000.0,1,2.0064038073681696e-06,2.0064038073681695e-20,0.5000000000000017
7.25,-7.25,100000000000000.0,1,2.7910337831110755e-06,2.7910337831110754e-20,0.5000000000000016
7.5,-7.5,100000000000000.0,1,3.740162106868868e-06,3.740162106868868e-20,0.5000000000000012
7.75,-7.75,100000000000000.0,1,4.891296598343981e-06,4.891296598343981e-20,0.5000000000000009
8.0,-8.0,100000000000000.0,1,6.288143232363424e-06,6.288143232363424e-20,0.5000000000000008
8.25,-8.25,100000000000000.0,1,7.979436723561299e-06,7.979436723561299e-20,0.5000000000000007
8.5,-8.5,100000000000000.0,1,1.0019003255259616e-05,1.0019003255259617e-19,0.5000000000000007
8.75,-8.75,100000000000000.0,1,1.2468734360985235e-05,1.2468734360985236e-19,0.5000000000000007
9.0,-9.0,100000000000000.0,1,1.540282225790529e-05,1.540282225790529e-19,0.5000000000000002
9.25,-9.25,100000000000000.0,1,1.8910818652080306e-05,1.8910818652080307e-19,0.5000000000000007
9.5,-9.5,100000000000000.0,1,2.3099475911585985e-05,2.3099475911585983e-19,0.5000000000000008
9.75,-9.75,100000000000000.0,1,2.809453928464788e-05,2.8094539284647877e-19,0.5000000000000007
10.0,-10.0,100000000000000.0,1,3.404315831790644e-05,3.404315831790644e-19,0.5000000000000006
10.25,-10.25,100000000000000.0,1,4.111701753906176e-05,4.1117017539061763e-19,0.5000000000000003
10.5,-10.5,100000000000000.0,1,4.951612749265417e-05,4.951612749265417e-19,0.5000000000000003
10.75,-10.75,100000000000000.0,1,5.947324864867579e-05,5.947324864867579e-19,0.5000000000000002
11.0,-11.0,100000000000000.0,1,7.125897671353633e-05,7.125897671353634e-19,0.5000000000000002
11.25,-11.25,100000000000000.0,1,8.518755698147087e-05,8.518755698147087e-19,0.5000000000000002
11.5,-11.5,100000000000000.0,1,0.00010162351990973889,1.0162351990973888e-18,0.5000000000000002
11.75,-11.75,100000000000000.0,1,0.00012098924769244298,1.2098924769244297e-18,0.5000000000000001
12.0,-12.0,100000000000000.0,1,0.00014377359709996743,1.4377359709996743e-18,0.5000000000000001
12.25,-12.25,100000000000000.0,1,0.00017054171966023385,1.7054171966023386e-18,0.4999999999999999
12.5,-12.5,100000000000000.0,1,0.000201946237512622,2.01946237512622e-18,0.5000000000000001
12.75,-12.75,100000000000000.0,1,0.0002387399525016542,2.387399525016542e-18,0.5
13.0,-13.0,100000000000000.0,1,0.00028179028759093893,2.8179028759093892e-18,0.5000000000000002
13.25,-13.25,100000000000000.0,1,0.00033209568370795014,3.3209568370795013e-18,0.5
13.5,-13.5,100000000000000.0,1,0.0003908042019439429,3.908042019439429e-18,0.5
13.75,-13.75,100000000000000.0,1,0.00045923461094079507,4.592346109407951e-18,0.5
14.0,-14.0,100000000000000.0,1,0.0005389002726392052,5.389002726392052e-18,0.5000000000000001
14.25,-14.25,100000000000000.0,1,0.0006315361767070845,6.315361767070845e-18,0.5
14.5,-14.5,100000000000000.0,1,0.000739129515308601,7.39129515308601e-18,0.5
14.75,-14.75,100000000000000.0,1,0.0008639542358464089,8.639542358464089e-18,0.4999999999999999
15.0,-15.0,100000000000000.0,1,0.0010086100603897538,1.0086100603897538e-17,0.4999999999999999
15.25,-15.25,100000000000000.0,1,0.001176066517216683,1.176066517216683e-17,0.5
15.5,-15.5,100000000000000.0,1,0.0013697125928292331,1.3697125928292332e-17,0.5
15.75,-15.75,100000000000000.0,1,0.0015934126825824714,1.5934126825824713e-17,0.5000000000000001
16.0,-16.0,100000000000000.0,1,0.001851569595396806,1.851569595396806e-17,0.5
16.25,-16.25,100000000000000.0,1,0.0021491954536567094,2.1491954536567093e-17,0.5
16.5,-16.5,100000000000000.0,1,0.0024919914241624094,2.4919914241624094e-17,0.5000000000000001
16.75,-16.75,100000000000000.0,1,0.002886437320787336,2.886437320787336e-17,0.5
17.0,-17.0,100000000000000.0,1,0.003339892235266983,3.339892235266983e-17,0.4999999999999999
17.25,-17.25,100000000000000.0,1,0.0038607074803355683,3.8607074803355684e-17,0.4999999999999999
17.5,-17.5,100000000000000.0,1,0.004458353270332551,4.45835327033255e-17,0.5
17.75,-17.75,100000000000000.0,1,0.005143560719569504,5.143560719569504e-17,0.4999999999999999
18.0,-18.0,100000000000000.0,1,0.00592848090936148,5.92848090936148e-17,0.5
18.25,-18.25,100000000000000.0,1,0.006826862961860575,6.826862961860576e-17,0.5
18.5,-18.5,100000000000000.0,1,0.007854253263796521,7.854253263796522e-17,0.4999999999999999
18.75,-18.75,100000000000000.0,1,0.009028218206867234,9.028218206867234e-17,0.4999999999999999
19.0,-19.0,100000000000000.0,1,0.010368593054434138,1.0368593054434138e-16,0.5
19.25,-19.25,100000000000000.0,1,0.01189775980633223,1.189775980633223e-16,0.5
19.5,-19.5,100000000000000.0,1,0.013640957213864421,1.364095721386442e-16,0.4999999999999999
19.75,-19.75,100000000000000.0,1,0.01562662639233257,1.5626626392332571e-16,0.5000000000000001
20.0,-20.0,100000000000000.0,1,0.01788679578231382,1.788679578231382e-16,0.5
20.25,-20.25,100000000000000.0,1,0.0204575095109249,2.0457509510924899e-16,0.5
20.5,-20.5,100000000000000.0,1,0.02337930347756451,2.337930347756451e-16,0.49999999999999983
20.75,-20.75,100000000000000.0,1,0.02669773369278627,2.669773369278627e-16,0.5
21.0,-21.0,100000000000000.0,1,0.030463961455578257,3.046396145557826e-16,0.4999999999999999
21.25,-21.25,100000000000000.0,1,0.034735399714933876,3.4735399714933874e-16,0.4999999999999999
21.5,-21.5,100000000000000.0,1,0.03957642413718523,3.9576424137185226e-16,0.4999999999999999
21.75,-21.75,100000000000000.0,1,0.045059150407310636,4.505915040731064e-16,0.5000000000000001
22.0,-22.0,100000000000000.0,1,0.05126427489663426,5.126427489663426e-16,0.49999999999999983
22.25,-22.25,100000000000000.0,1,0.0582819662785202,5.828196627852019e-16,0.5
22.5,-22.5,100000000000000.0,1,0.06621277441496703,6.621277441496703e-16,0.4999999999999999
22.75,-22.75,100000000000000.0,1,0.07516847300173982,7.516847300173982e-16,0.5000000000000001
23.0,-23.0,100000000000000.0,1,0.08527262627367221,8.527262627367221e-16,0.5
23.25,-23.25,100000000000000.0,1,0.09666031509715314,9.666031509715315e-16,0.5
23.5,-23.5,100000000000000.0,1,0.10947530673674886,1.0947530673674887e-15,0.5000000000000001
23.75,-23.75,100000000000000.0,1,0.12385840702734599,1.23858407027346e-15,0.4999999999999999
24.0,-24.0,100000000000000.0,1,0.13989672635514674,1.3989672635514674e-15,0.5
24.25,-24.25,100000000000000.0,1,0.15730104513580245,1.5730104513580245e-15,0.5
24.5,-24.5,100000000000000.0,1,0.17199404092907017,1.7199404092907017e-15,0.5
24.75,-24.75,100000000000000.0,1,0.17590801849035326,1.7590801849035325e-15,0.5000000000000001
25.0,-25.0,100000000000000.0,1,0.17671876755316376,1.7671876755316377e-15,0.4999999999999999
25.25,-25.25,100000000000000.0,1,0.17703457574574766,1.7703457574574765e-15,0.4999999999999999
25.5,-25.5,100000000000000.0,1,0.1772006049011062,1.772006049011062e-15,0.5000000000000001
25.75,-25.75,100000000000000.0,1,0.17730269005840213,1.7730269005840212e-15,0.5
26.0,-26.0,100000000000000.0,1,0.1773717495790359,1.773717495790359e-15,0.5000000000000001
26.25,-26.25,100000000000000.0,1,0.17742156895128974,1.7742156895128974e-15,0.5
26.5,-26.5,100000000000000.0,1,0.17745920786628652,1.7745920786628653e-15,0.5000000000000002
26.75,-26.75,100000000000000.0,1,0.17748865166639924,1.7748865166639924e-15,0.5000000000000001
27.0,-27.0,100000000000000.0,1,0.1775123190999969,1.775123190999969e-15,0.5000000000000001
27.25,-27.25,100000000000000.0,1,0.17753176266489828,1.7753176266489828e-15,0.5
27.5,-27.5,100000000000000.0,1,0.17754802431831002,1.7754802431831e-15,0.5000000000000001
27.75,-27.75,100000000000000.0,1,0.17756182930394754,1.7756182930394753e-15,0.5
28.0,-28.0,100000000000000.0,1,0.17757369794715896,1.7757369794715897e-15,0.5
28.25,-28.25,100000000000000.0,1,0.17758401323665512,1.7758401323665512e-15,0.5000000000000001
28.5,-28.5,100000000000000.0,1,0.1775930633240507,1.775930633240507e-15,0.5
28.75,-28.75,100000000000000.0,1,0.17760106916557572,1.7760106916557572e-15,0.5
29.0,-29.0,100000000000000.0,1,0.1776082030306155,1.776082030306155e-15,0.5
29.25,-29.25,100000000000000.0,1,0.1776146012131202,1.776146012131202e-15,0.5
29.5,-29.5,100000000000000.0,1,0.17762037295869165,1.7762037295869166e-15,0.5
29.75,-29.75,100000000000000.0,1,0.17762560685937037,1.7762560685937037e-15,0.5000000000000001
30.0,-30.0,100000000000000.0,1,0.1776303755161949,1.776303755161949e-15,0.5
-0.0,0.0,1000000000000000.0,1,-8.320360469922109e-05,-8.320360469922108e-20,0.5000000000000001
0.25,-0.25,1000000000000000.0,1,-6.702233809346696e-05,-6.702233809346695e-20,0.5000000000000002
0.5,-0.5,1000000000000000.0,1,-5.62874920684194e-05,-5.62874920684194e-20,0.5000000000000007
0.75,-0.75,1000000000000000.0,1,-4.860246938301599e-05,-4.860246938301599e-20,0.5000000000000012
1.0,-1.0,1000000000000000.0,1,-4.280882605124252e-05,-4.2808826051242516e-20,0.49999999999999895
1.25,-1.25,1000000000000000.0,1,-3.827428308211825e-05,-3.8274283082118254e-20,0.5000000000000002
1.5,-1.5,1000000000000000.0,1,-3.462268573541738e-05,-3.462268573541738e-20,0.5
1.75,-1.75,1000000000000000.0,1,-3.1615319018042345e-05,-3.1615319018042344e-20,0.49999999999999784
2.0,-2.0,1000000000000000.0,1,-2.909281640382535e-05,-2.909281640382535e-20,0.4999999999999981
2.25,-2.25,1000000000000000.0,1,-2.6944239579031274e-05,-2.6944239579031273e-20,0.5000000000000022
2.5,-2.5,1000000000000000.0,1,-2.5089490013581896e-05,-2.5089490013581895e-20,0.5000000000000044
2.75,-2.75,1000000000000000.0,1,-2.3468626526162957e-05,-2.3468626526162957e-20,0.5000000000000041
3.0,-3.0,1000000000000000.0,1,-2.2034913098323497e-05,-2.2034913098323496e-20,0.5000000000000046
3.25,-3.25,1000000000000000.0,1,-2.0749947161980866e-05,-2.0749947161980868e-20,0.5000000000000047
3.5,-3.5,1000000000000000.0,1,-1.957973458261774e-05,-1.957973458261774e-20,0.5000000000000051
3.75,-3.75,1000000000000000.0,1,-1.8490820969860562e-05,-1.849082096986056e-20,0.5000000000000049
4.0,-4.0,1000000000000000.0,1,-1.744567096736135e-05,-1.744567096736135e-20,0.5
4.25,-4.25,1000000000000000.0,1,-1.639621464840656e-05,-1.6396214648406558e-20,0.5000000000000002
4.5,-4.5,1000000000000000.0,1,-1.5273736260468246e-05,-1.5273736260468247e-20,0.5000000000000001
4.75,-4.75,1000000000000000.0,1,-1.3971888400042341e-05,-1.397188840004234e-20,0.500000000000005
5.0,-5.0,1000000000000000.0,1,-1.2317496555082926e-05,-1.2317496555082926e-20,0.5000000000000038
5.25,-5.25,1000000000000000.0,1,-1.0025675797561154e-05,-1.0025675797561153e-20,0.5000000000000049
5.5,-5.5,1000000000000000.0,1,-6.9822605542114e-06,-6.982260554211399e-21,0.5000000000000037
5.75,-5.75,1000000000000000.0,1,-3.812878057239315e-06,-3.812878057239315e-21,0.5000000000000044
6.0,-6.0,1000000000000000.0,1,-3.6604105865469907e-07,-3.660410586546991e-22,0.5000000000000038
6.25,-6.25,1000000000000000.0,1,3.5477538377295553e-06,3.547753837729555e-21,0.5000000000000028
6.5,-6.5,1000000000000000.0,1,8.120199163677033e-06,8.120199163677033e-21,0.5000000000000026
6.75,-6.75,1000000000000000.0,1,1.3552494322810388e-05,1.3552494322810389e-20,0.5000000000000024
7.0,-7.0,1000000000000000.0,1,2.00640380736817e-05,2.0064038073681698e-20,0.5000000000000017
7.25,-7.25,1000000000000000.0,1,2.791033783111076e-05,2.791033783111076e-20,0.5000000000000016
7.5,-7.5,1000000000000000.0,1,3.740162106868869e-05,3.740162106868869e-20,0.5000000000000012
7.75,-7.75,1000000000000000.0,1,4.891296598343982e-05,4.891296598343982e-20,0.5000000000000009
8.0,-8.0,1000000000000000.0,1,6.288143232363426e-05,6.288143232363425e-20,0.5000000000000008
8.25,-8.25,1000000000000000.0,1,7.9794367235613e-05,7.9794367235613e-20,0.5000000000000007
8.5,-8.5,1000000000000000.0,1,0.00010019003255259619,1.0019003255259619e-19,0.5000000000000007
8.75,-8.75,1000000000000000.0,1,0.00012468734360985236,1.2468734360985236e-19,0.5000000000000007
9.0,-9.0,1000000000000000.0,1,0.00015402822257905294,1.5402822257905293e-19,0.5000000000000002
9.25,-9.25,1000000000000000.0,1,0.00018910818652080312,1.8910818652080312e-19,0.5000000000000007
9.5,-9.5,1000000000000000.0,1,0.0002309947591158599,2.309947591158599e-19,0.5000000000000008
9.75,-9.75,1000000000000000.0,1,0.00028094539284647887,2.8094539284647887e-19,0.5000000000000007
10.0,-10.0,1000000000000000.0,1,0.00034043158317906443,3.404315831790644e-19,0.5000000000000006
10.25,-10.25,1000000000000000.0,1,0.0004111701753906177,4.111701753906177e-19,0.5000000000000003
10.5,-10.5,1000000000000000.0,1,0.0004951612749265417,4.951612749265418e-19,0.5000000000000003
10.75,-10.75,1000000000000000.0,1,0.000594732486486758,5.94732486486758e-19,0.5000000000000002
11.0,-11.0,1000000000000000.0,1,0.0007125897671353634,7.125897671353634e-19,0.5000000000000002
11.25,-11.25,1000000000000000.0,1,0.0008518755698147089,8.5187556981470885e-19,0.5000000000000002
11.5,-11.5,1000000000000000.0,1,0.001016235199097389,1.016235199097389e-18,0.5000000000000002
11.75,-11.75,1000000000000000.0,1,0.00120989247692443,1.20989247692443e-18,0.5000000000000001
12.0,-12.0,1000000000000000.0,1,0.0014377359709996744,1.4377359709996745e-18,0.5000000000000001
12.25,-12.25,1000000000000000.0,1,0.0017054171966023387,1.7054171966023387e-18,0.4999999999999999
12.5,-12.5,1000000000000000.0,1,0.0020194623751262205,2.0194623751262204e-18,0.5000000000000001
12.75,-12.75,1000000000000000.0,1,0.0023873995250165425,2.3873995250165426e-18,0.5
13.0,-13.0,1000000000000000.0,1,0.00281790287590939,2.81790287590939e-18,0.5000000000000002
13.25,-13.25,1000000000000000.0,1,0.003320956837079502,3.320956837079502e-18,0.5
13.5,-13.5,1000000000000000.0,1,0.00390804201943943,3.90804201943943e-18,0.5
13.75,-13.75,1000000000000000.0,1,0.004592346109407952,4.592346109407952e-18,0.5
14.0,-14.0,1000000000000000.0,1,0.005389002726392054,5.389002726392053e-18,0.5000000000000001
14.25,-14.25,1000000000000000.0,1,0.006315361767070847,6.315361767070847e-18,0.5
14.5,-14.5,1000000000000000.0,1,0.007391295153086012,7.391295153086012e-18,0.5
14.75,-14.75,1000000000000000.0,1,0.008639542358464092,8.639542358464092e-18,0.4999999999999999
15.0,-15.0,1000000000000000.0,1,0.010086100603897538,1.0086100603897538e-17,0.4999999999999999
15.25,-15.25,1000000000000000.0,1,0.011760665172166833,1.1760665172166834e-17,0.5
15.5,-15.5,1000000000000000.0,1,0.013697125928292333,1.3697125928292333e-17,0.5
15.75,-15.75,1000000000000000.0,1,0.015934126825824717,1.5934126825824716e-17,0.5000000000000001
16.0,-16.0,1000000000000000.0,1,0.018515695953968063,1.851569595396806e-17,0.5
16.25,-16.25,1000000000000000.0,1,0.0214919545365671,2.14919545365671e-17,0.5
16.5,-16.5,1000000000000000.0,1,0.0249199142416241,2.49199142416241e-17,0.5000000000000001
16.75,-16.75,1000000000000000.0,1,0.028864373207873367,2.8864373207873367e-17,0.5
17.0,-17.0,1000000000000000.0,1,0.033398922352669835,3.3398922352669836e-17,0.4999999999999999
17.25,-17.25,1000000000000000.0,1,0.03860707480335569,3.860707480335569e-17,0.4999999999999999
17.5,-17.5,1000000000000000.0,1,0.04458353270332552,4.4583532703325515e-17,0.5
17.75,-17.75,1000000000000000.0,1,0.05143560719569505,5.143560719569505e-17,0.4999999999999999
18.0,-18.0,1000000000000000.0,1,0.05928480909361481,5.928480909361481e-17,0.5
18.25,-18.25,1000000000000000.0,1,0.06826862961860578,6.826862961860578e-17,0.5
18.5,-18.5,1000000000000000.0,1,0.07854253263796522,7.854253263796522e-17,0.4999999999999999
18.75,-18.75,1000000000000000.0,1,0.09028218206867236,9.028218206867236e-17,0.4999999999999999
19.0,-19.0,1000000000000000.0,1,0.10368593054434141,1.0368593054434142e-16,0.5
19.25,-19.25,1000000000000000.0,1,0.11897759806332232,1.1897759806332232e-16,0.5
19.5,-19.5,1000000000000000.0,1,0.13640957213864424,1.3640957213864425e-16,0.4999999999999999
19.75,-19.75,1000000000000000.0,1,0.15626626392332574,1.5626626392332574e-16,0.5000000000000001
20.0,-20.0,1000000000000000.0,1,0.17886795782313822,1.7886795782313822e-16,0.5
20.25,-20.25,1000000000000000.0,1,0.204575095109249,2.04575095109249e-16,0.5
20.5,-20.5,1000000000000000.0,1,0.23379303477564514,2.3379303477564514e-16,0.49999999999999983
20.75,-20.75,1000000000000000.0,1,0.26697733692786274,2.6697733692786274e-16,0.5
21.0,-21.0,1000000000000000.0,1,0.30463961455578265,3.0463961455578264e-16,0.4999999999999999
21.25,-21.25,1000000000000000.0,1,0.34735399714933884,3.4735399714933884e-16,0.4999999999999999
21.5,-21.5,1000000000000000.0,1,0.39576424137185234,3.9576424137185236e-16,0.4999999999999999
21.75,-21.75,1000000000000000.0,1,0.45059150407310644,4.505915040731064e-16,0.5000000000000001
22.0,-22.0,1000000000000000.0,1,0.5126427489663427,5.126427489663426e-16,0.49999999999999983
22.25,-22.25,1000000000000000.0,1,0.5828196627852021,5.828196627852021e-16,0.5
22.5,-22.5,1000000000000000.0,1,0.6621277441496705,6.621277441496704e-16,0.4999999999999999
22.75,-22.75,1000000000000000.0,1,0.7516847300173983,7.516847300173983e-16,0.5000000000000001
23.0,-23.0,1000000000000000.0,1,0.8527262627367224,8.527262627367224e-16,0.5
23.25,-23.25,1000000000000000.0,1,0.9666031509715317,9.666031509715317e-16,0.5
23.5,-23.5,1000000000000000.0,1,1.0947530673674888,1.0947530673674889e-15,0.5000000000000001
23.75,-23.75,1000000000000000.0,1,1.23858407027346,1.23858407027346e-15,0.4999999999999999
24.0,-24.0,1000000000000000.0,1,1.3989672635514676,1.3989672635514676e-15,0.5
24.25,-24.25,1000000000000000.0,1,1.573010451358025,1.573010451358025e-15,0.5
24.5,-24.5,1000000000000000.0,1,1.719940409290702,1.719940409290702e-15,0.5
24.75,-24.75,1000000000000000.0,1,1.759080184903533,1.759080184903533e-15,0.5000000000000001
25.0,-25.0,1000000000000000.0,1,1.767187675531638,1.767187675531638e-15,0.4999999999999999
25.25,-25.25,1000000000000000.0,1,1.770345757457477,1.770345757457477e-15,0.4999999999999999
25.5,-25.5,1000000000000000.0,1,1.7720060490110625,1.7720060490110626e-15,0.5000000000000001
25.75,-25.75,1000000000000000.0,1,1.7730269005840216,1.7730269005840216e-15,0.5
26.0,-26.0,1000000000000000.0,1,1.7737174957903592,1.7737174957903592e-15,0.5000000000000001
26.25,-26.25,1000000000000000.0,1,1.7742156895128978,1.7742156895128978e-15,0.5
26.5,-26.5,1000000000000000.0,1,1.7745920786628655,1.7745920786628655e-15,0.5000000000000002
26.75,-26.75,1000000000000000.0,1,1.7748865166639929,1.7748865166639928e-15,0.5000000000000001
27.0,-27.0,1000000000000000.0,1,1.7751231909999694,1.7751231909999693e-15,0.5000000000000001
27.25,-27.25,1000000000000000.0,1,1.7753176266489832,1.7753176266489832e-15,0.5
27.5,-27.5,1000000000000000.0,1,1.7754802431831005,1.7754802431831005e-15,0.5000000000000001
27.75,-27.75,1000000000000000.0,1,1.7756182930394757,1.7756182930394757e-15,0.5
28.0,-28.0,1000000000000000.0,1,1.77573697947159,1.77573697947159e-15,0.5
28.25,-28.25,1000000000000000.0,1,1.7758401323665516,1.7758401323665516e-15,0.5000000000000001
28.5,-28.5,1000000000000000.0,1,1.7759306332405074,1.7759306332405074e-15,0.5
28.75,-28.75,1000000000000000.0,1,1.7760106916557576,1.7760106916557576e-15,0.5
29.0,-29.0,1000000000000000.0,1,1.7760820303061553,1.7760820303061552e-15,0.5
29.25,-29.25,1000000000000000.0,1,1.7761460121312023,1.7761460121312022e-15,0.5
29.5,-29.5,1000000000000000.0,1,1.776203729586917,1.776203729586917e-15,0.5
29.75,-29.75,1000000000000000.0,1,1.7762560685937039,1.7762560685937039e-15,0.5000000000000001
30.0,-30.0,1000000000000000.0,1,1.7763037551619494,1.7763037551619494e-15,0.5
-0.0,0.0,1e+16,1,-0.0008320360469922109,-8.320360469922108e-20,0.5000000000000001
0.25,-0.25,1e+16,1,-0.0006702233809346695,-6.702233809346695e-20,0.5000000000000002
0.5,-0.5,1e+16,1,-0.000562874920684194,-5.62874920684194e-20,0.5000000000000007
0.75,-0.75,1e+16,1,-0.0004860246938301599,-4.860246938301599e-20,0.5000000000000012
1.0,-1.0,1e+16,1,-0.00042808826051242513,-4.2808826051242516e-20,0.49999999999999895
1.25,-1.25,1e+16,1,-0.00038274283082118257,-3.8274283082118254e-20,0.5000000000000002
1.5,-1.5,1e+16,1,-0.0003462268573541738,-3.462268573541738e-20,0.5
1.75,-1.75,1e+16,1,-0.0003161531901804234,-3.161531901804234e-20,0.49999999999999784
2.0,-2.0,1e+16,1,-0.0002909281640382535,-2.909281640382535e-20,0.4999999999999981
2.25,-2.25,1e+16,1,-0.00026944239579031274,-2.6944239579031273e-20,0.5000000000000022
2.5,-2.5,1e+16,1,-0.00025089490013581895,-2.5089490013581895e-20,0.5000000000000044
2.75,-2.75,1e+16,1,-0.00023468626526162957,-2.3468626526162957e-20,0.5000000000000041
3.0,-3.0,1e+16,1,-0.00022034913098323495,-2.2034913098323493e-20,0.5000000000000046
3.25,-3.25,1e+16,1,-0.00020749947161980865,-2.0749947161980865e-20,0.5000000000000047
3.5,-3.5,1e+16,1,-0.00019579734582617737,-1.9579734582617736e-20,0.5000000000000051
3.75,-3.75,1e+16,1,-0.0001849082096986056,-1.849082096986056e-20,0.5000000000000049
4.0,-4.0,1e+16,1,-0.0001744567096736135,-1.744567096736135e-20,0.5
4.25,-4.25,1e+16,1,-0.00016396214648406557,-1.6396214648406558e-20,0.5000000000000002
4.5,-4.5,1e+16,1,-0.00015273736260468246,-1.5273736260468247e-20,0.5000000000000001
4.75,-4.75,1e+16,1,-0.0001397188840004234,-1.3971888400042338e-20,0.500000000000005
5.0,-5.0,1e+16,1,-0.00012317496555082924,-1.2317496555082923e-20,0.5000000000000038
5.25,-5.25,1e+16,1,-0.00010025675797561153,-1.0025675797561152e-20,0.5000000000000049
5.5,-5.5,1e+16,1,-6.9822605542114e-05,-6.982260554211399e-21,0.5000000000000037
5.75,-5.75,1e+16,1,-3.812878057239315e-05,-3.8128780572393154e-21,0.5000000000000044
6.0,-6.0,1e+16,1,-3.6604105865469904e-06,-3.6604105865469904e-22,0.5000000000000038
6.25,-6.25,1e+16,1,3.547753837729555e-05,3.547753837729555e-21,0.5000000000000028
6.5,-6.5,1e+16,1,8.120199163677033e-05,8.120199163677034e-21,0.5000000000000026
6.75,-6.75,1e+16,1,0.0001355249432281039,1.355249432281039e-20,0.5000000000000024
7.0,-7.0,1e+16,1,0.000200640380736817,2.0064038073681698e-20,0.5000000000000017
7.25,-7.25,1e+16,1,0.0002791033783111076,2.791033783111076e-20,0.5000000000000016
7.5,-7.5,1e+16,1,0.00037401621068688685,3.7401621068688685e-20,0.5000000000000012
7.75,-7.75,1e+16,1,0.0004891296598343982,4.891296598343982e-20,0.5000000000000009
8.0,-8.0,1e+16,1,0.0006288143232363425,6.288143232363425e-20,0.5000000000000008
8.25,-8.25,1e+16,1,0.00079794367235613,7.9794367235613e-20,0.5000000000000007
8.5,-8.5,1e+16,1,0.0010019003255259619,1.0019003255259619e-19,0.5000000000000007
8.75,-8.75,1e+16,1,0.0012468734360985235,1.2468734360985236e-19,0.5000000000000007
9.0,-9.0,1e+16,1,0.0015402822257905293,1.5402822257905293e-19,0.5000000000000002
9.25,-9.25,1e+16,1,0.001891081865208031,1.8910818652080312e-19,0.5000000000000007
9.5,-9.5,1e+16,1,0.002309947591158599,2.3099475911585993e-19,0.5000000000000008
9.75,-9.75,1e+16,1,0.0028094539284647885,2.8094539284647887e-19,0.5000000000000007
10.0,-10.0,1e+16,1,0.0034043158317906444,3.4043158317906446e-19,0.5000000000000006
10.25,-10.25,1e+16,1,0.004111701753906177,4.1117017539061768e-19,0.5000000000000003
10.5,-10.5,1e+16,1,0.004951612749265417,4.951612749265417e-19,0.5000000000000003
10.75,-10.75,1e+16,1,0.005947324864867581,5.94732486486758e-19,0.5000000000000002
11.0,-11.0,1e+16,1,0.007125897671353634,7.1258976713536345e-19,0.5000000000000002
11.25,-11.25,1e+16,1,0.008518755698147088,8.5187556981470885e-19,0.5000000000000002
11.5,-11.5,1e+16,1,0.01016235199097389,1.016235199097389e-18,0.5000000000000002
11.75,-11.75,1e+16,1,0.0120989247692443,1.2098924769244301e-18,0.5000000000000001
12.0,-12.0,1e+16,1,0.014377359709996745,1.4377359709996745e-18,0.5000000000000001
12.25,-12.25,1e+16,1,0.017054171966023386,1.7054171966023386e-18,0.4999999999999999
12.5,-12.5,1e+16,1,0.020194623751262204,2.0194623751262204e-18,0.5000000000000001
12.75,-12.75,1e+16,1,0.023873995250165425,2.3873995250165426e-18,0.5
13.0,-13.0,1e+16,1,0.0281790287590939,2.81790287590939e-18,0.5000000000000002
13.25,-13.25,1e+16,1,0.03320956837079502,3.320956837079502e-18,0.5
13.5,-13.5,1e+16,1,0.0390804201943943,3.90804201943943e-18,0.5
13.75,-13.75,1e+16,1,0.045923461094079514,4.5923461094079514e-18,0.5
14.0,-14.0,1e+16,1,0.05389002726392053,5.389002726392053e-18,0.5000000000000001
14.25,-14.25,1e+16,1,0.06315361767070847,6.315361767070847e-18,0.5
14.5,-14.5,1e+16,1,0.07391295153086011,7.391295153086011e-18,0.5
14.75,-14.75,1e+16,1,0.0863954235846409,8.63954235846409e-18,0.4999999999999999
15.0,-15.0,1e+16,1,0.10086100603897538,1.0086100603897538e-17,0.4999999999999999
15.25,-15.25,1e+16,1,0.11760665172166831,1.1760665172166832e-17,0.5
15.5,-15.5,1e+16,1,0.13697125928292334,1.3697125928292333e-17,0.5
15.75,-15.75,1e+16,1,0.15934126825824718,1.593412682582472e-17,0.5000000000000001
16.0,-16.0,1e+16,1,0.18515695953968064,1.8515695953968065e-17,0.5
16.25,-16.25,1e+16,1,0.21491954536567098,2.14919545365671e-17,0.5
16.5,-16.5,1e+16,1,0.249199142416241,2.49199142416241e-17,0.5000000000000001
16.75,-16.75,1e+16,1,0.2886437320787337,2.8864373207873367e-17,0.5
17.0,-17.0,1e+16,1,0.33398922352669835,3.3398922352669836e-17,0.4999999999999999
17.25,-17.25,1e+16,1,0.3860707480335569,3.860707480335569e-17,0.4999999999999999
17.5,-17.5,1e+16,1,0.4458353270332552,4.4583532703325515e-17,0.5
17.75,-17.75,1e+16,1,0.5143560719569505,5.1435607195695056e-17,0.4999999999999999
18.0,-18.0,1e+16,1,0.5928480909361481,5.928480909361481e-17,0.5
18.25,-18.25,1e+16,1,0.6826862961860577,6.826862961860577e-17,0.5
18.5,-18.5,1e+16,1,0.7854253263796522,7.854253263796522e-17,0.4999999999999999
18.75,-18.75,1e+16,1,0.9028218206867237,9.028218206867236e-17,0.4999999999999999
19.0,-19.0,1e+16,1,1.036859305443414,1.0368593054434141e-16,0.5
19.25,-19.25,1e+16,1,1.189775980633223,1.1897759806332232e-16,0.5
19.5,-19.5,1e+16,1,1.3640957213864424,1.3640957213864425e-16,0.4999999999999999
19.75,-19.75,1e+16,1,1.5626626392332572,1.5626626392332571e-16,0.5000000000000001
20.0,-20.0,1e+16,1,1.788679578231382,1.788679578231382e-16,0.5
20.25,-20.25,1e+16,1,2.04575095109249,2.04575095109249e-16,0.5
20.5,-20.5,1e+16,1,2.3379303477564513,2.3379303477564514e-16,0.49999999999999983
20.75,-20.75,1e+16,1,2.6697733692786274,2.6697733692786274e-16,0.5
21.0,-21.0,1e+16,1,3.0463961455578263,3.0463961455578264e-16,0.4999999999999999
21.25,-21.25,1e+16,1,3.4735399714933886,3.4735399714933884e-16,0.4999999999999999
21.5,-21.5,1e+16,1,3.9576424137185233,3.957642413718523e-16,0.4999999999999999
21.75,-21.75,1e+16,1,4.505915040731064,4.505915040731064e-16,0.5000000000000001
22.0,-22.0,1e+16,1,5.126427489663427,5.126427489663427e-16,0.49999999999999983
22.25,-22.25,1e+16,1,5.82819662785202,5.82819662785202e-16,0.5
22.5,-22.5,1e+16,1,6.621277441496704,6.621277441496704e-16,0.4999999999999999
22.75,-22.75,1e+16,1,7.516847300173983,7.516847300173983e-16,0.5000000000000001
23.0,-23.0,1e+16,1,8.527262627367223,8.527262627367223e-16,0.5
23.25,-23.25,1e+16,1,9.666031509715316,9.666031509715315e-16,0.5
23.5,-23.5,1e+16,1,10.947530673674887,1.0947530673674887e-15,0.5000000000000001
23.75,-23.75,1e+16,1,12.385840702734601,1.2385840702734602e-15,0.4999999999999999
24.0,-24.0,1e+16,1,13.989672635514676,1.3989672635514676e-15,0.5
24.25,-24.25,1e+16,1,15.73010451358025,1.5730104513580249e-15,0.5
24.5,-24.5,1e+16,1,17.19940409290702,1.719940409290702e-15,0.5
24.75,-24.75,1e+16,1,17.590801849035326,1.7590801849035327e-15,0.5000000000000001
25.0,-25.0,1e+16,1,17.67187675531638,1.7671876755316379e-15,0.4999999999999999
25.25,-25.25,1e+16,1,17.70345757457477,1.770345757457477e-15,0.4999999999999999
25.5,-25.5,1e+16,1,17.720060490110622,1.7720060490110622e-15,0.5000000000000001
25.75,-25.75,1e+16,1,17.730269005840217,1.7730269005840216e-15,0.5
26.0,-26.0,1e+16,1,17.73717495790359,1.7737174957903592e-15,0.5000000000000001
26.25,-26.25,1e+16,1,17.74215689512898,1.7742156895128978e-15,0.5
26.5,-26.5,1e+16,1,17.745920786628655,1.7745920786628655e-15,0.5000000000000002
26.75,-26.75,1e+16,1,17.748865166639927,1.7748865166639928e-15,0.5000000000000001
27.0,-27.0,1e+16,1,17.751231909999692,1.7751231909999693e-15,0.5000000000000001
27.25,-27.25,1e+16,1,17.75317626648983,1.775317626648983e-15,0.5
27.5,-27.5,1e+16,1,17.754802431831003,1.7754802431831003e-15,0.5000000000000001
27.75,-27.75,1e+16,1,17.756182930394754,1.7756182930394753e-15,0.5
28.0,-28.0,1e+16,1,17.7573697947159,1.7757369794715899e-15,0.5
28.25,-28.25,1e+16,1,17.758401323665517,1.7758401323665516e-15,0.5000000000000001
28.5,-28.5,1e+16,1,17.759306332405075,1.7759306332405074e-15,0.5
28.75,-28.75,1e+16,1,17.760106916557575,1.7760106916557574e-15,0.5
29.0,-29.0,1e+16,1,17.760820303061553,1.7760820303061554e-15,0.5
29.25,-29.25,1e+16,1,17.761460121312023,1.7761460121312024e-15,0.5
29.5,-29.5,1e+16,1,17.76203729586917,1.776203729586917e-15,0.5
29.75,-29.75,1e+16,1,17.76256068593704,1.7762560685937039e-15,0.5000000000000001
30.0,-30.0,1e+16,1,17.763037551619494,1.7763037551619494e-15,0.5
