Nt_cm3,light,U,J_direct_Acm2,J_stable_Acm2,J_relative_difference,pair_direct_Acm2,pair_stable_Acm2,pair_relative_difference,independent_displacement_error_Acm2
100000000000000.0,0,5,-3.138955176734244e-07,-3.1389552589975375e-07,2.620722078318454e-08,3.138955258912102e-07,3.138955258912101e-07,3.3730687338144194e-16,3.3087224502121107e-23
100000000000000.0,0,20,-0.01789129051073575,-0.01789129051073575,0.0,0.01789129074591361,0.01789129074591361,0.0,1.734723475976807e-18
100000000000000.0,0,25,-0.1767176122358723,-0.1767176122358723,0.0,0.17671762725845058,0.1767176272584506,-1.5706172636098274e-16,1.3877787807814457e-17
1000000000000000.0,0,5,-3.1360658621703895e-06,-3.136065853530788e-06,-2.7549170799548807e-09,3.1360658535970062e-06,3.1360658535970067e-06,-1.3504706004224528e-16,4.235164736271502e-22
1000000000000000.0,0,20,-0.17887139670944113,-0.17887139670944113,0.0,0.17887142021894864,0.17887142021894864,0.0,1.3877787807814457e-17
1000000000000000.0,0,25,-1.766963636205661,-1.7669636362056613,1.2566450173351896e-16,1.76696513837098,1.7669651383709801,-1.2566439490127184e-16,1.942890293094024e-16
1e+16,0,5,-3.1072584959679345e-05,-3.107258495389509e-05,-1.861529216224083e-10,3.107258496130013e-05,3.107258496130014e-05,-2.1807852763051453e-16,4.235164736271502e-21
1e+16,0,20,-1.7845730660622774,-1.784573066062277,-2.488489926780981e-16,1.7845754087382408,1.7845754087382408,0.0,1.6653345369377348e-16
1e+16,0,25,-17.648093735591313,-17.648093735591313,0.0,17.648243854321024,17.64824385432102,2.0130692368751748e-16,1.7763568394002505e-15
100000000000000.0,1,5,-0.024653938871881702,-0.024653938871887823,2.4824043148029196e-13,-1.2318427705145072e-06,-1.2318427705145125e-06,4.2975906073858865e-15,6.948317145445432e-23
100000000000000.0,1,20,-0.042578204566186675,-0.042578204566186675,0.0,0.017890728423064967,0.017890728423064963,1.9392429810072783e-16,8.673617379884035e-19
100000000000000.0,1,25,-0.20140474319805557,-0.20140474319805557,0.0,0.17671726602221438,0.1767172660222144,-1.5706204741838793e-16,1.0408340855860843e-17
1000000000000000.0,1,5,-0.024642909033073708,-0.02464290903306542,-3.3634457511066613e-13,-1.231791644112579e-05,-1.2317916441125826e-05,2.8881007558961097e-15,5.293955920339377e-22
1000000000000000.0,1,20,-0.20355324430453203,-0.2035532443045321,2.7271071714390687e-16,0.1788657988862582,0.17886579888625823,-1.551754208376015e-16,1.3877787807814457e-17
1000000000000000.0,1,25,-1.791647460133278,-1.7916474601332781,1.239332010709929e-16,1.766961518432298,1.7669615184322978,1.2566465234740147e-16,2.7755575615628914e-16
1e+16,1,5,-0.02453266365724733,-0.024532663657235946,-4.640040563227752e-13,-0.00012311824156235752,-0.00012311824156235814,5.0635571241765266e-15,6.3527471044072525e-21
1e+16,1,20,-1.8092044374178133,-1.8092044374178133,0.0,1.7845193854163857,1.7845193854163852,2.488564783769174e-16,8.326672684688674e-17
1e+16,1,25,-17.672743712457766,-17.672743712457763,-2.010278503782151e-16,17.648206870486298,17.648206870486295,2.0130734554918588e-16,1.3322676295501878e-15
