process,net_flux_s,gross_flux_s,forward_event_s,reverse_event_s,case
C_Co,13094.61006287575,18538.905128104816,15816.757595490282,2722.147532614533,baseline
D_C,13094.610062875749,19230.09940958786,16162.354736231804,3067.7446733560555,baseline
V_D,13094.610062875749,16167.921999172253,14631.266031024,1536.6559681482522,baseline
Vo_V,13094.610062875749,20454.37687031553,16774.49346659564,3679.8834037198903,baseline
bathL,13094.610062875749,13094.610064380859,13094.610063628304,7.525550245190971e-07,baseline
bathR,-13094.610062875747,13094.610120434221,2.8779237254639156e-05,13094.610091654984,baseline
C_Co,13053.477397549794,18924.57547803463,15989.02643779221,2935.5490402424175,full_quantum
D_C,13053.477397549794,18610.530234026377,15832.003815788084,2778.5264182382916,full_quantum
V_D,13053.477397549794,16285.995115739528,14669.73625664466,1616.2588590948671,full_quantum
Vo_V,13053.477397549792,20851.064829522722,16952.271113536255,3898.793715986465,full_quantum
bathL,13053.477397549792,13053.477398959374,13053.477398254583,7.047910912660882e-07,full_quantum
bathR,-13053.477397549792,13053.477452154375,2.7302291528030764e-05,13053.477424852084,full_quantum
