J_Acm2,pair_source_Acm2,photo_Acm2,bim_Acm2,expected_particle_output_Acm2,electron_out_Acm2,hole_out_Acm2,electron_cycle_error_Acm2,hole_cycle_error_Acm2,Jn_left_Acm2,Jn_right_Acm2,Jp_left_Acm2,Jp_right_Acm2,nonlocal_mean_Acm2,nonlocal_max_Acm2,total_current_spread_Acm2,nonlocal_boundary_error_Acm2,budget_Acm2,error_Acm2,gate_passed,relative_error,V,nodes,distance_nm,charge_relative_error,terminal_Wcm2,transport_dissipation_Wcm2,reaction_dissipation_Wcm2,bim_dissipation_Wcm2,total_dissipation_Wcm2,energy_relative_error,reaction_bath_heat_Wcm2,reaction_reservoir_heat_Wcm2,reaction_heat_identity_error_Wcm2,occupancy_min,occupancy_max,max_LDB_cycle_error,trap_areal_cm2,max_density_fraction,iterations,scaled_residual
0.0,0.0,0.0,0.0,0.0,0.0,0.0,0.0,0.0,0.0,0.0,-0.0,0.0,0.0,0.0,0.0,0.0,1e-17,0.0,True,0.0,0.0,81,0.0,1.5160404908305711e-15,0.0,0.0,0.0,0.0,0.0,0.0,0.0,0.0,0.0,4.3842106125321625e-10,0.9999999995615789,1.2434497875801753e-14,9599999999.999998,0.12629897203440282,0,5.371312733474049e-15
-2.6961643851547384e-12,2.6961605464562763e-12,0.0,-2.26174766426153e-19,2.6961607726310425e-12,2.696160772631033e-12,2.6961607726310425e-12,-9.693522803355793e-27,0.0,-1.8062618505313502e-18,-2.696162578892883e-12,-2.696162578892893e-12,-1.806261850531354e-18,0.0,0.0,5.0627654014793415e-23,0.0,2.6961625788928928e-20,5.0627654014793415e-23,True,1.8777671054088402e-11,-1.0,81,0.0,3.951604460840824e-14,2.6961643851547384e-12,1.510462946815932e-12,1.1857013655615985e-12,7.277726882351762e-20,2.696164385154799e-12,2.247063192977207e-14,-3.5050087103931596e-12,4.690710075954758e-12,-2.0194839173657902e-28,8.900186451524843e-10,0.9999999991099814,1.4210854715202004e-14,9599999999.999998,0.1262989720344026,8,8.863831403920837e-13
-4.617476434468709e-12,4.61746713101918e-12,0.0,-2.288557493987671e-19,4.617467359874929e-12,4.617467359874936e-12,4.617467359874929e-12,6.462348535570529e-27,0.0,-4.5372968883278346e-18,-4.617471897171824e-12,-4.617471897171817e-12,-4.537296888327832e-18,0.0,0.0,1.050131637030211e-25,0.0,4.617471897171824e-20,1.050131637030211e-25,True,2.2742566937405958e-14,-5.0,81,0.0,3.150310593342831e-13,2.3087382172343545e-11,2.0689026619039667e-11,2.3983554455061225e-12,1.0779774584227884e-19,2.3087382172343535e-11,4.1986236165690964e-16,-6.002707270324934e-12,8.401062715831055e-12,-1.6155871338926322e-27,3.427766496159685e-08,0.9999999657223351,4.263256414560601e-14,9599999999.999998,0.1262989720344026,6,2.363808654557905e-14
-5.289921173389144e-12,5.289897404992482e-12,0.0,-2.291942277999408e-19,5.289897634186709e-12,5.289897634186543e-12,5.2898976341867084e-12,-1.6640547479094111e-25,-8.077935669463161e-28,-1.1769601259336122e-17,-5.289909403787802e-12,-5.2899094037879675e-12,-1.1769601259336176e-17,0.0,0.0,4.224760355129233e-25,0.0,5.2899094037879674e-20,4.224760355129233e-25,True,7.986451246412635e-14,-15.0,81,0.0,1.0584261193346623e-10,7.934881760083716e-11,7.63327594907647e-11,3.0160579830918637e-12,1.2698184300727389e-19,7.93488176008384e-11,1.563691755397287e-14,-6.876866626490226e-12,9.892924609582092e-12,2.0194839173657902e-27,0.0005295512369518713,0.9994704487630481,7.815970093361102e-14,9599999999.999998,0.1262989720344026,5,8.806219435953752e-14
0.0,0.0,0.0,0.0,0.0,0.0,0.0,0.0,0.0,0.0,0.0,-0.0,0.0,0.0,0.0,0.0,0.0,1e-17,0.0,True,0.0,0.0,161,0.0,9.640814007299647e-17,0.0,0.0,0.0,0.0,0.0,0.0,0.0,0.0,0.0,3.0968445049017496e-10,0.9999999996903155,1.2434497875801753e-14,9600000000.000034,0.12629897203440282,0,1.8003381889097209e-12
-2.6973384067703426e-12,2.697334502485964e-12,0.0,-2.2655987052864857e-19,2.6973347290458346e-12,2.6973347290458374e-12,2.697334729045835e-12,2.8272774843121063e-27,4.0389678347315804e-28,-1.838862253108689e-18,-2.6973365679080906e-12,-2.697336567908088e-12,-1.8388622531086873e-18,0.0,0.0,6.324135056266014e-23,0.0,2.6973365679080905e-20,6.324135056266014e-23,True,2.3445850738495987e-11,-1.0,161,0.0,1.0180672815314115e-14,2.6973384067703426e-12,1.5105097293151115e-12,1.1868286046246892e-12,7.283059381899084e-20,2.6973384067703943e-12,1.9166593318361107e-14,-3.506534853231753e-12,4.693363457856443e-12,6.058451752097371e-28,5.195355441292577e-10,0.9999999994804645,1.687538997430238e-14,9600000000.000034,0.1262989720344026,8,3.689839959226455e-13
-4.618054225819353e-12,4.618044837599948e-12,0.0,-2.297342153691751e-19,4.6180450673341635e-12,4.6180450673341886e-12,4.618045067334163e-12,2.50416005753358e-26,-8.077935669463161e-28,-4.579242588688205e-18,-4.618049646576777e-12,-4.618049646576751e-12,-4.579242588688227e-18,0.0,0.0,1.0743654440386004e-25,0.0,4.6180496465767773e-20,1.0743654440386004e-25,True,2.3264484495851955e-14,-5.0,161,0.0,4.2905291963124623e-13,2.3090271129096762e-11,2.0689005363035686e-11,2.4012656580915024e-12,1.0796952331276863e-19,2.309027112909671e-11,2.2389857613848888e-15,-6.003458288879931e-12,8.404723946971431e-12,-2.4233807008389483e-27,7.767053700390868e-09,0.9999999922329463,4.263256414560601e-14,9600000000.000034,0.1262989720344026,6,2.862608393458473e-14
-5.276787428644241e-12,5.276763646128224e-12,0.0,-2.3058032297127974e-19,5.276763876708547e-12,5.2767638767086995e-12,5.276763876708546e-12,1.5267298415285374e-25,-8.077935669463161e-28,-1.1775967809287613e-17,-5.2767756526765084e-12,-5.276775652676355e-12,-1.1775967809287508e-17,0.0,0.0,4.1924486124513805e-25,0.0,5.2767756526765085e-20,4.1924486124513805e-25,True,7.945095430246062e-14,-15.0,161,0.0,5.4302664977392496e-12,7.915181142966361e-11,7.613314506391789e-11,3.0186662383662842e-12,1.2737834680734748e-19,7.915181142966251e-11,1.3879647618971225e-14,-6.859792739966692e-12,9.878458978332976e-12,0.0,1.0575592942205236e-05,0.9999894244070578,8.881784197001252e-14,9600000000.000034,0.1262989720344026,5,1.1792588015861309e-13
0.0,0.0,0.0,0.0,0.0,0.0,0.0,0.0,0.0,0.0,0.0,-0.0,0.0,0.0,0.0,0.0,0.0,1e-17,0.0,True,0.0,0.0,321,0.0,9.828566327266504e-15,0.0,0.0,0.0,0.0,0.0,0.0,0.0,0.0,0.0,3.1056952927957834e-10,0.9999999996894305,1.4210854715202004e-14,9600000000.00002,0.12629897203440282,0,5.333976010328096e-13
-2.697652891042543e-12,2.697648967365234e-12,0.0,-2.2665669654508037e-19,2.697649194021931e-12,2.697649194021937e-12,2.6976491940219304e-12,6.058451752097371e-27,-4.0389678347315804e-28,-1.848510304853521e-18,-2.697651042532242e-12,-2.6976510425322354e-12,-1.8485103048534787e-18,0.0,0.0,6.607710987942518e-23,0.0,2.697651042532242e-20,6.607710987942518e-23,True,2.4494313325788667e-11,-1.0,321,0.0,6.986182116297076e-14,2.697652891042543e-12,1.510531551967899e-12,1.1871212662311868e-12,7.284350725455308e-20,2.6976528910425928e-12,1.8415751163597e-14,-3.5069436575748048e-12,4.694064923805992e-12,2.0194839173657902e-28,5.215750732826797e-10,0.999999999478425,1.4210854715202004e-14,9600000000.00002,0.1262989720344026,8,1.0455462857190676e-13
-4.618260750828719e-12,4.61825132057294e-12,0.0,-2.299728542707663e-19,4.618251550545794e-12,4.618251550545788e-12,4.618251550545794e-12,-6.462348535570529e-27,0.0,-4.600141463973156e-18,-4.618256150687252e-12,-4.618256150687259e-12,-4.600141463973162e-18,0.0,0.0,1.3409373211308847e-25,0.0,4.618256150687259e-20,1.3409373211308847e-25,True,2.9035577009545807e-14,-5.0,321,0.0,2.0821426750474097e-13,2.3091303754143593e-11,2.0689172243665742e-11,2.4021314024611454e-12,1.0801672674108093e-19,2.3091303754143615e-11,9.795124656154647e-16,-6.0037267167448236e-12,8.405858119205967e-12,-1.6155871338926322e-27,7.806685052535102e-09,0.9999999921933149,4.263256414560601e-14,9600000000.00002,0.1262989720344026,6,2.6319497141485745e-14
-5.275362315192538e-12,5.2753384981532385e-12,0.0,-2.311055886771052e-19,5.2753387292588275e-12,5.2753387292586635e-12,5.275338729258826e-12,-1.6398209409010217e-25,-1.6155871338926322e-27,-1.1792966896439836e-17,-5.27535052222556e-12,-5.275350522225722e-12,-1.1792966896440038e-17,0.0,0.0,4.887151080025212e-25,0.0,5.2753505222257225e-20,4.887151080025212e-25,True,9.264125785452594e-14,-15.0,321,0.0,5.316405326884922e-12,7.913043472788807e-11,7.611006745808675e-11,3.0203671423021283e-12,1.275004076474604e-19,7.913043472788928e-11,1.5353403894027438e-14,-6.857940047599211e-12,9.87830718990134e-12,1.2116903504194741e-27,1.0605823265550003e-05,0.9999893941767344,9.237055564881302e-14,9600000000.00002,0.1262989720344026,5,1.07549235382127e-13
0.0,0.0,0.0,0.0,0.0,0.0,0.0,0.0,0.0,0.0,0.0,-0.0,0.0,0.0,0.0,0.0,0.0,1e-17,0.0,True,0.0,0.0,81,1.0,1.5160404908305711e-15,0.0,0.0,0.0,0.0,0.0,0.0,0.0,0.0,0.0,4.3842106125321165e-10,0.9999999995615789,2.1316282072803006e-14,9599999999.999998,0.12629897203440282,0,5.371312733474049e-15
-9.900243995795134e-14,9.89986007436629e-14,0.0,-2.2618410555950666e-19,9.899882692776846e-14,9.899882692776896e-14,9.89988269277686e-14,5.048709793414476e-28,1.3883951931889808e-28,-1.806515091271773e-18,-9.900063344286024e-14,-9.900063344285987e-14,-1.8065150912717618e-18,-1.7246046362241703e-15,3.635329889420975e-15,2.1817999372240656e-25,3.241857096765825e-30,9.900063344286023e-22,2.1817999372240656e-25,True,2.203824219451409e-12,-1.0,81,1.0,3.181061274061578e-14,9.900243995795134e-14,4.09415905581987e-14,5.80607569661861e-14,9.243356646713754e-20,9.900243995795127e-14,6.374476471941981e-16,-1.2493250601036527e-13,1.8299326297655135e-13,-2.524354896707238e-29,8.900186007953482e-10,0.9999999991099813,2.4868995751603507e-14,9599999999.999998,0.1262989720344026,8,8.704628156965856e-14
-1.6648816482565297e-12,1.6648723446783536e-12,0.0,-2.288561233363389e-19,1.664872573534477e-12,1.6648725735344749e-12,1.664872573534476e-12,-2.0194839173657902e-27,-8.077935669463161e-28,-4.537361027153213e-18,-1.664877110895502e-12,-1.6648771108955033e-12,-4.5373610271532156e-18,-3.32638981535781e-14,4.094382194235158e-14,3.0292258760486853e-26,2.298530057441618e-29,1.6648771108955035e-20,3.0292258760486853e-26,True,1.8194891720382455e-14,-5.0,81,1.0,3.7218500084461193e-13,8.324408241282648e-12,7.183738670884061e-12,1.1406694514297222e-12,1.189688676095275e-19,8.32440824128265e-12,3.88156632174901e-16,-1.95814675782435e-12,3.098816209254072e-12,-4.0389678347315804e-28,3.42776696082431e-08,0.9999999657223304,5.3290705182007514e-14,9599999999.999998,0.1262989720344026,6,3.143484332535419e-14
-4.234832972986607e-10,4.234832735039527e-10,0.0,-2.2919368386447963e-19,4.234832737331464e-10,4.23483273758634e-10,4.2348327375863876e-10,2.5487606021866734e-20,2.5492362310388914e-20,-1.1770012154637385e-17,-4.2348328552864614e-10,-4.234832855286509e-10,-1.1770012154637419e-17,-8.469665455864856e-12,9.103416291942536e-12,5.681202592057608e-19,4.913902335113525e-28,4.234832855286509e-18,5.681202592057608e-19,True,1.3415411625905232e-09,-15.0,81,1.0,4.638139890231201e-11,6.3522494594799105e-09,6.070593248760326e-09,2.8165621025825345e-10,7.901794100587385e-20,6.3522494590975976e-09,6.018544381693104e-11,-4.133204598663323e-10,6.949766701245859e-10,1.0339757656912846e-25,0.0005283079125964719,0.9994716920874035,1.7408297026122455e-13,9599999999.999998,0.1262989720344026,4,9.276437248253609e-13
0.0,0.0,0.0,0.0,0.0,0.0,0.0,0.0,0.0,0.0,0.0,-0.0,0.0,0.0,0.0,0.0,0.0,1e-17,0.0,True,0.0,0.0,161,1.0,9.640814007299647e-17,0.0,0.0,0.0,0.0,0.0,0.0,0.0,0.0,0.0,3.0968445049017186e-10,0.9999999996903156,1.9984014443252818e-14,9600000000.000034,0.12629897203440282,0,1.8003381889097209e-12
-9.899676517331129e-14,9.899286036342812e-14,0.0,-2.265692186715379e-19,9.89930869326468e-14,9.899308693264701e-14,9.899308693264679e-14,2.145701662201152e-28,-1.262177448353619e-29,-1.8391203321996363e-18,-9.899492605297922e-14,-9.899492605297899e-14,-1.8391203321996316e-18,-1.7242264316685807e-15,3.6329495533015005e-15,2.4314586365084114e-25,5.673599691540523e-30,9.899492605297922e-22,2.4314586365084114e-25,True,2.4561447070602034e-12,-1.0,161,1.0,1.1593166451427493e-14,9.899676517331129e-14,4.091205056934651e-14,5.80846220681516e-14,9.253581325383805e-20,9.899676517331137e-14,7.64981025073266e-16,-1.2492750765546377e-13,1.830121297236154e-13,2.524354896707238e-29,5.195355252797869e-10,0.9999999994804645,2.4868995751603507e-14,9600000000.000034,0.1262989720344026,8,4.718851431584776e-14
-1.6643333134385436e-12,1.6643239250831754e-12,0.0,-2.2973460509438453e-19,1.6643241548177805e-12,1.6643241548177908e-12,1.664324154817782e-12,1.029936797856553e-26,1.4136387421560532e-27,-4.579310378514705e-18,-1.6643287341281694e-12,-1.6643287341281605e-12,-4.5793103785146874e-18,-3.325290801430398e-14,4.09251681803483e-14,1.0240802944961922e-24,3.1637608738725755e-29,1.6643287341281695e-20,1.0240802944961922e-24,True,6.153113104981867e-13,-5.0,161,1.0,9.541369002772991e-14,8.321666567192717e-12,7.1802861054999175e-12,1.1413803423435843e-12,1.1934919107453703e-19,8.321666567192693e-12,2.9121338631769605e-15,-1.9575283682985627e-12,3.0989087106421465e-12,-4.0389678347315804e-28,7.767054399228373e-09,0.9999999922329457,5.551115123125783e-14,9600000000.000034,0.1262989720344026,6,4.3291215804409145e-14
-4.2240898149886574e-10,4.224089577152444e-10,0.0,-2.3058003289556146e-19,4.224089579458244e-10,4.2240895794570513e-10,4.2240895794572343e-10,-1.1926910457248968e-22,-1.0096773351975394e-22,-1.1776575721628684e-17,-4.2240896972228084e-10,-4.2240896972229914e-10,-1.1776575721628835e-17,-8.448179139721074e-12,9.10298357415108e-12,5.643200880741157e-19,5.744596397997871e-27,4.224089697222991e-18,5.643200880741157e-19,True,1.3359566877689931e-09,-15.0,161,1.0,1.1289672595114543e-11,6.336134722482986e-09,6.054244503286096e-09,2.818902191184089e-10,8.014834972659566e-20,6.336134722484653e-09,2.6305768537079714e-13,-4.122728867729638e-10,6.941631058913728e-10,1.0339757656912846e-25,1.0581456671061908e-05,0.9999894185433289,1.9184653865522705e-13,9600000000.000034,0.1262989720344026,4,8.467159084320328e-13
0.0,0.0,0.0,0.0,0.0,0.0,0.0,0.0,0.0,0.0,0.0,-0.0,0.0,0.0,0.0,0.0,0.0,1e-17,0.0,True,0.0,0.0,321,1.0,9.828566327266504e-15,0.0,0.0,0.0,0.0,0.0,0.0,0.0,0.0,0.0,3.1056952927957694e-10,0.9999999996894304,2.4868995751603507e-14,9600000000.00002,0.12629897203440282,0,5.333976010328096e-13
-9.899525330602374e-14,9.899132910011909e-14,0.0,-2.2666604959937847e-19,9.899155576616869e-14,9.89915557661689e-14,9.899155576616872e-14,2.145701662201152e-28,2.524354896707238e-29,-1.848769927465681e-18,-9.899340453609637e-14,-9.899340453609618e-14,-1.8487699274656393e-18,-1.7241251841899853e-15,3.63231248788437e-15,2.534578534038902e-25,1.2765503008368937e-30,9.899340453609637e-22,2.534578534038902e-25,True,2.5603509101605937e-12,-1.0,321,1.0,1.6514808607801215e-14,9.899525330602374e-14,4.0903092022119704e-14,5.809206871316237e-14,9.257074175673761e-20,9.899525330602383e-14,8.924914926135869e-16,-1.249261768137404e-13,1.8301824552690278e-13,1.262177448353619e-29,5.215750544255768e-10,0.999999999478425,2.1316282072803006e-14,9600000000.00002,0.1262989720344026,8,1.3102351441811928e-14
-1.6641442678806504e-12,1.6641348374869764e-12,0.0,-2.2997324761038917e-19,1.664135067460224e-12,1.6641350674602184e-12,1.664135067460225e-12,-5.6545549686242126e-27,1.0097419586828951e-27,-4.600210214336706e-18,-1.6641396676704328e-12,-1.6641396676704395e-12,-4.6002102143367236e-18,-3.324911859908191e-14,4.0918675098790915e-14,1.1080908254586091e-24,8.914100497867136e-29,1.6641396676704396e-20,1.1080908254586091e-24,True,6.65864077989187e-13,-5.0,321,1.0,3.62097634696734e-13,8.320721339403252e-12,7.179116869370905e-12,1.1416043505636557e-12,1.1946871069126951e-19,8.320721339403272e-12,2.329971743543805e-15,-1.9573152467534527e-12,3.098919597317109e-12,4.0389678347315804e-28,7.806685695391716e-09,0.9999999921933143,6.217248937900877e-14,9600000000.00002,0.1262989720344026,6,2.8058257825017825e-14
-4.22262080122137e-10,4.222620563038795e-10,0.0,-2.3110532746353844e-19,4.222620565349848e-10,4.222620565349869e-10,4.2226205653498355e-10,2.1196503196671334e-24,-1.2407709188295415e-24,-1.1793575844714431e-17,-4.222620683285628e-10,-4.222620683285594e-10,-1.179357584471438e-17,-8.44524111135396e-12,9.102329637931338e-12,5.640634035902828e-19,2.180488190912653e-26,4.222620683285628e-18,5.640634035902828e-19,True,1.3358135762063861e-09,-15.0,321,1.0,5.7960591930896865e-12,6.333931201832055e-09,6.051889353501695e-09,2.820418482498205e-10,8.052814846938826e-20,6.333931201832044e-09,1.6977367799762354e-15,-4.1213080551759025e-10,6.941726537674111e-10,3.101927297073854e-25,1.061189661570915e-05,0.9999893881033844,1.6342482922482304e-13,9600000000.00002,0.1262989720344026,4,1.245476608124888e-12
