carrier,temperature_K,temperature_status,series,gamma_central_cmV_sqrt,gamma_window_min_cmV_sqrt,gamma_window_max_cmV_sqrt,gamma_theilsen_central_window_cmV_sqrt,central_Vmin_V,central_Vmax_V,central_points,central_rms_lnJ,window_range_is_not_confidence_interval,gamma_cutoff_0.49_cmV_sqrt,gamma_cutoff_0.99_cmV_sqrt,gamma_cutoff_1.49_cmV_sqrt,gamma_cutoff_1.99_cmV_sqrt,gamma_cutoff_2.49_cmV_sqrt
hole,225,actual_figure_trace,published_MG_line,0.0036981300883067,0.0036700901543507,0.0037873055454077,0.0036786756237361627,0.5002224880636827,3.992170396706068,11,0.0077337475384876,True,0.0036981300883067,0.0036700901543507,0.0036980759627186,0.0037873055454077,
hole,245,actual_figure_trace,published_MG_line,0.0029932818914812,0.0029763545037955,0.0030172794222047,0.002985112781589779,0.5002224880636827,3.992170396706068,11,0.005359747680723,True,0.0029932818914812,0.0029855761771254,0.0030172794222047,0.0029763545037955,
hole,267,actual_figure_trace,published_MG_line,0.0021250542204233,0.0021219747645093,0.00219503186503,0.0021356774936442365,0.5002224880636827,3.992170396706068,11,0.0053535744532614,True,0.0021250542204233,0.0021219747645093,0.0021675048217333,0.00219503186503,
hole,284,actual_figure_trace,published_MG_line,0.0016293635631879,0.0016293635631879,0.0016536893086265,0.0016211828766628945,0.5002224880636827,3.992170396706068,11,0.005061584701626,True,0.0016293635631879,0.0016325347338281,0.001634657488646,0.0016536893086265,
hole,306,actual_figure_trace,published_MG_line,0.0009636705575219,0.0009074076897827,0.0009636705575219,0.0009576584505158216,0.5002224880636827,3.992170396706068,11,0.0052319756397562,True,0.0009636705575219,0.0009074076897827,0.0009235006634448,0.0009408555955944,
electron,224,actual_figure_trace,experimental_marker,0.0015583818389334,0.0008012246151692,0.0023194251217684,0.0016186964925911595,2.000610164588925,2.8034368728313908,41,0.0082435559361915,True,,,0.0008012246151692,0.0015583818389334,0.0023194251217684
electron,247,actual_figure_trace,experimental_marker,0.00190032840302,0.0009478986034591,0.0029043022885761,0.002102682271918003,2.000610164588925,2.8034368728313908,41,0.0087192247504299,True,,,0.0009478986034591,0.00190032840302,0.0029043022885761
electron,263,actual_figure_trace,experimental_marker,0.0021688833540107,0.0010992425438154,0.0032783383327951,0.002346266590385923,2.000610164588925,2.8034368728313908,41,0.0095210292497327,True,,,0.0010992425438154,0.0021688833540107,0.0032783383327951
electron,283,actual_figure_trace,experimental_marker,0.0020122808710679,0.0009587249678373,0.0027991929305707,0.002238092572907439,2.000610164588925,2.8034368728313908,41,0.0086395282441908,True,,,0.0009587249678373,0.0020122808710679,0.0027991929305707
electron,309,actual_figure_trace,experimental_marker,0.0010402885136251,0.0002189531744653,0.0016413386800763,0.0010819113166271154,2.000610164588925,2.8034368728313908,41,0.0076023113698742,True,,,0.0002189531744653,0.0010402885136251,0.0016413386800763
electron,328,actual_figure_trace,experimental_marker,0.0002159504032726,-0.0004045184818029,0.0004681617138417,0.00020225373162261224,2.000610164588925,2.8034368728313908,41,0.0052886610689317,True,,,-0.0004045184818029,0.0002159504032726,0.0004681617138417
