branch,path_index,path_seqno,vertex,x_pdf_pt,y_pdf_pt,T_K,V_V,log10_absJ,absJ_mA_cm2,V_nominal_0p02_grid_V,split,sign_observed,included,source,role,edge_only,comparison_floor_log10,V_lower_V,V_upper_V,comparison_halfwidth_log10,absJ_lower_mA_cm2,absJ_upper_mA_cm2,lower,upper,bounds_basis,quality,split_revision
dark,1317,1546,0,133.71009063720703,470.464599609375,300,0.0200941856555543,-2.2860315700533818,0.005175692070622,0.02,train,False,True,"Thesis original Figure A5.15a, PDF page 190, printed page 180; vector plot geometry, not raw instrument observations",train,False,0.04,0.0185941856555542,0.0215941856555543,0.0634318640443436,0.0044723580571485,0.0059896341186462,0.0044723580571485,0.0059896341186462,"Operational comparison tolerance: +/-0.04 decade plus max local path change over +/-1.5 mV; deliberately conservative, not experimental uncertainty or confidence interval",vector_plot_center_recovered_not_instrument_raw,"v2 adds diagnostic 0.80-0.88V crossing shoulders to calibration, retains every v1 holdout unchanged"
dark,1318,1547,0,136.36298370361328,462.8655090332031,300,0.0395571933070613,-1.981995203930628,0.0104232894014121,0.04,train,False,True,"Thesis original Figure A5.15a, PDF page 190, printed page 180; vector plot geometry, not raw instrument observations",train,False,0.04,0.0380571933070612,0.0410571933070613,0.0634318640443436,0.0090068500405964,0.0120624814952947,0.0090068500405964,0.0120624814952947,"Operational comparison tolerance: +/-0.04 decade plus max local path change over +/-1.5 mV; deliberately conservative, not experimental uncertainty or confidence interval",vector_plot_center_recovered_not_instrument_raw,"v2 adds diagnostic 0.80-0.88V crossing shoulders to calibration, retains every v1 holdout unchanged"
dark,1319,1548,0,139.14852142333984,458.4832153320313,300,0.0599933513411437,-1.806661505926711,0.0156076850966105,0.06,train,False,True,"Thesis original Figure A5.15a, PDF page 190, printed page 180; vector plot geometry, not raw instrument observations",train,False,0.04,0.0584933513411436,0.0614933513411437,0.0528693733218963,0.013818761481155,0.0176281958703143,0.013818761481155,0.0176281958703143,"Operational comparison tolerance: +/-0.04 decade plus max local path change over +/-1.5 mV; deliberately conservative, not experimental uncertainty or confidence interval",vector_plot_center_recovered_not_instrument_raw,"v2 adds diagnostic 0.80-0.88V crossing shoulders to calibration, retains every v1 holdout unchanged"
dark,1320,1549,0,141.80361938476562,455.2625732421875,300,0.0794725352528926,-1.6778049924054097,0.0209988256455327,0.08,train,False,True,"Thesis original Figure A5.15a, PDF page 190, printed page 180; vector plot geometry, not raw instrument observations",train,False,0.04,0.0779725352528926,0.0809725352528926,0.0499226318288094,0.0187185574103362,0.0235568729376544,0.0187185574103362,0.0235568729376544,"Operational comparison tolerance: +/-0.04 decade plus max local path change over +/-1.5 mV; deliberately conservative, not experimental uncertainty or confidence interval",vector_plot_center_recovered_not_instrument_raw,"v2 adds diagnostic 0.80-0.88V crossing shoulders to calibration, retains every v1 holdout unchanged"
dark,1321,1550,0,144.59225463867188,452.6864929199219,300,0.0999314184138199,-1.574737119721027,0.0266233609541756,0.1,train,False,True,"Thesis original Figure A5.15a, PDF page 190, printed page 180; vector plot geometry, not raw instrument observations",train,False,0.04,0.0984314184138199,0.1014314184138199,0.047556708145332,0.0238619632293353,0.0297043181939419,0.0238619632293353,0.0297043181939419,"Operational comparison tolerance: +/-0.04 decade plus max local path change over +/-1.5 mV; deliberately conservative, not experimental uncertainty or confidence interval",vector_plot_center_recovered_not_instrument_raw,"v2 adds diagnostic 0.80-0.88V crossing shoulders to calibration, retains every v1 holdout unchanged"
dark,1322,1551,0,147.24514770507812,450.6266479492188,300,0.1193944260653269,-1.4923236028151268,0.0321866959274399,0.12,train,False,True,"Thesis original Figure A5.15a, PDF page 190, printed page 180; vector plot geometry, not raw instrument observations",train,False,0.04,0.1178944260653269,0.1208944260653269,0.0463515504680633,0.0289284288278631,0.0358119482011978,0.0289284288278631,0.0358119482011978,"Operational comparison tolerance: +/-0.04 decade plus max local path change over +/-1.5 mV; deliberately conservative, not experimental uncertainty or confidence interval",vector_plot_center_recovered_not_instrument_raw,"v2 adds diagnostic 0.80-0.88V crossing shoulders to calibration, retains every v1 holdout unchanged"
dark,1323,1552,0,150.0306854248047,448.82215881347656,300,0.1398305840994093,-1.4201267637276498,0.0380078441210112,0.14,train,False,True,"Thesis original Figure A5.15a, PDF page 190, printed page 180; vector plot geometry, not raw instrument observations",train,False,0.04,0.1383305840994093,0.1413305840994093,0.0452991985308885,0.0342431759800686,0.0421863969500935,0.0342431759800686,0.0421863969500935,"Operational comparison tolerance: +/-0.04 decade plus max local path change over +/-1.5 mV; deliberately conservative, not experimental uncertainty or confidence interval",vector_plot_center_recovered_not_instrument_raw,"v2 adds diagnostic 0.80-0.88V crossing shoulders to calibration, retains every v1 holdout unchanged"
dark,1324,1553,0,152.68357849121094,447.2742767333984,300,0.1592935917509164,-1.3581966632641598,0.0438332161164116,0.16,train,False,True,"Thesis original Figure A5.15a, PDF page 190, printed page 180; vector plot geometry, not raw instrument observations",train,False,0.04,0.1577935917509164,0.1607935917509164,0.0447729082965264,0.0395394322033419,0.0485932834145667,0.0395394322033419,0.0485932834145667,"Operational comparison tolerance: +/-0.04 decade plus max local path change over +/-1.5 mV; deliberately conservative, not experimental uncertainty or confidence interval",vector_plot_center_recovered_not_instrument_raw,"v2 adds diagnostic 0.80-0.88V crossing shoulders to calibration, retains every v1 holdout unchanged"
dark,1325,1554,0,155.4691162109375,445.8581237792969,300,0.1797297497849988,-1.3015369888303354,0.0499416643116629,0.18,train,False,True,"Thesis original Figure A5.15a, PDF page 190, printed page 180; vector plot geometry, not raw instrument observations",train,False,0.04,0.1782297497849988,0.1812297497849988,0.0441587812889778,0.045113261912861,0.0552868431246772,0.045113261912861,0.0552868431246772,"Operational comparison tolerance: +/-0.04 decade plus max local path change over +/-1.5 mV; deliberately conservative, not experimental uncertainty or confidence interval",vector_plot_center_recovered_not_instrument_raw,"v2 adds diagnostic 0.80-0.88V crossing shoulders to calibration, retains every v1 holdout unchanged"
dark,1326,1555,0,158.12554168701172,444.57073974609375,300,0.199218673036824,-1.2500293038861836,0.0562303382663012,0.2,train,False,True,"Thesis original Figure A5.15a, PDF page 190, printed page 180; vector plot geometry, not raw instrument observations",train,False,0.04,0.197718673036824,0.200718673036824,0.0439643815319039,0.0508166831182535,0.0622207264922198,0.0508166831182535,0.0622207264922198,"Operational comparison tolerance: +/-0.04 decade plus max local path change over +/-1.5 mV; deliberately conservative, not experimental uncertainty or confidence interval",vector_plot_center_recovered_not_instrument_raw,"v2 adds diagnostic 0.80-0.88V crossing shoulders to calibration, retains every v1 holdout unchanged"
dark,1327,1556,0,160.91107940673828,443.40992736816406,300,0.2196548310709064,-1.2035856967731535,0.0625769372351954,0.22,train,False,True,"Thesis original Figure A5.15a, PDF page 190, printed page 180; vector plot geometry, not raw instrument observations",train,False,0.04,0.2181548310709063,0.2211548310709064,0.0434089289461043,0.0566246296144864,0.0691549437126168,0.0566246296144864,0.0691549437126168,"Operational comparison tolerance: +/-0.04 decade plus max local path change over +/-1.5 mV; deliberately conservative, not experimental uncertainty or confidence interval",vector_plot_center_recovered_not_instrument_raw,"v2 adds diagnostic 0.80-0.88V crossing shoulders to calibration, retains every v1 holdout unchanged"
dark,1328,1557,0,163.56397247314453,442.3800048828125,300,0.2391178387224135,-1.1623789383202037,0.0688051683301622,0.24,train,False,True,"Thesis original Figure A5.15a, PDF page 190, printed page 180; vector plot geometry, not raw instrument observations",train,False,0.04,0.2376178387224135,0.2406178387224135,0.0431757752340315,0.0622938663043973,0.0759970679265379,0.0622938663043973,0.0759970679265379,"Operational comparison tolerance: +/-0.04 decade plus max local path change over +/-1.5 mV; deliberately conservative, not experimental uncertainty or confidence interval",vector_plot_center_recovered_not_instrument_raw,"v2 adds diagnostic 0.80-0.88V crossing shoulders to calibration, retains every v1 holdout unchanged"
dark,1329,1558,0,166.3495101928711,441.3488159179688,300,0.2595539967564959,-1.121121508564061,0.0756621175050666,0.26,diagnostic,False,True,"Thesis original Figure A5.15a, PDF page 190, printed page 180; vector plot geometry, not raw instrument observations",diagnostic,False,0.04,0.2580539967564959,0.2610539967564959,0.0430282670808772,0.0685251862087784,0.083542363648727,0.0685251862087784,0.083542363648727,"Operational comparison tolerance: +/-0.04 decade plus max local path change over +/-1.5 mV; deliberately conservative, not experimental uncertainty or confidence interval",vector_plot_center_recovered_not_instrument_raw,"v2 adds diagnostic 0.80-0.88V crossing shoulders to calibration, retains every v1 holdout unchanged"
dark,1330,1559,0,169.1350555419922,440.4476318359375,300,0.2799902107637971,-1.0850655186055258,0.0822118613997641,0.28,holdout,False,True,"Thesis original Figure A5.15a, PDF page 190, printed page 180; vector plot geometry, not raw instrument observations",holdout,False,0.04,0.2784902107637971,0.2814902107637971,0.0427764936033023,0.0745002942034773,0.0907216572374093,0.0745002942034773,0.0907216572374093,"Operational comparison tolerance: +/-0.04 decade plus max local path change over +/-1.5 mV; deliberately conservative, not experimental uncertainty or confidence interval",vector_plot_center_recovered_not_instrument_raw,"v2 adds diagnostic 0.80-0.88V crossing shoulders to calibration, retains every v1 holdout unchanged"
dark,1331,1560,0,171.7901611328125,439.5464477539063,300,0.2994694506487648,-1.0490095286469907,0.0893285884361012,0.3,holdout,False,True,"Thesis original Figure A5.15a, PDF page 190, printed page 180; vector plot geometry, not raw instrument observations",holdout,False,0.04,0.2979694506487648,0.3009694506487648,0.0427764936033023,0.0809494640549517,0.0985750406768533,0.0809494640549517,0.0985750406768533,"Operational comparison tolerance: +/-0.04 decade plus max local path change over +/-1.5 mV; deliberately conservative, not experimental uncertainty or confidence interval",vector_plot_center_recovered_not_instrument_raw,"v2 adds diagnostic 0.80-0.88V crossing shoulders to calibration, retains every v1 holdout unchanged"
dark,1332,1561,0,174.57701873779297,438.645263671875,300,0.3199152920497048,-1.0129535386884558,0.0970613799045942,0.32,holdout,False,True,"Thesis original Figure A5.15a, PDF page 190, printed page 180; vector plot geometry, not raw instrument observations",holdout,False,0.04,0.3184152920497048,0.3214152920497048,0.0426452315596714,0.0879834990786428,0.1070758899980008,0.0879834990786428,0.1070758899980008,"Operational comparison tolerance: +/-0.04 decade plus max local path change over +/-1.5 mV; deliberately conservative, not experimental uncertainty or confidence interval",vector_plot_center_recovered_not_instrument_raw,"v2 adds diagnostic 0.80-0.88V crossing shoulders to calibration, retains every v1 holdout unchanged"
dark,1333,1562,0,177.22991180419922,437.8728332519531,300,0.3393782997012118,-0.9820489277219648,0.1042200008272655,0.34,holdout,False,True,"Thesis original Figure A5.15a, PDF page 190, printed page 180; vector plot geometry, not raw instrument observations",holdout,False,0.04,0.3378782997012118,0.3408782997012118,0.0423817961375639,0.0945299169063508,0.1149033970187006,0.0945299169063508,0.1149033970187006,"Operational comparison tolerance: +/-0.04 decade plus max local path change over +/-1.5 mV; deliberately conservative, not experimental uncertainty or confidence interval",vector_plot_center_recovered_not_instrument_raw,"v2 adds diagnostic 0.80-0.88V crossing shoulders to calibration, retains every v1 holdout unchanged"
dark,1334,1563,0,180.01544952392578,437.09825134277344,300,0.3598144577352942,-0.951058236589809,0.1119287782840087,0.36,holdout,False,True,"Thesis original Figure A5.15a, PDF page 190, printed page 180; vector plot geometry, not raw instrument observations",holdout,False,0.04,0.3583144577352942,0.3613144577352942,0.0423910651083494,0.1015197870965888,0.1234050205033549,0.1015197870965888,0.1234050205033549,"Operational comparison tolerance: +/-0.04 decade plus max local path change over +/-1.5 mV; deliberately conservative, not experimental uncertainty or confidence interval",vector_plot_center_recovered_not_instrument_raw,"v2 adds diagnostic 0.80-0.88V crossing shoulders to calibration, retains every v1 holdout unchanged"
dark,1335,1564,0,182.66834259033203,436.3228149414063,300,0.3792774653868013,-0.9200333575904392,0.1202172093806909,0.38,holdout,False,True,"Thesis original Figure A5.15a, PDF page 190, printed page 180; vector plot geometry, not raw instrument observations",holdout,False,0.04,0.3777774653868013,0.3807774653868013,0.0423910651083494,0.1090374226251822,0.1325432781088419,0.1090374226251822,0.1325432781088419,"Operational comparison tolerance: +/-0.04 decade plus max local path change over +/-1.5 mV; deliberately conservative, not experimental uncertainty or confidence interval",vector_plot_center_recovered_not_instrument_raw,"v2 adds diagnostic 0.80-0.88V crossing shoulders to calibration, retains every v1 holdout unchanged"
dark,1336,1565,0,185.45609283447263,435.5503540039063,300,0.3997298556543443,-0.8891275256286905,0.1290840177440123,0.4,holdout,False,True,"Thesis original Figure A5.15a, PDF page 190, printed page 180; vector plot geometry, not raw instrument observations",holdout,False,0.04,0.3982298556543443,0.4012298556543443,0.0422666665038263,0.117113189232427,0.142278455109502,0.117113189232427,0.142278455109502,"Operational comparison tolerance: +/-0.04 decade plus max local path change over +/-1.5 mV; deliberately conservative, not experimental uncertainty or confidence interval",vector_plot_center_recovered_not_instrument_raw,"v2 adds diagnostic 0.80-0.88V crossing shoulders to calibration, retains every v1 holdout unchanged"
dark,1337,1566,0,188.1120834350586,434.90667724609375,300,0.4192155884326963,-0.8633742936542435,0.1369700790307379,0.42,holdout,False,True,"Thesis original Figure A5.15a, PDF page 190, printed page 180; vector plot geometry, not raw instrument observations",holdout,False,0.04,0.4177155884326963,0.4207155884326963,0.0426464849629565,0.1241592902737204,0.1511026883959041,0.1241592902737204,0.1511026883959041,"Operational comparison tolerance: +/-0.04 decade plus max local path change over +/-1.5 mV; deliberately conservative, not experimental uncertainty or confidence interval",vector_plot_center_recovered_not_instrument_raw,"v2 adds diagnostic 0.80-0.88V crossing shoulders to calibration, retains every v1 holdout unchanged"
dark,1338,1567,0,190.8976211547852,434.0054931640625,300,0.4396517464667787,-0.8273183036957085,0.1488269893112059,0.44,holdout,False,True,"Thesis original Figure A5.15a, PDF page 190, printed page 180; vector plot geometry, not raw instrument observations",holdout,False,0.04,0.4381517464667787,0.4411517464667787,0.0426464849629565,0.1349072257037037,0.164182997848348,0.1349072257037037,0.164182997848348,"Operational comparison tolerance: +/-0.04 decade plus max local path change over +/-1.5 mV; deliberately conservative, not experimental uncertainty or confidence interval",vector_plot_center_recovered_not_instrument_raw,"v2 adds diagnostic 0.80-0.88V crossing shoulders to calibration, retains every v1 holdout unchanged"
dark,1339,1568,0,193.5505142211914,433.2330322265625,300,0.4591147541182857,-0.7964124717339598,0.1598039567546418,0.46,diagnostic,False,True,"Thesis original Figure A5.15a, PDF page 190, printed page 180; vector plot geometry, not raw instrument observations",diagnostic,False,0.04,0.4576147541182856,0.4606147541182857,0.0423818902387902,0.1449458008083861,0.1761851978602606,0.1449458008083861,0.1761851978602606,"Operational comparison tolerance: +/-0.04 decade plus max local path change over +/-1.5 mV; deliberately conservative, not experimental uncertainty or confidence interval",vector_plot_center_recovered_not_instrument_raw,"v2 adds diagnostic 0.80-0.88V crossing shoulders to calibration, retains every v1 holdout unchanged"
dark,1340,1569,0,196.336051940918,432.4606018066406,300,0.4795509121523681,-0.7655078607674688,0.1715900651890562,0.48,train,False,True,"Thesis original Figure A5.15a, PDF page 190, printed page 180; vector plot geometry, not raw instrument observations",train,False,0.04,0.4780509121523681,0.4810509121523681,0.0427853492463285,0.1554915489938612,0.1893553100609151,0.1554915489938612,0.1893553100609151,"Operational comparison tolerance: +/-0.04 decade plus max local path change over +/-1.5 mV; deliberately conservative, not experimental uncertainty or confidence interval",vector_plot_center_recovered_not_instrument_raw,"v2 adds diagnostic 0.80-0.88V crossing shoulders to calibration, retains every v1 holdout unchanged"
dark,1341,1570,0,198.98894500732425,431.5572967529297,300,0.4990139198038751,-0.7293670116385268,0.1864803125284619,0.5,train,False,True,"Thesis original Figure A5.15a, PDF page 190, printed page 180; vector plot geometry, not raw instrument observations",train,False,0.04,0.4975139198038751,0.500513919803875,0.0433999475868063,0.1687458266209227,0.2060786192883605,0.1687458266209227,0.2060786192883605,"Operational comparison tolerance: +/-0.04 decade plus max local path change over +/-1.5 mV; deliberately conservative, not experimental uncertainty or confidence interval",vector_plot_center_recovered_not_instrument_raw,"v2 adds diagnostic 0.80-0.88V crossing shoulders to calibration, retains every v1 holdout unchanged"
dark,1342,1571,0,201.77978515625,430.3973388671875,300,0.5194889792250443,-0.6829575923927111,0.2075116136685643,0.52,train,False,True,"Thesis original Figure A5.15a, PDF page 190, printed page 180; vector plot geometry, not raw instrument observations",train,False,0.04,0.5179889792250444,0.5209889792250443,0.0434026107209131,0.1877758760806715,0.2293216290937806,0.1877758760806715,0.2293216290937806,"Operational comparison tolerance: +/-0.04 decade plus max local path change over +/-1.5 mV; deliberately conservative, not experimental uncertainty or confidence interval",vector_plot_center_recovered_not_instrument_raw,"v2 adds diagnostic 0.80-0.88V crossing shoulders to calibration, retains every v1 holdout unchanged"
dark,1343,1572,0,204.56532287597656,429.2386779785156,300,0.5399251372591267,-0.6366000654453459,0.2308872412175588,0.54,train,False,True,"Thesis original Figure A5.15a, PDF page 190, printed page 180; vector plot geometry, not raw instrument observations",train,False,0.04,0.5384251372591268,0.5414251372591267,0.043969660229273,0.2086557101741308,0.2554874635952542,0.2086557101741308,0.2554874635952542,"Operational comparison tolerance: +/-0.04 decade plus max local path change over +/-1.5 mV; deliberately conservative, not experimental uncertainty or confidence interval",vector_plot_center_recovered_not_instrument_raw,"v2 adds diagnostic 0.80-0.88V crossing shoulders to calibration, retains every v1 holdout unchanged"
dark,1344,1573,0,207.2182159423828,427.9512939453125,300,0.5593881449106337,-0.5850923805011942,0.2599606531735972,0.56,train,False,True,"Thesis original Figure A5.15a, PDF page 190, printed page 180; vector plot geometry, not raw instrument observations",train,False,0.04,0.5578881449106338,0.5608881449106337,0.044536844167956,0.2346231035898363,0.2880344696001659,0.2346231035898363,0.2880344696001659,"Operational comparison tolerance: +/-0.04 decade plus max local path change over +/-1.5 mV; deliberately conservative, not experimental uncertainty or confidence interval",vector_plot_center_recovered_not_instrument_raw,"v2 adds diagnostic 0.80-0.88V crossing shoulders to calibration, retains every v1 holdout unchanged"
dark,1345,1574,0,210.00375366210932,426.4064025878906,300,0.5798243029447161,-0.5232819375729545,0.2997216138759081,0.58,train,False,True,"Thesis original Figure A5.15a, PDF page 190, printed page 180; vector plot geometry, not raw instrument observations",train,False,0.04,0.5783243029447162,0.581324302944716,0.0451672394851185,0.2701163191151944,0.3325717088054519,0.2701163191151944,0.3325717088054519,"Operational comparison tolerance: +/-0.04 decade plus max local path change over +/-1.5 mV; deliberately conservative, not experimental uncertainty or confidence interval",vector_plot_center_recovered_not_instrument_raw,"v2 adds diagnostic 0.80-0.88V crossing shoulders to calibration, retains every v1 holdout unchanged"
dark,1346,1575,0,212.6566467285156,424.7306365966797,300,0.5992873105962232,-0.4562352564822638,0.3497556537412153,0.6,train,False,True,"Thesis original Figure A5.15a, PDF page 190, printed page 180; vector plot geometry, not raw instrument observations",train,False,0.04,0.5977873105962233,0.6007873105962231,0.0451672394851185,0.3152081978893265,0.3880895806107686,0.3152081978893265,0.3880895806107686,"Operational comparison tolerance: +/-0.04 decade plus max local path change over +/-1.5 mV; deliberately conservative, not experimental uncertainty or confidence interval",vector_plot_center_recovered_not_instrument_raw,"v2 adds diagnostic 0.80-0.88V crossing shoulders to calibration, retains every v1 holdout unchanged"
dark,1347,1576,0,215.44439697265625,423.0540161132813,300,0.6197397008637662,-0.3891543875243589,0.4081742585030671,0.62,train,False,True,"Thesis original Figure A5.15a, PDF page 190, printed page 180; vector plot geometry, not raw instrument observations",train,False,0.04,0.6182397008637662,0.6212397008637661,0.0463482796710392,0.3668574413998577,0.4541443255690581,0.3668574413998577,0.4541443255690581,"Operational comparison tolerance: +/-0.04 decade plus max local path change over +/-1.5 mV; deliberately conservative, not experimental uncertainty or confidence interval",vector_plot_center_recovered_not_instrument_raw,"v2 adds diagnostic 0.80-0.88V crossing shoulders to calibration, retains every v1 holdout unchanged"
dark,1348,1577,0,218.0986175537109,420.99420166015625,300,0.6392124478553497,-0.3067420916137162,0.4934667651600024,0.64,train,False,True,"Thesis original Figure A5.15a, PDF page 190, printed page 180; vector plot geometry, not raw instrument observations",train,False,0.04,0.6377124478553498,0.6407124478553496,0.0463482796710391,0.4435163440888632,0.5490427840212517,0.4435163440888632,0.5490427840212517,"Operational comparison tolerance: +/-0.04 decade plus max local path change over +/-1.5 mV; deliberately conservative, not experimental uncertainty or confidence interval",vector_plot_center_recovered_not_instrument_raw,"v2 adds diagnostic 0.80-0.88V crossing shoulders to calibration, retains every v1 holdout unchanged"
dark,1349,1578,0,220.8841552734375,418.9322052001953,300,0.6596486058894321,-0.2242424945421512,0.5967020164350256,0.66,holdout,False,True,"Thesis original Figure A5.15a, PDF page 190, printed page 180; vector plot geometry, not raw instrument observations",holdout,False,0.04,0.6581486058894321,0.661148605889432,0.0471494818160333,0.5353132876289594,0.6651306900949115,0.5353132876289594,0.6651306900949115,"Operational comparison tolerance: +/-0.04 decade plus max local path change over +/-1.5 mV; deliberately conservative, not experimental uncertainty or confidence interval",vector_plot_center_recovered_not_instrument_raw,"v2 adds diagnostic 0.80-0.88V crossing shoulders to calibration, retains every v1 holdout unchanged"
dark,1350,1579,0,223.5370483398437,416.6135864257813,300,0.6791116135409391,-0.1314755483489702,0.7387958575123577,0.68,holdout,False,True,"Thesis original Figure A5.15a, PDF page 190, printed page 180; vector plot geometry, not raw instrument observations",holdout,False,0.04,0.6776116135409391,0.680611613540939,0.0475676654249741,0.6621506141917757,0.8243129393508902,0.6621506141917757,0.8243129393508902,"Operational comparison tolerance: +/-0.04 decade plus max local path change over +/-1.5 mV; deliberately conservative, not experimental uncertainty or confidence interval",vector_plot_center_recovered_not_instrument_raw,"v2 adds diagnostic 0.80-0.88V crossing shoulders to calibration, retains every v1 holdout unchanged"
dark,1351,1580,0,226.3225860595703,414.0366363525391,300,0.6995477715750215,-0.0283728772997445,0.9367573788018788,0.7000000000000001,holdout,False,True,"Thesis original Figure A5.15a, PDF page 190, printed page 180; vector plot geometry, not raw instrument observations",holdout,False,0.04,0.6980477715750215,0.7010477715750214,0.0491319184887882,0.8365563578545548,1.0489602744640585,0.8365563578545548,1.0489602744640585,"Operational comparison tolerance: +/-0.04 decade plus max local path change over +/-1.5 mV; deliberately conservative, not experimental uncertainty or confidence interval",vector_plot_center_recovered_not_instrument_raw,"v2 adds diagnostic 0.80-0.88V crossing shoulders to calibration, retains every v1 holdout unchanged"
dark,1352,1581,0,228.97769165039065,411.0726318359375,300,0.7190270114599892,0.090215676602312,1.2308798909075631,0.72,holdout,False,True,"Thesis original Figure A5.15a, PDF page 190, printed page 180; vector plot geometry, not raw instrument observations",holdout,False,0.04,0.7175270114599892,0.7205270114599891,0.0498251171113514,1.0974646986180394,1.380513931562838,1.0974646986180394,1.380513931562838,"Operational comparison tolerance: +/-0.04 decade plus max local path change over +/-1.5 mV; deliberately conservative, not experimental uncertainty or confidence interval",vector_plot_center_recovered_not_instrument_raw,"v2 adds diagnostic 0.80-0.88V crossing shoulders to calibration, retains every v1 holdout unchanged"
dark,1353,1582,0,231.76632690429688,407.72325134277344,300,0.7394858946209165,0.2242229586180287,1.6758029809556505,0.74,holdout,False,True,"Thesis original Figure A5.15a, PDF page 190, printed page 180; vector plot geometry, not raw instrument observations",holdout,False,0.04,0.7379858946209166,0.7409858946209165,0.0519130740911609,1.4869962884661236,1.888582811377893,1.4869962884661236,1.888582811377893,"Operational comparison tolerance: +/-0.04 decade plus max local path change over +/-1.5 mV; deliberately conservative, not experimental uncertainty or confidence interval",vector_plot_center_recovered_not_instrument_raw,"v2 adds diagnostic 0.80-0.88V crossing shoulders to calibration, retains every v1 holdout unchanged"
dark,1354,1583,0,234.41921997070312,403.8597717285156,300,0.7589489022724235,0.3787991267441917,2.392209037382929,0.76,holdout,False,True,"Thesis original Figure A5.15a, PDF page 190, printed page 180; vector plot geometry, not raw instrument observations",holdout,False,0.04,0.7574489022724236,0.7604489022724235,0.0519130740911609,2.12268745207446,2.695952281125474,2.12268745207446,2.695952281125474,"Operational comparison tolerance: +/-0.04 decade plus max local path change over +/-1.5 mV; deliberately conservative, not experimental uncertainty or confidence interval",vector_plot_center_recovered_not_instrument_raw,"v2 adds diagnostic 0.80-0.88V crossing shoulders to calibration, retains every v1 holdout unchanged"
dark,1355,1584,0,237.2047576904297,399.8636932373047,300,0.7793850603065059,0.5386805192648632,3.45684987475901,0.78,holdout,False,True,"Thesis original Figure A5.15a, PDF page 190, printed page 180; vector plot geometry, not raw instrument observations",holdout,False,0.04,0.777885060306506,0.7808850603065058,0.0524825724719086,3.0633593620673483,3.9008845010455766,3.0633593620673483,3.9008845010455766,"Operational comparison tolerance: +/-0.04 decade plus max local path change over +/-1.5 mV; deliberately conservative, not experimental uncertainty or confidence interval",vector_plot_center_recovered_not_instrument_raw,"v2 adds diagnostic 0.80-0.88V crossing shoulders to calibration, retains every v1 holdout unchanged"
dark,1356,1585,0,239.99029541015625,395.6131134033203,300,0.7998212183405883,0.7087444017367437,5.113807805750366,0.8,diagnostic,False,True,"Thesis original Figure A5.15a, PDF page 190, printed page 180; vector plot geometry, not raw instrument observations",train,False,0.04,0.7983212183405883,0.8013212183405882,0.0527070061370155,4.529365790309619,5.773662690282681,4.529365790309619,5.773662690282681,"Operational comparison tolerance: +/-0.04 decade plus max local path change over +/-1.5 mV; deliberately conservative, not experimental uncertainty or confidence interval",vector_plot_center_recovered_not_instrument_raw,"v2 adds diagnostic 0.80-0.88V crossing shoulders to calibration, retains every v1 holdout unchanged"
dark,1357,1586,0,242.6431884765625,391.4921569824219,300,0.8192842259920954,0.873622106851737,7.4751877808626785,0.8200000000000001,diagnostic,False,True,"Thesis original Figure A5.15a, PDF page 190, printed page 180; vector plot geometry, not raw instrument observations",train,False,0.04,0.8177842259920954,0.8207842259920953,0.0527070061370154,6.62087061087972,8.439740880502434,6.62087061087972,8.439740880502434,"Operational comparison tolerance: +/-0.04 decade plus max local path change over +/-1.5 mV; deliberately conservative, not experimental uncertainty or confidence interval",vector_plot_center_recovered_not_instrument_raw,"v2 adds diagnostic 0.80-0.88V crossing shoulders to calibration, retains every v1 holdout unchanged"
dark,1358,1587,0,245.4322509765625,387.6248168945313,300,0.8397462436532771,1.0283527308779932,10.674627548752207,0.84,diagnostic,False,True,"Thesis original Figure A5.15a, PDF page 190, printed page 180; vector plot geometry, not raw instrument observations",train,False,0.04,0.8382462436532772,0.841246243653277,0.0513427688257585,9.484402188217013,12.01421776969169,9.484402188217013,12.01421776969169,"Operational comparison tolerance: +/-0.04 decade plus max local path change over +/-1.5 mV; deliberately conservative, not experimental uncertainty or confidence interval",vector_plot_center_recovered_not_instrument_raw,"v2 adds diagnostic 0.80-0.88V crossing shoulders to calibration, retains every v1 holdout unchanged"
dark,1359,1588,0,248.08514404296875,384.1466979980469,300,0.8592092513047842,1.1675107813881251,14.706549240533858,0.86,diagnostic,False,True,"Thesis original Figure A5.15a, PDF page 190, printed page 180; vector plot geometry, not raw instrument observations",train,False,0.04,0.8577092513047843,0.8607092513047842,0.0507248108567139,13.085368895274582,16.52858183022654,13.085368895274582,16.52858183022654,"Operational comparison tolerance: +/-0.04 decade plus max local path change over +/-1.5 mV; deliberately conservative, not experimental uncertainty or confidence interval",vector_plot_center_recovered_not_instrument_raw,"v2 adds diagnostic 0.80-0.88V crossing shoulders to calibration, retains every v1 holdout unchanged"
dark,1360,1589,0,250.8706817626953,381.0556640625,300,0.8796454093388666,1.2911817280501685,19.55157409101572,0.88,diagnostic,False,True,"Thesis original Figure A5.15a, PDF page 190, printed page 180; vector plot geometry, not raw instrument observations",train,False,0.04,0.8781454093388666,0.8811454093388665,0.0490773627647466,17.462417417692137,21.890671852179203,17.462417417692137,21.890671852179203,"Operational comparison tolerance: +/-0.04 decade plus max local path change over +/-1.5 mV; deliberately conservative, not experimental uncertainty or confidence interval",vector_plot_center_recovered_not_instrument_raw,"v2 adds diagnostic 0.80-0.88V crossing shoulders to calibration, retains every v1 holdout unchanged"
dark,1361,1590,0,253.5235748291016,378.3499755859375,300,0.8991084169903736,1.399435167593809,25.08621659121747,0.9,train,False,True,"Thesis original Figure A5.15a, PDF page 190, printed page 180; vector plot geometry, not raw instrument observations",train,False,0.04,0.8976084169903736,0.9006084169903735,0.0483430147191501,22.443581032374126,28.04001117084229,22.443581032374126,28.04001117084229,"Operational comparison tolerance: +/-0.04 decade plus max local path change over +/-1.5 mV; deliberately conservative, not experimental uncertainty or confidence interval",vector_plot_center_recovered_not_instrument_raw,"v2 adds diagnostic 0.80-0.88V crossing shoulders to calibration, retains every v1 holdout unchanged"
dark,1362,1591,0,256.3091125488281,376.0296630859375,300,0.919544575024456,1.4922698790237898,31.064894212937304,0.92,train,False,True,"Thesis original Figure A5.15a, PDF page 190, printed page 180; vector plot geometry, not raw instrument observations",train,False,0.04,0.918044575024456,0.921044575024456,0.0468140042229429,27.890472690912883,34.60062018867846,27.890472690912883,34.60062018867846,"Operational comparison tolerance: +/-0.04 decade plus max local path change over +/-1.5 mV; deliberately conservative, not experimental uncertainty or confidence interval",vector_plot_center_recovered_not_instrument_raw,"v2 adds diagnostic 0.80-0.88V crossing shoulders to calibration, retains every v1 holdout unchanged"
dark,1363,1592,0,258.96421813964844,373.9698181152344,300,0.9390238149094238,1.5746833959296902,37.556351573000114,0.94,train,False,True,"Thesis original Figure A5.15a, PDF page 190, printed page 180; vector plot geometry, not raw instrument observations",train,False,0.04,0.9375238149094238,0.9405238149094236,0.0463462576614319,33.754924292745166,41.78588970433383,33.754924292745166,41.78588970433383,"Operational comparison tolerance: +/-0.04 decade plus max local path change over +/-1.5 mV; deliberately conservative, not experimental uncertainty or confidence interval",vector_plot_center_recovered_not_instrument_raw,"v2 adds diagnostic 0.80-0.88V crossing shoulders to calibration, retains every v1 holdout unchanged"
dark,1364,1593,0,261.7528533935547,372.1653137207031,300,0.959482698070351,1.646880845514796,44.34869506764597,0.96,train,False,True,"Thesis original Figure A5.15a, PDF page 190, printed page 180; vector plot geometry, not raw instrument observations",train,False,0.04,0.9579826980703512,0.960982698070351,0.0452933570970521,39.95650453904758,49.22369403662375,39.95650453904758,49.22369403662375,"Operational comparison tolerance: +/-0.04 decade plus max local path change over +/-1.5 mV; deliberately conservative, not experimental uncertainty or confidence interval",vector_plot_center_recovered_not_instrument_raw,"v2 adds diagnostic 0.80-0.88V crossing shoulders to calibration, retains every v1 holdout unchanged"
dark,1365,1594,0,264.40574645996094,370.4904174804688,300,0.978945705721858,1.7138927282406435,51.74789976329714,0.98,train,False,True,"Thesis original Figure A5.15a, PDF page 190, printed page 180; vector plot geometry, not raw instrument observations",train,False,0.04,0.977445705721858,0.980445705721858,0.0451645576001704,46.63673848247332,57.41921963343592,46.63673848247332,57.41921963343592,"Operational comparison tolerance: +/-0.04 decade plus max local path change over +/-1.5 mV; deliberately conservative, not experimental uncertainty or confidence interval",vector_plot_center_recovered_not_instrument_raw,"v2 adds diagnostic 0.80-0.88V crossing shoulders to calibration, retains every v1 holdout unchanged"
dark,1366,1595,0,267.1912841796875,369.07427978515625,300,0.9993818637559404,1.7705517921768392,58.9592285228338,1.0,diagnostic,False,True,"Thesis original Figure A5.15a, PDF page 190, printed page 180; vector plot geometry, not raw instrument observations",diagnostic,False,0.04,0.9978818637559403,1.0008818637559405,0.0441587364788699,53.259005874777614,65.26953650206963,53.259005874777614,65.26953650206963,"Operational comparison tolerance: +/-0.04 decade plus max local path change over +/-1.5 mV; deliberately conservative, not experimental uncertainty or confidence interval",vector_plot_center_recovered_not_instrument_raw,"v2 adds diagnostic 0.80-0.88V crossing shoulders to calibration, retains every v1 holdout unchanged"
dark,1367,1596,0,269.8441772460937,367.786865234375,300,1.0188448714074476,1.8220606981162488,66.3835843327264,1.02,holdout,False,True,"Thesis original Figure A5.15a, PDF page 190, printed page 180; vector plot geometry, not raw instrument observations",holdout,False,0.04,1.0173448714074476,1.0203448714074477,0.0439697543304995,59.99166891404589,73.45653735978055,59.99166891404589,73.45653735978055,"Operational comparison tolerance: +/-0.04 decade plus max local path change over +/-1.5 mV; deliberately conservative, not experimental uncertainty or confidence interval",vector_plot_center_recovered_not_instrument_raw,"v2 adds diagnostic 0.80-0.88V crossing shoulders to calibration, retains every v1 holdout unchanged"
dark,1368,1597,0,272.6319122314453,366.6282043457031,300,1.0392971497285528,1.8684182250636137,73.86151732787688,1.04,holdout,False,True,"Thesis original Figure A5.15a, PDF page 190, printed page 180; vector plot geometry, not raw instrument observations",holdout,False,0.04,1.0377971497285527,1.0407971497285529,0.0433999288162089,66.83720745997516,81.62405266921492,66.83720745997516,81.62405266921492,"Operational comparison tolerance: +/-0.04 decade plus max local path change over +/-1.5 mV; deliberately conservative, not experimental uncertainty or confidence interval",vector_plot_center_recovered_not_instrument_raw,"v2 adds diagnostic 0.80-0.88V crossing shoulders to calibration, retains every v1 holdout unchanged"
dark,1369,1598,0,275.4187927246094,365.5961456298828,300,1.0597431590491493,1.9097104531846,81.22887776452538,1.06,holdout,False,True,"Thesis original Figure A5.15a, PDF page 190, printed page 180; vector plot geometry, not raw instrument observations",holdout,False,0.04,1.0582431590491492,1.0612431590491491,0.0431849971542041,73.54030996266194,89.72127784386855,73.54030996266194,89.72127784386855,"Operational comparison tolerance: +/-0.04 decade plus max local path change over +/-1.5 mV; deliberately conservative, not experimental uncertainty or confidence interval",vector_plot_center_recovered_not_instrument_raw,"v2 adds diagnostic 0.80-0.88V crossing shoulders to calibration, retains every v1 holdout unchanged"
dark,1370,1599,0,278.0716857910156,364.563232421875,300,1.0792061667006565,1.9510368691728,89.33813235923591,1.08,holdout,False,True,"Thesis original Figure A5.15a, PDF page 190, printed page 180; vector plot geometry, not raw instrument observations",holdout,False,0.04,1.0777061667006564,1.0807061667006566,0.0431849971542041,80.88199820055603,98.67834711063662,80.88199820055603,98.67834711063662,"Operational comparison tolerance: +/-0.04 decade plus max local path change over +/-1.5 mV; deliberately conservative, not experimental uncertainty or confidence interval",vector_plot_center_recovered_not_instrument_raw,"v2 adds diagnostic 0.80-0.88V crossing shoulders to calibration, retains every v1 holdout unchanged"
dark,1371,1600,0,280.8572235107422,363.66204833984375,300,1.0996423247347389,1.987092859131335,97.0717500040817,1.1,holdout,False,True,"Thesis original Figure A5.15a, PDF page 190, printed page 180; vector plot geometry, not raw instrument observations",holdout,False,0.04,1.0981423247347388,1.101142324734739,0.0426464849629566,87.99264533847634,107.0876391158409,87.99264533847634,107.0876391158409,"Operational comparison tolerance: +/-0.04 decade plus max local path change over +/-1.5 mV; deliberately conservative, not experimental uncertainty or confidence interval",vector_plot_center_recovered_not_instrument_raw,"v2 adds diagnostic 0.80-0.88V crossing shoulders to calibration, retains every v1 holdout unchanged"
light,1308,1537,0,130.97317504882812,377.6182861328125,300,1.4744945074421107e-05,1.4287097498913317,26.835503608750745,0.0,train,False,True,"Thesis original Figure A5.15a, PDF page 190, printed page 180; vector plot geometry, not raw instrument observations",train,False,0.04,-0.0014852550549255,0.0015147449450744,0.04,24.47427017075531,29.42454458951695,24.47427017075531,29.42454458951695,"Operational comparison tolerance: +/-0.04 decade plus max local path change over +/-1.5 mV; deliberately conservative, not experimental uncertainty or confidence interval",vector_plot_center_recovered_not_instrument_raw,"v2 adds diagnostic 0.80-0.88V crossing shoulders to calibration, retains every v1 holdout unchanged"
light,1308,1537,1,133.75872802734375,377.6182861328125,300,0.0204510149255944,1.4287097498913317,26.835503608750745,0.02,train,False,True,"Thesis original Figure A5.15a, PDF page 190, printed page 180; vector plot geometry, not raw instrument observations",train,False,0.04,0.0189510149255944,0.0219510149255944,0.04,24.47427017075531,29.42454458951695,24.47427017075531,29.42454458951695,"Operational comparison tolerance: +/-0.04 decade plus max local path change over +/-1.5 mV; deliberately conservative, not experimental uncertainty or confidence interval",vector_plot_center_recovered_not_instrument_raw,"v2 adds diagnostic 0.80-0.88V crossing shoulders to calibration, retains every v1 holdout unchanged"
light,1308,1537,2,136.41162109375,377.6182861328125,300,0.0399140225771015,1.4287097498913317,26.835503608750745,0.04,train,False,True,"Thesis original Figure A5.15a, PDF page 190, printed page 180; vector plot geometry, not raw instrument observations",train,False,0.04,0.0384140225771015,0.0414140225771015,0.0403780201396126,24.45297645853397,29.450167555530744,24.45297645853397,29.450167555530744,"Operational comparison tolerance: +/-0.04 decade plus max local path change over +/-1.5 mV; deliberately conservative, not experimental uncertainty or confidence interval",vector_plot_center_recovered_not_instrument_raw,"v2 adds diagnostic 0.80-0.88V crossing shoulders to calibration, retains every v1 holdout unchanged"
light,1308,1537,3,139.1971435546875,377.74700927734375,300,0.0603500686647462,1.4235595918945452,26.51914951637318,0.06,train,False,True,"Thesis original Figure A5.15a, PDF page 190, printed page 180; vector plot geometry, not raw instrument observations",train,False,0.04,0.0588500686647462,0.0618500686647462,0.0403780201396126,24.16470912111956,29.102990131054945,24.16470912111956,29.102990131054945,"Operational comparison tolerance: +/-0.04 decade plus max local path change over +/-1.5 mV; deliberately conservative, not experimental uncertainty or confidence interval",vector_plot_center_recovered_not_instrument_raw,"v2 adds diagnostic 0.80-0.88V crossing shoulders to calibration, retains every v1 holdout unchanged"
light,1308,1537,4,141.85003662109375,377.74700927734375,300,0.0798130763162533,1.4235595918945452,26.51914951637318,0.08,train,False,True,"Thesis original Figure A5.15a, PDF page 190, printed page 180; vector plot geometry, not raw instrument observations",train,False,0.04,0.0783130763162533,0.0813130763162533,0.04,24.185751809432368,29.07766922496428,24.185751809432368,29.07766922496428,"Operational comparison tolerance: +/-0.04 decade plus max local path change over +/-1.5 mV; deliberately conservative, not experimental uncertainty or confidence interval",vector_plot_center_recovered_not_instrument_raw,"v2 adds diagnostic 0.80-0.88V crossing shoulders to calibration, retains every v1 holdout unchanged"
light,1308,1537,5,144.63558959960938,377.74700927734375,300,0.1002493462967733,1.4235595918945452,26.51914951637318,0.1,train,False,True,"Thesis original Figure A5.15a, PDF page 190, printed page 180; vector plot geometry, not raw instrument observations",train,False,0.04,0.0987493462967733,0.1017493462967733,0.04,24.185751809432368,29.07766922496428,24.185751809432368,29.07766922496428,"Operational comparison tolerance: +/-0.04 decade plus max local path change over +/-1.5 mV; deliberately conservative, not experimental uncertainty or confidence interval",vector_plot_center_recovered_not_instrument_raw,"v2 adds diagnostic 0.80-0.88V crossing shoulders to calibration, retains every v1 holdout unchanged"
light,1308,1537,6,147.28848266601562,377.74700927734375,300,0.1197123539482804,1.4235595918945452,26.51914951637318,0.12,train,False,True,"Thesis original Figure A5.15a, PDF page 190, printed page 180; vector plot geometry, not raw instrument observations",train,False,0.04,0.1182123539482804,0.1212123539482804,0.04,24.185751809432368,29.07766922496428,24.185751809432368,29.07766922496428,"Operational comparison tolerance: +/-0.04 decade plus max local path change over +/-1.5 mV; deliberately conservative, not experimental uncertainty or confidence interval",vector_plot_center_recovered_not_instrument_raw,"v2 adds diagnostic 0.80-0.88V crossing shoulders to calibration, retains every v1 holdout unchanged"
light,1308,1537,7,150.07400512695312,377.74700927734375,300,0.1401484000359251,1.4235595918945452,26.51914951637318,0.14,train,False,True,"Thesis original Figure A5.15a, PDF page 190, printed page 180; vector plot geometry, not raw instrument observations",train,False,0.04,0.1386484000359251,0.1416484000359251,0.04,24.185751809432368,29.07766922496428,24.185751809432368,29.07766922496428,"Operational comparison tolerance: +/-0.04 decade plus max local path change over +/-1.5 mV; deliberately conservative, not experimental uncertainty or confidence interval",vector_plot_center_recovered_not_instrument_raw,"v2 adds diagnostic 0.80-0.88V crossing shoulders to calibration, retains every v1 holdout unchanged"
light,1308,1537,8,152.72689819335938,377.74700927734375,300,0.1596114076874321,1.4235595918945452,26.51914951637318,0.16,train,False,True,"Thesis original Figure A5.15a, PDF page 190, printed page 180; vector plot geometry, not raw instrument observations",train,False,0.04,0.1581114076874321,0.1611114076874321,0.04,24.185751809432368,29.07766922496428,24.185751809432368,29.07766922496428,"Operational comparison tolerance: +/-0.04 decade plus max local path change over +/-1.5 mV; deliberately conservative, not experimental uncertainty or confidence interval",vector_plot_center_recovered_not_instrument_raw,"v2 adds diagnostic 0.80-0.88V crossing shoulders to calibration, retains every v1 holdout unchanged"
light,1308,1537,9,155.512451171875,377.74700927734375,300,0.1800476776679522,1.4235595918945452,26.51914951637318,0.18,train,False,True,"Thesis original Figure A5.15a, PDF page 190, printed page 180; vector plot geometry, not raw instrument observations",train,False,0.04,0.1785476776679522,0.1815476776679522,0.04,24.185751809432368,29.07766922496428,24.185751809432368,29.07766922496428,"Operational comparison tolerance: +/-0.04 decade plus max local path change over +/-1.5 mV; deliberately conservative, not experimental uncertainty or confidence interval",vector_plot_center_recovered_not_instrument_raw,"v2 adds diagnostic 0.80-0.88V crossing shoulders to calibration, retains every v1 holdout unchanged"
light,1308,1537,10,158.16534423828125,377.74700927734375,300,0.1995106853194592,1.4235595918945452,26.51914951637318,0.2,train,False,True,"Thesis original Figure A5.15a, PDF page 190, printed page 180; vector plot geometry, not raw instrument observations",train,False,0.04,0.1980106853194592,0.2010106853194592,0.04,24.185751809432368,29.07766922496428,24.185751809432368,29.07766922496428,"Operational comparison tolerance: +/-0.04 decade plus max local path change over +/-1.5 mV; deliberately conservative, not experimental uncertainty or confidence interval",vector_plot_center_recovered_not_instrument_raw,"v2 adds diagnostic 0.80-0.88V crossing shoulders to calibration, retains every v1 holdout unchanged"
light,1308,1537,11,160.95086669921875,377.74700927734375,300,0.219946731407104,1.4235595918945452,26.51914951637318,0.22,train,False,True,"Thesis original Figure A5.15a, PDF page 190, printed page 180; vector plot geometry, not raw instrument observations",train,False,0.04,0.218446731407104,0.221446731407104,0.04,24.185751809432368,29.07766922496428,24.185751809432368,29.07766922496428,"Operational comparison tolerance: +/-0.04 decade plus max local path change over +/-1.5 mV; deliberately conservative, not experimental uncertainty or confidence interval",vector_plot_center_recovered_not_instrument_raw,"v2 adds diagnostic 0.80-0.88V crossing shoulders to calibration, retains every v1 holdout unchanged"
light,1308,1537,12,163.603759765625,377.74700927734375,300,0.239409739058611,1.4235595918945452,26.51914951637318,0.24,train,False,True,"Thesis original Figure A5.15a, PDF page 190, printed page 180; vector plot geometry, not raw instrument observations",train,False,0.04,0.237909739058611,0.240909739058611,0.04,24.185751809432368,29.07766922496428,24.185751809432368,29.07766922496428,"Operational comparison tolerance: +/-0.04 decade plus max local path change over +/-1.5 mV; deliberately conservative, not experimental uncertainty or confidence interval",vector_plot_center_recovered_not_instrument_raw,"v2 adds diagnostic 0.80-0.88V crossing shoulders to calibration, retains every v1 holdout unchanged"
light,1308,1537,13,166.38931274414062,377.74700927734375,300,0.2598460090391311,1.4235595918945452,26.51914951637318,0.26,diagnostic,False,True,"Thesis original Figure A5.15a, PDF page 190, printed page 180; vector plot geometry, not raw instrument observations",diagnostic,False,0.04,0.2583460090391311,0.2613460090391311,0.04,24.185751809432368,29.07766922496428,24.185751809432368,29.07766922496428,"Operational comparison tolerance: +/-0.04 decade plus max local path change over +/-1.5 mV; deliberately conservative, not experimental uncertainty or confidence interval",vector_plot_center_recovered_not_instrument_raw,"v2 adds diagnostic 0.80-0.88V crossing shoulders to calibration, retains every v1 holdout unchanged"
light,1308,1537,14,169.17483520507812,377.74700927734375,300,0.2802820551267758,1.4235595918945452,26.51914951637318,0.28,holdout,False,True,"Thesis original Figure A5.15a, PDF page 190, printed page 180; vector plot geometry, not raw instrument observations",holdout,False,0.04,0.2787820551267758,0.2817820551267758,0.0403970130735404,24.163652352711928,29.10426291548708,24.163652352711928,29.10426291548708,"Operational comparison tolerance: +/-0.04 decade plus max local path change over +/-1.5 mV; deliberately conservative, not experimental uncertainty or confidence interval",vector_plot_center_recovered_not_instrument_raw,"v2 adds diagnostic 0.80-0.88V crossing shoulders to calibration, retains every v1 holdout unchanged"
light,1308,1537,15,171.82772827148438,377.8757629394531,300,0.2997450627782829,1.418408212902501,26.2064511304042,0.3,holdout,False,True,"Thesis original Figure A5.15a, PDF page 190, printed page 180; vector plot geometry, not raw instrument observations",holdout,False,0.04,0.2982450627782829,0.3012450627782829,0.0403970130735404,23.8787286191984,28.76108237597277,23.8787286191984,28.76108237597277,"Operational comparison tolerance: +/-0.04 decade plus max local path change over +/-1.5 mV; deliberately conservative, not experimental uncertainty or confidence interval",vector_plot_center_recovered_not_instrument_raw,"v2 adds diagnostic 0.80-0.88V crossing shoulders to calibration, retains every v1 holdout unchanged"
light,1308,1537,16,174.61328125,377.74700927734375,300,0.3201813327588029,1.4235595918945452,26.51914951637318,0.32,holdout,False,True,"Thesis original Figure A5.15a, PDF page 190, printed page 180; vector plot geometry, not raw instrument observations",holdout,False,0.04,0.3186813327588029,0.3216813327588029,0.0403781056178759,24.16470436499841,29.1029958591344,24.16470436499841,29.1029958591344,"Operational comparison tolerance: +/-0.04 decade plus max local path change over +/-1.5 mV; deliberately conservative, not experimental uncertainty or confidence interval",vector_plot_center_recovered_not_instrument_raw,"v2 adds diagnostic 0.80-0.88V crossing shoulders to calibration, retains every v1 holdout unchanged"
light,1308,1537,17,177.26617431640625,377.74700927734375,300,0.33964434041031,1.4235595918945452,26.51914951637318,0.34,holdout,False,True,"Thesis original Figure A5.15a, PDF page 190, printed page 180; vector plot geometry, not raw instrument observations",holdout,False,0.04,0.33814434041031,0.34114434041031,0.040378109760319,24.164704134507552,29.102996136728308,24.164704134507552,29.102996136728308,"Operational comparison tolerance: +/-0.04 decade plus max local path change over +/-1.5 mV; deliberately conservative, not experimental uncertainty or confidence interval",vector_plot_center_recovered_not_instrument_raw,"v2 adds diagnostic 0.80-0.88V crossing shoulders to calibration, retains every v1 holdout unchanged"
light,1308,1537,18,180.05169677734375,377.8757629394531,300,0.3600803864979547,1.418408212902501,26.2064511304042,0.36,holdout,False,True,"Thesis original Figure A5.15a, PDF page 190, printed page 180; vector plot geometry, not raw instrument observations",holdout,False,0.04,0.3585803864979547,0.3615803864979547,0.0403970130735404,23.8787286191984,28.76108237597277,23.8787286191984,28.76108237597277,"Operational comparison tolerance: +/-0.04 decade plus max local path change over +/-1.5 mV; deliberately conservative, not experimental uncertainty or confidence interval",vector_plot_center_recovered_not_instrument_raw,"v2 adds diagnostic 0.80-0.88V crossing shoulders to calibration, retains every v1 holdout unchanged"
light,1308,1537,19,182.70458984375,378.0045166015625,300,0.3795433941494618,1.4132568339104572,25.89743990191844,0.38,holdout,False,True,"Thesis original Figure A5.15a, PDF page 190, printed page 180; vector plot geometry, not raw instrument observations",holdout,False,0.04,0.3780433941494618,0.3810433941494618,0.0403970130735404,23.597164540621737,28.421948421766032,23.597164540621737,28.421948421766032,"Operational comparison tolerance: +/-0.04 decade plus max local path change over +/-1.5 mV; deliberately conservative, not experimental uncertainty or confidence interval",vector_plot_center_recovered_not_instrument_raw,"v2 adds diagnostic 0.80-0.88V crossing shoulders to calibration, retains every v1 holdout unchanged"
light,1308,1537,20,185.4901428222656,378.0045166015625,300,0.3999796641299818,1.4132568339104572,25.89743990191844,0.4,holdout,False,True,"Thesis original Figure A5.15a, PDF page 190, printed page 180; vector plot geometry, not raw instrument observations",holdout,False,0.04,0.3984796641299818,0.4014796641299818,0.04,23.618745902117865,28.395978188382077,23.618745902117865,28.395978188382077,"Operational comparison tolerance: +/-0.04 decade plus max local path change over +/-1.5 mV; deliberately conservative, not experimental uncertainty or confidence interval",vector_plot_center_recovered_not_instrument_raw,"v2 adds diagnostic 0.80-0.88V crossing shoulders to calibration, retains every v1 holdout unchanged"
light,1308,1537,21,188.14303588867188,378.0045166015625,300,0.4194426717814888,1.4132568339104572,25.89743990191844,0.42,holdout,False,True,"Thesis original Figure A5.15a, PDF page 190, printed page 180; vector plot geometry, not raw instrument observations",holdout,False,0.04,0.4179426717814888,0.4209426717814888,0.04,23.618745902117865,28.395978188382077,23.618745902117865,28.395978188382077,"Operational comparison tolerance: +/-0.04 decade plus max local path change over +/-1.5 mV; deliberately conservative, not experimental uncertainty or confidence interval",vector_plot_center_recovered_not_instrument_raw,"v2 adds diagnostic 0.80-0.88V crossing shoulders to calibration, retains every v1 holdout unchanged"
light,1308,1537,22,190.92855834960932,378.0045166015625,300,0.4398787178691336,1.4132568339104572,25.89743990191844,0.44,holdout,False,True,"Thesis original Figure A5.15a, PDF page 190, printed page 180; vector plot geometry, not raw instrument observations",holdout,False,0.04,0.4383787178691335,0.4413787178691336,0.0403969189723143,23.597169653563416,28.42194226341031,23.597169653563416,28.42194226341031,"Operational comparison tolerance: +/-0.04 decade plus max local path change over +/-1.5 mV; deliberately conservative, not experimental uncertainty or confidence interval",vector_plot_center_recovered_not_instrument_raw,"v2 adds diagnostic 0.80-0.88V crossing shoulders to calibration, retains every v1 holdout unchanged"
light,1308,1537,23,193.5814514160156,378.13323974609375,300,0.4593417255206407,1.408106675913671,25.59214430491676,0.46,diagnostic,False,True,"Thesis original Figure A5.15a, PDF page 190, printed page 180; vector plot geometry, not raw instrument observations",diagnostic,False,0.04,0.4578417255206407,0.4608417255206407,0.0403969189723143,23.31899111451791,28.086886216784933,23.31899111451791,28.086886216784933,"Operational comparison tolerance: +/-0.04 decade plus max local path change over +/-1.5 mV; deliberately conservative, not experimental uncertainty or confidence interval",vector_plot_center_recovered_not_instrument_raw,"v2 adds diagnostic 0.80-0.88V crossing shoulders to calibration, retains every v1 holdout unchanged"
light,1308,1537,24,196.36700439453125,378.2619934082031,300,0.4797779955011607,1.4029552969216268,25.290376625199453,0.48,train,False,True,"Thesis original Figure A5.15a, PDF page 190, printed page 180; vector plot geometry, not raw instrument observations",train,False,0.04,0.4782779955011607,0.4812779955011607,0.0403970130735404,23.044022141930597,27.755708005531798,23.044022141930597,27.755708005531798,"Operational comparison tolerance: +/-0.04 decade plus max local path change over +/-1.5 mV; deliberately conservative, not experimental uncertainty or confidence interval",vector_plot_center_recovered_not_instrument_raw,"v2 adds diagnostic 0.80-0.88V crossing shoulders to calibration, retains every v1 holdout unchanged"
light,1308,1537,25,199.0198974609375,378.3907470703125,300,0.4992410031526678,1.3978039179295827,24.99216721443517,0.5,train,False,True,"Thesis original Figure A5.15a, PDF page 190, printed page 180; vector plot geometry, not raw instrument observations",train,False,0.04,0.4977410031526678,0.5007410031526678,0.0403970130735404,22.772300436618504,27.42842884111524,22.772300436618504,27.42842884111524,"Operational comparison tolerance: +/-0.04 decade plus max local path change over +/-1.5 mV; deliberately conservative, not experimental uncertainty or confidence interval",vector_plot_center_recovered_not_instrument_raw,"v2 adds diagnostic 0.80-0.88V crossing shoulders to calibration, retains every v1 holdout unchanged"
light,1308,1537,26,201.805419921875,378.51947021484375,300,0.5196770492403125,1.3926537599327964,24.697543551285705,0.52,train,False,True,"Thesis original Figure A5.15a, PDF page 190, printed page 180; vector plot geometry, not raw instrument observations",train,False,0.04,0.5181770492403126,0.5211770492403125,0.0403780201396124,22.50483016261611,27.103899610000315,22.50483016261611,27.103899610000315,"Operational comparison tolerance: +/-0.04 decade plus max local path change over +/-1.5 mV; deliberately conservative, not experimental uncertainty or confidence interval",vector_plot_center_recovered_not_instrument_raw,"v2 adds diagnostic 0.80-0.88V crossing shoulders to calibration, retains every v1 holdout unchanged"
light,1308,1537,27,204.59097290039065,378.51947021484375,300,0.5401133192208326,1.3926537599327964,24.697543551285705,0.54,train,False,True,"Thesis original Figure A5.15a, PDF page 190, printed page 180; vector plot geometry, not raw instrument observations",train,False,0.04,0.5386133192208327,0.5416133192208326,0.0403970130735404,22.503845983852937,27.10508496660178,22.503845983852937,27.10508496660178,"Operational comparison tolerance: +/-0.04 decade plus max local path change over +/-1.5 mV; deliberately conservative, not experimental uncertainty or confidence interval",vector_plot_center_recovered_not_instrument_raw,"v2 adds diagnostic 0.80-0.88V crossing shoulders to calibration, retains every v1 holdout unchanged"
light,1308,1537,28,207.24386596679688,378.6482238769531,300,0.5595763268723396,1.3875023809407523,24.406324483301752,0.56,train,False,True,"Thesis original Figure A5.15a, PDF page 190, printed page 180; vector plot geometry, not raw instrument observations",train,False,0.04,0.5580763268723397,0.5610763268723395,0.0403970130735404,22.238493721598054,26.785477570618923,22.238493721598054,26.785477570618923,"Operational comparison tolerance: +/-0.04 decade plus max local path change over +/-1.5 mV; deliberately conservative, not experimental uncertainty or confidence interval",vector_plot_center_recovered_not_instrument_raw,"v2 adds diagnostic 0.80-0.88V crossing shoulders to calibration, retains every v1 holdout unchanged"
light,1308,1537,29,210.0293884277344,378.7769775390625,300,0.5800123729599843,1.3823510019487084,24.118539301176973,0.58,train,False,True,"Thesis original Figure A5.15a, PDF page 190, printed page 180; vector plot geometry, not raw instrument observations",train,False,0.04,0.5785123729599844,0.5815123729599843,0.040396918972314,21.97627510060753,26.469633063809667,21.97627510060753,26.469633063809667,"Operational comparison tolerance: +/-0.04 decade plus max local path change over +/-1.5 mV; deliberately conservative, not experimental uncertainty or confidence interval",vector_plot_center_recovered_not_instrument_raw,"v2 adds diagnostic 0.80-0.88V crossing shoulders to calibration, retains every v1 holdout unchanged"
light,1308,1537,30,212.68228149414065,378.90570068359375,300,0.5994753806114914,1.377200843951922,23.834214523027164,0.6,train,False,True,"Thesis original Figure A5.15a, PDF page 190, printed page 180; vector plot geometry, not raw instrument observations",train,False,0.04,0.5979753806114915,0.6009753806114914,0.0407561216160274,21.699249946273792,26.17923584161619,21.699249946273792,26.17923584161619,"Operational comparison tolerance: +/-0.04 decade plus max local path change over +/-1.5 mV; deliberately conservative, not experimental uncertainty or confidence interval",vector_plot_center_recovered_not_instrument_raw,"v2 adds diagnostic 0.80-0.88V crossing shoulders to calibration, retains every v1 holdout unchanged"
light,1308,1537,31,215.46783447265625,379.1631774902344,300,0.6199116505920115,1.3668993069630917,23.27551542299372,0.62,train,False,True,"Thesis original Figure A5.15a, PDF page 190, printed page 180; vector plot geometry, not raw instrument observations",train,False,0.04,0.6184116505920115,0.6214116505920114,0.0407561216160274,21.190596665307847,25.565566971171847,21.190596665307847,25.565566971171847,"Operational comparison tolerance: +/-0.04 decade plus max local path change over +/-1.5 mV; deliberately conservative, not experimental uncertainty or confidence interval",vector_plot_center_recovered_not_instrument_raw,"v2 adds diagnostic 0.80-0.88V crossing shoulders to calibration, retains every v1 holdout unchanged"
light,1308,1537,32,218.1207275390625,379.29193115234375,300,0.6393746582435185,1.3617479279710478,23.00106408356172,0.64,train,False,True,"Thesis original Figure A5.15a, PDF page 190, printed page 180; vector plot geometry, not raw instrument observations",train,False,0.04,0.6378746582435185,0.6408746582435184,0.0411342396602502,20.922505385105616,25.286118427897936,20.922505385105616,25.286118427897936,"Operational comparison tolerance: +/-0.04 decade plus max local path change over +/-1.5 mV; deliberately conservative, not experimental uncertainty or confidence interval",vector_plot_center_recovered_not_instrument_raw,"v2 adds diagnostic 0.80-0.88V crossing shoulders to calibration, retains every v1 holdout unchanged"
light,1308,1537,33,220.90625,379.67816162109375,300,0.6598107043311632,1.3462950119901735,22.197037308067284,0.66,holdout,False,True,"Thesis original Figure A5.15a, PDF page 190, printed page 180; vector plot geometry, not raw instrument observations",holdout,False,0.04,0.6583107043311632,0.6613107043311631,0.0415878640917093,20.170058039413025,24.42771678162555,20.170058039413025,24.42771678162555,"Operational comparison tolerance: +/-0.04 decade plus max local path change over +/-1.5 mV; deliberately conservative, not experimental uncertainty or confidence interval",vector_plot_center_recovered_not_instrument_raw,"v2 adds diagnostic 0.80-0.88V crossing shoulders to calibration, retains every v1 holdout unchanged"
light,1308,1537,34,223.55914306640625,380.193115234375,300,0.6792737119826703,1.3256919380125127,21.16859032019202,0.68,holdout,False,True,"Thesis original Figure A5.15a, PDF page 190, printed page 180; vector plot geometry, not raw instrument observations",holdout,False,0.04,0.6777737119826703,0.6807737119826702,0.0418902592302063,19.222137467081577,23.31214293475563,19.222137467081577,23.31214293475563,"Operational comparison tolerance: +/-0.04 decade plus max local path change over +/-1.5 mV; deliberately conservative, not experimental uncertainty or confidence interval",vector_plot_center_recovered_not_instrument_raw,"v2 adds diagnostic 0.80-0.88V crossing shoulders to calibration, retains every v1 holdout unchanged"
light,1308,1537,35,226.34469604492188,380.8367919921875,300,0.6997099819631903,1.2999387060380658,19.94980734364751,0.7000000000000001,holdout,False,True,"Thesis original Figure A5.15a, PDF page 190, printed page 180; vector plot geometry, not raw instrument observations",holdout,False,0.04,0.6982099819631904,0.7012099819631903,0.0427788092111042,18.07839606742143,22.014940460667717,18.07839606742143,22.014940460667717,"Operational comparison tolerance: +/-0.04 decade plus max local path change over +/-1.5 mV; deliberately conservative, not experimental uncertainty or confidence interval",vector_plot_center_recovered_not_instrument_raw,"v2 adds diagnostic 0.80-0.88V crossing shoulders to calibration, retains every v1 holdout unchanged"
light,1308,1537,36,228.99758911132807,381.7379760742188,300,0.7191729896146973,1.2638827160795307,18.360424417331465,0.72,holdout,False,True,"Thesis original Figure A5.15a, PDF page 190, printed page 180; vector plot geometry, not raw instrument observations",holdout,False,0.04,0.7176729896146974,0.7206729896146973,0.0437807391203634,16.59976641833308,20.30782700726659,16.59976641833308,20.30782700726659,"Operational comparison tolerance: +/-0.04 decade plus max local path change over +/-1.5 mV; deliberately conservative, not experimental uncertainty or confidence interval",vector_plot_center_recovered_not_instrument_raw,"v2 adds diagnostic 0.80-0.88V crossing shoulders to calibration, retains every v1 holdout unchanged"
light,1308,1537,37,231.7831115722656,383.025390625,300,0.7396090357023422,1.2123738101401214,16.306990197635262,0.74,holdout,False,True,"Thesis original Figure A5.15a, PDF page 190, printed page 180; vector plot geometry, not raw instrument observations",holdout,False,0.04,0.7381090357023422,0.7411090357023421,0.0463514563668369,14.656232767918937,18.143675357547608,14.656232767918937,18.143675357547608,"Operational comparison tolerance: +/-0.04 decade plus max local path change over +/-1.5 mV; deliberately conservative, not experimental uncertainty or confidence interval",vector_plot_center_recovered_not_instrument_raw,"v2 adds diagnostic 0.80-0.88V crossing shoulders to calibration, retains every v1 holdout unchanged"
light,1308,1537,38,234.43600463867188,385.085205078125,300,0.7590720433538491,1.1299615142294788,13.488433471661214,0.76,holdout,False,True,"Thesis original Figure A5.15a, PDF page 190, printed page 180; vector plot geometry, not raw instrument observations",holdout,False,0.04,0.7575720433538492,0.7605720433538491,0.0494516546299303,12.036767160322484,15.115174622565032,12.036767160322484,15.115174622565032,"Operational comparison tolerance: +/-0.04 decade plus max local path change over +/-1.5 mV; deliberately conservative, not experimental uncertainty or confidence interval",vector_plot_center_recovered_not_instrument_raw,"v2 adds diagnostic 0.80-0.88V crossing shoulders to calibration, retains every v1 holdout unchanged"
light,1308,1537,39,237.2215576171875,388.3037109375,300,0.7795083133343692,1.0011904703762131,10.027449197543664,0.78,holdout,False,True,"Thesis original Figure A5.15a, PDF page 190, printed page 180; vector plot geometry, not raw instrument observations",holdout,False,0.04,0.7780083133343693,0.7810083133343692,0.0581472968397672,8.77088008779123,11.464041966470491,8.77088008779123,11.464041966470491,"Operational comparison tolerance: +/-0.04 decade plus max local path change over +/-1.5 mV; deliberately conservative, not experimental uncertainty or confidence interval",vector_plot_center_recovered_not_instrument_raw,"v2 adds diagnostic 0.80-0.88V crossing shoulders to calibration, retains every v1 holdout unchanged"
light,1308,1537,40,240.007080078125,394.4832153320313,300,0.7999443594220139,0.7539511406537697,5.674807586415553,0.8,diagnostic,False,True,"Thesis original Figure A5.15a, PDF page 190, printed page 180; vector plot geometry, not raw instrument observations",train,False,0.04,0.798444359422014,0.8014443594220139,0.1174092684324737,4.330538183288144,7.436360050377779,4.330538183288144,7.436360050377779,"Operational comparison tolerance: +/-0.04 decade plus max local path change over +/-1.5 mV; deliberately conservative, not experimental uncertainty or confidence interval",vector_plot_center_recovered_not_instrument_raw,"v2 adds diagnostic 0.80-0.88V crossing shoulders to calibration, retains every v1 holdout unchanged"
light,1308,1537,41,242.65997314453125,419.5874938964844,300,0.819407367073521,-0.2504603152121357,0.5617456069763731,0.8200000000000001,excluded_crossing_neighborhood,False,False,"Thesis original Figure A5.15a, PDF page 190, printed page 180; vector plot geometry, not raw instrument observations",excluded_crossing_neighborhood,False,0.04,0.8179073670735211,0.820907367073521,0.1174092684324738,0.4286772305952541,0.7361205691262748,0.4286772305952541,0.7361205691262748,"Operational comparison tolerance: +/-0.04 decade plus max local path change over +/-1.5 mV; deliberately conservative, not experimental uncertainty or confidence interval",minimum_vertex_sign_and_zero_unrecoverable_exclude,"v2 adds diagnostic 0.80-0.88V crossing shoulders to calibration, retains every v1 holdout unchanged"
light,1308,1537,42,245.44552612304688,395.3843994140625,300,0.8398436370540411,0.7178951506952347,5.22270085011418,0.84,diagnostic,False,True,"Thesis original Figure A5.15a, PDF page 190, printed page 180; vector plot geometry, not raw instrument observations",train,False,0.04,0.8383436370540411,0.841343637054041,0.111076238484105,4.044072308361205,6.744835920314387,4.044072308361205,6.744835920314387,"Operational comparison tolerance: +/-0.04 decade plus max local path change over +/-1.5 mV; deliberately conservative, not experimental uncertainty or confidence interval",vector_plot_center_recovered_not_instrument_raw,"v2 adds diagnostic 0.80-0.88V crossing shoulders to calibration, retains every v1 holdout unchanged"
light,1308,1537,43,248.09841918945312,386.75885009765625,300,0.8593066447055481,1.062999692309195,11.56111423105062,0.86,diagnostic,False,True,"Thesis original Figure A5.15a, PDF page 190, printed page 180; vector plot geometry, not raw instrument observations",train,False,0.04,0.8578066447055481,0.860806644705548,0.0665969587891952,9.917511974548688,13.47710621438232,9.917511974548688,13.47710621438232,"Operational comparison tolerance: +/-0.04 decade plus max local path change over +/-1.5 mV; deliberately conservative, not experimental uncertainty or confidence interval",vector_plot_center_recovered_not_instrument_raw,"v2 adds diagnostic 0.80-0.88V crossing shoulders to calibration, retains every v1 holdout unchanged"
light,1308,1537,44,250.88394165039065,381.7379760742188,300,0.8797426907931928,1.2638827160795307,18.360424417331465,0.88,diagnostic,False,True,"Thesis original Figure A5.15a, PDF page 190, printed page 180; vector plot geometry, not raw instrument observations",train,False,0.04,0.8782426907931928,0.8812426907931927,0.0547447571004288,16.185941222994945,20.827036261915055,16.185941222994945,20.827036261915055,"Operational comparison tolerance: +/-0.04 decade plus max local path change over +/-1.5 mV; deliberately conservative, not experimental uncertainty or confidence interval",vector_plot_center_recovered_not_instrument_raw,"v2 adds diagnostic 0.80-0.88V crossing shoulders to calibration, retains every v1 holdout unchanged"
light,1308,1537,45,253.53683471679688,378.1332702636719,300,0.8992056984446999,1.408105454918413,25.592072354099507,0.9,train,False,True,"Thesis original Figure A5.15a, PDF page 190, printed page 180; vector plot geometry, not raw instrument observations",train,False,0.04,0.8977056984446999,0.9007056984446998,0.0511151427431908,22.750466806466378,28.788603458075254,22.750466806466378,28.788603458075254,"Operational comparison tolerance: +/-0.04 decade plus max local path change over +/-1.5 mV; deliberately conservative, not experimental uncertainty or confidence interval",vector_plot_center_recovered_not_instrument_raw,"v2 adds diagnostic 0.80-0.88V crossing shoulders to calibration, retains every v1 holdout unchanged"
light,1308,1537,46,256.3223876953125,375.3009948730469,300,0.91964196842522,1.5214235827908045,33.221832388616114,0.92,train,False,True,"Thesis original Figure A5.15a, PDF page 190, printed page 180; vector plot geometry, not raw instrument observations",train,False,0.04,0.91814196842522,0.92114196842522,0.0483174273960269,29.72392490284171,37.1313731569745,29.72392490284171,37.1313731569745,"Operational comparison tolerance: +/-0.04 decade plus max local path change over +/-1.5 mV; deliberately conservative, not experimental uncertainty or confidence interval",vector_plot_center_recovered_not_instrument_raw,"v2 adds diagnostic 0.80-0.88V crossing shoulders to calibration, retains every v1 holdout unchanged"
light,1308,1537,47,258.97528076171875,373.1124267578125,300,0.9391049760767268,1.6089872576934912,40.64314041932909,0.94,train,False,True,"Thesis original Figure A5.15a, PDF page 190, printed page 180; vector plot geometry, not raw instrument observations",train,False,0.04,0.9376049760767268,0.9406049760767268,0.0467484694403774,36.495455483255576,45.26220706858123,36.495455483255576,45.26220706858123,"Operational comparison tolerance: +/-0.04 decade plus max local path change over +/-1.5 mV; deliberately conservative, not experimental uncertainty or confidence interval",vector_plot_center_recovered_not_instrument_raw,"v2 adds diagnostic 0.80-0.88V crossing shoulders to calibration, retains every v1 holdout unchanged"
light,1308,1537,48,261.76080322265625,371.0525512695313,300,0.9595410221643718,1.691401995594649,49.136248511754005,0.96,train,False,True,"Thesis original Figure A5.15a, PDF page 190, printed page 180; vector plot geometry, not raw instrument observations",train,False,0.04,0.9580410221643718,0.9610410221643716,0.0460492184408642,44.1929280489822,54.63251756328131,44.1929280489822,54.63251756328131,"Operational comparison tolerance: +/-0.04 decade plus max local path change over +/-1.5 mV; deliberately conservative, not experimental uncertainty or confidence interval",vector_plot_center_recovered_not_instrument_raw,"v2 adds diagnostic 0.80-0.88V crossing shoulders to calibration, retains every v1 holdout unchanged"
light,1308,1537,49,264.4136962890625,369.37896728515625,300,0.9790040298158788,1.7583613755244174,57.32728517110102,0.98,train,False,True,"Thesis original Figure A5.15a, PDF page 190, printed page 180; vector plot geometry, not raw instrument observations",train,False,0.04,0.9775040298158788,0.9805040298158788,0.0451605112474417,51.66552707467432,63.609486076445975,51.66552707467432,63.609486076445975,"Operational comparison tolerance: +/-0.04 decade plus max local path change over +/-1.5 mV; deliberately conservative, not experimental uncertainty or confidence interval",vector_plot_center_recovered_not_instrument_raw,"v2 adds diagnostic 0.80-0.88V crossing shoulders to calibration, retains every v1 holdout unchanged"
light,1308,1537,50,267.1992492675781,367.96282958984375,300,0.9994402997963988,1.815020439460613,65.3161292044145,1.0,diagnostic,False,True,"Thesis original Figure A5.15a, PDF page 190, printed page 180; vector plot geometry, not raw instrument observations",diagnostic,False,0.04,0.9979402997963988,1.0009402997963988,0.0443666733028133,58.97307399729604,72.3414338964826,58.97307399729604,72.3414338964826,"Operational comparison tolerance: +/-0.04 decade plus max local path change over +/-1.5 mV; deliberately conservative, not experimental uncertainty or confidence interval",vector_plot_center_recovered_not_instrument_raw,"v2 adds diagnostic 0.80-0.88V crossing shoulders to calibration, retains every v1 holdout unchanged"
light,1308,1537,51,269.8521423339844,366.5466918945313,300,1.018903307447906,1.8716795033968088,74.41825862701727,1.02,holdout,False,True,"Thesis original Figure A5.15a, PDF page 190, printed page 180; vector plot geometry, not raw instrument observations",holdout,False,0.04,1.017403307447906,1.020403307447906,0.0443666733028138,67.1912669384637,82.42257467997456,67.1912669384637,82.42257467997456,"Operational comparison tolerance: +/-0.04 decade plus max local path change over +/-1.5 mV; deliberately conservative, not experimental uncertainty or confidence interval",vector_plot_center_recovered_not_instrument_raw,"v2 adds diagnostic 0.80-0.88V crossing shoulders to calibration, retains every v1 holdout unchanged"
light,1308,1537,52,272.6376647949219,365.3880004882813,300,1.0393393535355506,1.918038251339432,82.80150895559471,1.04,holdout,False,True,"Thesis original Figure A5.15a, PDF page 190, printed page 180; vector plot geometry, not raw instrument observations",holdout,False,0.04,1.0378393535355506,1.040839353535551,0.0434027189807512,74.92651487918351,91.5041877548775,74.92651487918351,91.5041877548775,"Operational comparison tolerance: +/-0.04 decade plus max local path change over +/-1.5 mV; deliberately conservative, not experimental uncertainty or confidence interval",vector_plot_center_recovered_not_instrument_raw,"v2 adds diagnostic 0.80-0.88V crossing shoulders to calibration, retains every v1 holdout unchanged"
light,1308,1537,53,275.4232177734375,364.3580932617188,300,1.059775623516071,1.9592443992947528,91.04254705899194,1.06,holdout,False,True,"Thesis original Figure A5.15a, PDF page 190, printed page 180; vector plot geometry, not raw instrument observations",holdout,False,0.04,1.0582756235160709,1.061275623516071,0.0431757281834186,82.42684389227814,100.5588104989334,82.42684389227814,100.5588104989334,"Operational comparison tolerance: +/-0.04 decade plus max local path change over +/-1.5 mV; deliberately conservative, not experimental uncertainty or confidence interval",vector_plot_center_recovered_not_instrument_raw,"v2 adds diagnostic 0.80-0.88V crossing shoulders to calibration, retains every v1 holdout unchanged"
light,1308,1537,54,278.0761108398437,363.32818603515625,300,1.0792386311675777,2.0004505472500744,100.1037961691483,1.08,holdout,False,True,"Thesis original Figure A5.15a, PDF page 190, printed page 180; vector plot geometry, not raw instrument observations",holdout,False,0.04,1.0777386311675776,1.0807386311675775,0.0431757281834188,90.63059246917088,110.56719077372333,90.63059246917088,110.56719077372333,"Operational comparison tolerance: +/-0.04 decade plus max local path change over +/-1.5 mV; deliberately conservative, not experimental uncertainty or confidence interval",vector_plot_center_recovered_not_instrument_raw,"v2 adds diagnostic 0.80-0.88V crossing shoulders to calibration, retains every v1 holdout unchanged"
light,1308,1537,55,280.86163330078125,362.427001953125,300,1.0996746772552224,2.0365065372086093,108.76935099915964,1.1,holdout,False,True,"Thesis original Figure A5.15a, PDF page 190, printed page 180; vector plot geometry, not raw instrument observations",holdout,False,0.04,1.0981746772552223,1.1011746772552224,0.0426464994601131,98.596168362857,119.99220571369852,98.596168362857,119.99220571369852,"Operational comparison tolerance: +/-0.04 decade plus max local path change over +/-1.5 mV; deliberately conservative, not experimental uncertainty or confidence interval",vector_plot_center_recovered_not_instrument_raw,"v2 adds diagnostic 0.80-0.88V crossing shoulders to calibration, retains every v1 holdout unchanged"
