T_K,F_MVcm,variant,s_nm,gauge_R_relative,gauge_probability_relative,gauge_heat_relative,quadrature_R_relative,quadrature_probability_relative,precision_R_relative,precision_probability_relative
80,0.5,explicit,6.0,0.0,3.042061044908602e-143,0.0,0.0,3.8863843466564666e-15,0.0,3.348528187141482e-143
80,1.5,explicit,6.0,0.0,1.13988885594857e-217,0.0,9.564697509495714e-16,1.9972854643357877e-14,0.0,1.4142257393036789e-216
80,3.0,explicit,6.0,0.0,0.0,0.0,1.608900704721963e-16,1.6896025496270466e-14,0.0,6.269353440756706e-239
300,1.5,explicit,6.0,0.0,2.614287640805347e-242,0.0,0.0,2.614270022157928e-15,0.0,3.7394361519939972e-242
80,1.5,direct,6.0,0.0,2.561738023548938e-251,0.0,2.4072583051365113e-16,1.610743185560951e-15,0.0,1.381770519493461e-250
300,1.5,direct,6.0,0.0,1.7010831348284913e-250,0.0,2.346210918156185e-16,7.597227824418789e-16,0.0,2.527200376374674e-250
80,1.5,explicit,5.5,0.0,2.0857600081783827e-201,0.0,5.599617928970122e-16,6.2854891316374296e-15,0.0,1.8621745945749753e-200
300,1.5,explicit,5.5,0.0,2.3008167346932598e-236,0.0,0.0,2.1816300051860437e-15,0.0,1.2177651805141836e-235
80,1.0,explicit,5.25,0.0,2.490517484437516e-110,0.0,0.0,2.1673180474007016e-15,0.0,1.1909616550577726e-110
80,1.0,explicit,5.5,0.0,8.0670630263098e-163,0.0,0.0,1.7349680958952904e-14,0.0,3.718345270456108e-161
