T_K,F_MVcm,single_pair_constraint,state,probability,energy_eV
80,2.0,False,00000,1.8569121365050704e-10,-0.4885815577714286
80,2.0,False,00001,0.0002590602043214236,-1.1102681045233767
80,2.0,False,00010,4.277411022234363e-05,-0.9171250785605195
80,2.0,False,00011,9.201646089589498e-06,-1.1273931830838961
80,2.0,False,00100,0.001028974885380992,-0.6394349865885715
80,2.0,False,00101,0.13787247099273484,-1.192551792969091
80,2.0,False,00110,0.013668469116038414,-0.9856948189319481
80,2.0,False,00111,0.029996739848821403,-1.1273931830838961
80,2.0,False,01000,2.1898350174390636e-07,-0.55
80,2.0,False,01001,0.0029991374070598405,-1.1342848701857142
80,2.0,False,01010,0.005317489064389234,-0.9374016765662337
80,2.0,False,01011,0.012671127132948337,-1.1102681045233767
80,2.0,False,01100,0.028162571529761576,-0.6185697403714285
80,2.0,False,01101,0.7133625390625754,-1.1342848701857142
80,2.0,False,01110,0.004771051154500303,-0.923687728491948
80,2.0,False,01111,0.019557146718582972,-1.0279844160776623
80,2.0,False,10000,3.3717230413583587e-09,-0.35
80,2.0,False,10001,0.00011641281912919207,-0.9374016765662337
80,2.0,False,10010,7.501606032293594e-05,-0.7411418442228571
80,2.0,False,10011,0.00010057075817852104,-0.9171250785605195
80,2.0,False,10100,0.0004491776104167339,-0.4322836884457143
80,2.0,False,10101,0.023691784444827363,-0.9511156246405195
80,2.0,False,10110,0.0014667104176166498,-0.7411418442228571
80,2.0,False,10111,0.004379269256575542,-0.8485553381890909
80,2.0,False,11000,1.9960689944445259e-07,0.0
80,2.0,False,11001,1.7511282803962712e-06,-0.55
80,2.0,False,11010,1.2405042565940296e-07,-0.35
80,2.0,False,11011,1.5193151058688177e-09,-0.4885815577714286
80,2.0,False,11100,6.161577942117626e-09,0.0
80,2.0,False,11101,7.51321481673786e-10,-0.48143025962857144
80,2.0,False,11110,5.972618135994081e-13,-0.2677163115542857
80,2.0,False,11111,1.7305978004340549e-13,-0.3377281289542857
80,2.0,True,01000,0.022185453740484546,-0.55
80,2.0,True,01001,0.9508333895922239,-1.1342848701857142
80,2.0,True,01010,7.346381067233888e-05,-0.9374016765662337
80,2.0,True,01100,0.00013320051859396469,-0.6185697403714285
80,2.0,True,10000,2.915824505132113e-10,-0.35
80,2.0,True,10001,1.0158923998437916e-05,-0.9374016765662337
80,2.0,True,10010,1.0190760780219942e-05,-0.7411418442228571
80,2.0,True,10100,7.204927548529453e-05,-0.4322836884457143
80,2.0,True,11000,0.00449565151286269,0.0
80,2.0,True,11001,0.02218643940818812,-0.55
80,2.0,True,11010,2.136171925581006e-09,-0.35
80,2.0,True,11100,2.8956143469501214e-11,0.0
80,3.0,False,00000,8.263239766389797e-10,-1.5885815577714286
80,3.0,False,00001,0.0011528152248855787,-2.810268104523377
80,3.0,False,00010,0.0036946411170487212,-2.5171250785605195
80,3.0,False,00011,0.005320645653382059,-3.3273931830838963
80,3.0,False,00100,0.000784594455047378,-1.7394349865885714
80,3.0,False,00101,0.07692253046065714,-2.892551792969091
80,3.0,False,00110,0.021075689808190797,-2.585694818931948
80,3.0,False,00111,0.010960786987611116,-3.3273931830838963
80,3.0,False,01000,0.00200618806048979,-1.15
80,3.0,False,01001,0.3357087168373259,-2.3342848701857144
80,3.0,False,01010,0.06381274311276325,-2.0374016765662337
80,3.0,False,01011,0.012594019915193065,-2.810268104523377
80,3.0,False,01100,0.09025387131786755,-1.2185697403714286
80,3.0,False,01101,0.01214731174324303,-2.3342848701857144
80,3.0,False,01110,0.004637282116563928,-2.023687728491948
80,3.0,False,01111,0.0011041502274350941,-2.7279844160776623
80,3.0,False,10000,2.6549495821804112e-05,-0.85
80,3.0,False,10001,0.07609969920587599,-2.0374016765662337
80,3.0,False,10010,0.07677559374510155,-1.7411418442228572
80,3.0,False,10011,0.054332339428093145,-2.5171250785605195
80,3.0,False,10100,0.028881272456154156,-0.9322836884457143
80,3.0,False,10101,0.07669774197879947,-2.0511156246405196
80,3.0,False,10110,0.02230972625478506,-1.7411418442228572
80,3.0,False,10111,0.007644276280111569,-2.4485553381890908
80,3.0,False,11000,0.008002638481290012,0.0
80,3.0,False,11001,0.007024516608155958,-1.15
80,3.0,False,11010,2.2437926033441276e-05,-0.85
80,3.0,False,11011,8.978177947711247e-09,-1.5885815577714286
80,3.0,False,11100,7.211286828047327e-06,0.0
80,3.0,False,11101,8.239959149080585e-12,-1.0814302596285714
80,3.0,False,11110,2.4937332483865567e-12,-0.7677163115542858
80,3.0,False,11111,9.77054568564584e-15,-1.4377281289542858
80,3.0,True,01000,0.02128608057677501,-1.15
80,3.0,True,01001,0.9121635328742805,-2.3342848701857144
80,3.0,True,01010,0.0010136447191395228,-2.0374016765662337
80,3.0,True,01100,0.004355536005353073,-1.2185697403714286
80,3.0,True,10000,6.928910000211566e-08,-0.85
80,3.0,True,10001,0.00019861798138475975,-2.0374016765662337
80,3.0,True,10010,0.00020803186229726028,-1.7411418442228572
80,3.0,True,10100,0.0017375101094695884,-0.9322836884457143
80,3.0,True,11000,0.03773720048982096,0.0
80,3.0,True,11001,0.02129906349062404,-1.15
80,3.0,True,11010,3.646019684765604e-07,-0.85
80,3.0,True,11100,3.4799978681262897e-07,0.0
