T_K,F_MVcm,neutral_state,bare_first_transfer_s,stationary_cycle_s,ratio_bare_over_stationary
80,0.5,11000,1.2097937499673982e-14,2.222592060427301e-20,544316.5984021428
300,0.5,11000,6.054524859726189,0.0170283019393087,355.5565834635409
80,1.0,11000,230.3541707078321,0.00010669988124206293,2158898.0983516085
300,1.0,11000,195127.21509676057,850.6969832879585,229.37334789009188
80,1.5,11000,4249481.592285361,237.72176299093417,17875.862684256725
300,1.5,11000,2688268.985630767,13094.610062875749,205.2958410157032
80,2.0,11000,51622.46312046204,68105.8239519548,0.757974283621898
300,2.0,11000,562275.8265072657,145051.12296103776,3.8763976109188674
80,3.0,11000,5902.171772255092,45223.161335122895,0.13051214461805277
300,3.0,11000,4435.149697863355,43006.60195703176,0.10312718271242514
