variant,T_K,F_MVcm,delta_mu_eV,s_nm,eta,decay_nm,epsr,kernel,number_states,single_pair_constraint,R_s,bath_left_in_s,bath_right_out_s,total_coupling_H2_eV2,branch_budget_nominal_H2_eV2,fixed_outer_window_potential_drop_V,represented_bath_potential_drop_V,represented_bath_span_nm,max_node_continuity_relative,generator_residual_scaled,min_probability,normalization_error,total_bath_heat_eV_s,chemical_work_eV_s,phonon_heat_eV_s,electron_bath_heat_eV_s,left_electron_heat_eV_s,right_electron_heat_eV_s,heat_chemical_relative,heat_partition_relative,state_energy_derivative_eV_s,entropy_kB_s,entropy_heat_relative,electron_displacement_nm_s,displacement_relative,direct_DB_max_log_error,direct_mean_energy_error_eV,common_mu_probability_relative,common_mu_edge_flux_over_gross,precision_dps,occupation_Vo,occupation_V,occupation_D,occupation_C,occupation_Co,inner_pair_probability,core_formation_gross_s,core_generation_gross_s,net_over_generation_gross,mean_total_charge_e,p_most_likely,most_likely_state
explicit,80,1.4,1.4,6.0,0.5,,3.5,quantum,32,False,237.3601074684366,237.3601074684366,237.3601074684366,4.095153730856492e-10,1.0475768654282459e-10,1.68,1.6799999999999997,12.0,1.607932811104197e-251,3.558303463019986e-252,1.0677104003757854e-42,8.729384361624432e-252,332.3041504558113,332.3041504558113,85.4376741930268,246.86647626278446,123.08952133216157,123.7769549306229,2.689972296175724e-251,2.689972296175724e-251,1.5895333198676442e-249,48202.86919788558,2.3736717047893635e-251,2848.3212896212394,0.0,2.842170943040401e-14,3.83026943495679e-15,,,250,0.002549591855480182,0.9981133384106043,0.0027609489266969514,0.0014395846479065178,0.9750472498122416,0.0004281959130890993,237.3606894570851,955.0617368698538,0.24852854878928277,0.020089286347070526,0.9720419262362049,01001
explicit,80,1.4,1.4,6.0,0.5,,3.5,quantum,12,True,232.5012638069994,232.5012638069994,232.5012638069994,4.095153730856492e-10,1.0475768654282459e-10,1.68,1.6799999999999997,12.0,5.710375231473897e-251,8.413743304667567e-252,2.1543342085992e-10,0.0,325.5017693297991,325.5017693297991,84.36194374662882,241.1398255831703,120.5698900880405,120.56993549512981,1.3730938551744884e-251,0.0,-1.8507854283707604e-249,47216.13975980433,2.423277025329567e-251,2790.0151656839926,2.563108529659045e-251,1.4210854715202004e-14,6.591949208711867e-17,,,250,0.024786234325617326,0.998447984006912,0.0003684507651401971,0.0014203744897139155,0.9749797090068715,0.0006375311665286446,232.5012644641376,1052.7560419404817,0.2208500873368951,-2.752594254960689e-06,0.9521439895528659,01001
explicit,80,1.45,1.45,6.0,0.5,,3.5,quantum,32,False,237.517828650061,237.517828650061,237.517828650061,4.095153730856492e-10,1.0475768654282459e-10,1.74,1.7399999999999998,12.0,1.3954618021466492e-251,1.240720454511483e-251,1.3952209232344018e-40,0.0,344.40085154258844,344.40085154258844,99.759849975498,244.64100156709046,121.98376044533211,122.65724112175835,1.2977449890535534e-251,1.2977449890535534e-251,2.9943145524670476e-249,49957.57403504162,0.0,2850.213943800732,0.0,1.4210854715202004e-14,3.3306690738754696e-15,,,250,0.002199716080048644,0.9985216680945762,0.002451000672491235,0.0009756762216619573,0.9761804561010082,0.0003248052826492516,237.51783252214486,270.34823030071664,0.8785625427836632,0.01967148283021369,0.9728393953643811,01001
explicit,80,1.45,1.45,6.0,0.5,,3.5,quantum,12,True,232.87715155023477,232.87715155023477,232.87715155023477,4.095153730856492e-10,1.0475768654282459e-10,1.74,1.7399999999999998,12.0,3.608377322213324e-251,3.619796042838777e-251,2.6647360632781055e-12,0.0,337.6718697478404,337.6718697478404,98.47095472324915,239.20091502459127,119.60045423279585,119.6004607917954,1.3236059007489457e-251,1.3236059007489457e-251,-1.999762755304115e-249,48981.49164533242,1.1679696030203169e-251,2794.5258186028173,2.5589714081146283e-251,7.105427357601002e-15,1.214306433183765e-17,,,250,0.023420595000438332,0.9990059907953074,5.6891557168335206e-05,0.0009644788605087317,0.9765524386429414,0.0004811559754471234,232.87715156949167,272.863158227271,0.853457656442826,-3.948563641852739e-07,0.9538318783952644,01001
explicit,80,1.5,1.5,6.0,0.5,,3.5,quantum,32,False,237.72176299093417,237.72176299093417,237.72176299093417,4.095153730856492e-10,1.0475768654282459e-10,1.7999999999999998,1.8000000000000003,12.0,1.4040021523128526e-251,1.0175466828729462e-251,3.674067392085318e-39,0.0,356.58264448640125,356.58264448640125,114.08867756533117,242.49396692107007,120.89990181744788,121.5940651036222,2.506821272577195e-251,2.506821272577195e-251,-4.2576576705568936e-249,51724.62199715974,4.424113015691698e-251,2852.66115589121,0.0,2.842170943040401e-14,2.3314683517128287e-15,,,250,0.0012783498922570456,0.9988747401162689,0.0024862255080529945,0.0006622543559609309,0.9765346276212704,0.00020850480437323288,237.7217729504903,238.30621047452578,0.9975474936954943,0.020163802506189793,0.9737759295509678,01001
explicit,80,1.5,1.5,6.0,0.5,,3.5,quantum,12,True,232.98861201393234,232.98861201393234,232.98861201393234,4.095153730856492e-10,1.0475768654282459e-10,1.7999999999999998,1.8000000000000003,12.0,3.0663199365239817e-251,2.312474518229133e-251,1.1915073928769433e-12,0.0,349.4829180208985,349.4829180208985,112.49739721509908,236.98552080579944,118.49275785360174,118.49276295219768,0.0,0.0,6.160483797225617e-250,50694.76069182253,1.1284971577264025e-251,2795.863344167188,1.278873605171296e-251,1.4210854715202004e-14,1.0408340855860843e-17,,,250,0.023007994487854212,0.9993201739999289,4.6616555932972063e-05,0.0006546387570235859,0.9769708815731806,0.00032495992858338265,232.9886120151852,233.7558797040545,0.9967176539426792,-3.0537392027984975e-07,0.954387650819057,01001
explicit,80,1.55,1.55,6.0,0.5,,3.5,quantum,32,False,237.77804873475432,237.77804873475432,237.77804873475432,4.095153730856492e-10,1.0475768654282459e-10,1.8599999999999999,1.8600000000000003,12.0,1.256167166341461e-251,7.222413062768334e-252,1.7498695226758276e-37,0.0,368.5559755388692,368.5559755388692,128.3738916279828,240.18208391088638,119.73964953718408,120.4424343737023,1.2126909044458963e-251,0.0,4.682128628487097e-249,53461.43121183081,0.0,2853.3365848170515,2.506227869188186e-251,2.842170943040401e-14,1.609823385706477e-15,,,250,0.0008841768237609649,0.9991726667129577,0.002559156776292242,0.00046024244637483854,0.9766495012470138,0.00012848511821049406,237.77817679146895,237.78224150462438,0.9999823671867019,0.020274255993600457,0.974071375471512,01001
explicit,80,1.55,1.55,6.0,0.5,,3.5,quantum,12,True,233.0335573507117,233.0335573507117,233.0335573507117,4.095153730856492e-10,1.0475768654282459e-10,1.8599999999999999,1.8600000000000003,12.0,2.3974255274452104e-251,2.2893813122468607e-251,5.2069192031472774e-11,0.0,361.2020138936031,361.2020138936031,126.50110926077265,234.7009046328305,117.35044697493227,117.3504576578982,1.2373809173910763e-251,0.0,2.2271127899239178e-249,52394.69144710986,1.0918833907074679e-251,2796.4026882085404,1.2786269479707789e-251,1.4210854715202004e-14,1.734723475976807e-17,,,250,0.022827812211336264,0.9994953499627433,0.00010724800016633197,0.00045469893249704867,0.9771155280371754,0.00021128971334642796,233.03355735079344,233.03946892300118,0.999974632742184,-6.37143918320309e-07,0.9546354925931022,01001
explicit,80,1.6,1.6,6.0,0.5,,3.5,quantum,32,False,237.63278765039996,237.63278765039996,237.63278765039996,4.095153730856492e-10,1.0475768654282459e-10,1.92,1.9200000000000004,12.0,1.6807901921636432e-251,1.6608077534015642e-251,4.674432008538787e-35,1.7458768723248864e-251,380.2124602406399,380.2124602406399,142.54802475107218,237.66443548956778,118.47854282613034,119.18589266343744,2.351024892936416e-251,2.351024892936416e-251,-3.811383694154466e-249,55152.279811271714,2.074579457027263e-251,2851.5934518047998,1.253879942899422e-251,1.4210854715202004e-14,2.4980018054066022e-15,,,250,0.000720870909098841,0.9993488559797404,0.0033180418720477555,0.00032919174502028787,0.9759910750065103,5.431983911426471e-05,237.63357388992688,237.63279831120332,0.9999999551374918,0.020291964487582335,0.9735156511503882,01001
explicit,80,1.6,1.6,6.0,0.5,,3.5,quantum,12,True,232.916312615799,232.916312615799,232.916312615799,4.095153730856492e-10,1.0475768654282459e-10,1.92,1.9200000000000004,12.0,1.3251587214028011e-251,1.023565542390314e-251,3.129747260430913e-10,8.729384361624432e-252,372.66610018527837,372.66610018527837,140.41244078927866,232.25365939599973,116.1268108410746,116.12684855492512,1.1993161682615177e-251,2.3986323365230355e-251,-5.561796390491477e-250,54057.631411094386,2.116588975838877e-251,2794.995751389588,0.0,7.105427357601002e-15,1.8214596497756474e-17,,,250,0.02283735957136619,0.9995229422657476,0.0007652654624926663,0.00032421480863322724,0.9765524408327149,9.357192492115365e-05,232.9163126158024,232.91632744385137,0.9999999363374283,-2.222940954510733e-06,0.9541951440110578,01001
explicit,80,1.65,1.65,6.0,0.5,,3.5,quantum,32,False,237.71091744771587,237.71091744771587,237.71091744771587,4.095153730856492e-10,1.0475768654282459e-10,1.9799999999999998,1.98,12.0,1.692542009463274e-251,9.779767097164564e-252,3.5055622683466965e-33,1.7458768723248864e-251,392.2230137887312,392.2230137887312,156.8400513223807,235.38296246635048,117.34331836571057,118.03964410063992,3.4185486083377693e-251,3.4185486083377693e-251,2.2693645125829122e-250,56894.48839000516,2.0110522116019925e-251,2852.5310093725907,0.0,2.842170943040401e-14,1.5543122344752192e-15,,,250,0.0007604717693505584,0.9995141965537915,0.002909574412796211,0.0002446892470045105,0.9762833566841941,2.348617794324433e-05,237.97769449484286,237.71091772707433,0.9999999988247975,0.02028771133286321,0.9738387292399135,01001
explicit,80,1.65,1.65,6.0,0.5,,3.5,quantum,12,True,232.8953481331398,232.8953481331398,232.8953481331398,4.095153730856492e-10,1.0475768654282459e-10,1.9799999999999998,1.98,12.0,3.544832157046242e-251,4.6899196946427254e-251,4.791908911474182e-11,8.729384361624432e-252,384.27732441968067,384.27732441968067,154.37352187292464,229.90380254675603,114.95188040943519,114.95192213732084,1.1630779411460916e-251,0.0,-3.434310783170769e-249,55741.9146866132,1.0263173354194268e-251,2794.7441775976777,0.0,1.4210854715202004e-14,2.2551405187698492e-17,,,250,0.02312172474695665,0.9996103831086193,0.0005876295136820419,0.00024037208365057018,0.9764423589492616,4.1799430623611995e-05,232.8953481331398,232.89534840205908,0.9999999988453213,-2.468402170025323e-06,0.9541365433402645,01001
explicit,80,1.7,1.7,6.0,0.5,,3.5,quantum,32,False,238.20036020970502,238.20036020970502,238.20036020970502,4.095153730856492e-10,1.0475768654282459e-10,2.04,2.04,12.0,1.735256121221209e-251,1.3659935335767442e-251,8.975064831557961e-32,0.0,404.94061235649855,404.94061235649855,171.0340406095276,233.90657174697094,116.81378378680739,117.09278796016355,3.311185386278519e-251,1.1037284620928399e-251,-1.6409335419632127e-249,58739.25842803339,1.947892938499845e-251,2858.4043225164605,2.5017845140771036e-251,2.842170943040401e-14,1.7763568394002505e-15,,,250,0.001338820123282556,0.9996737283606685,0.0024905075502983528,0.00018993241060147683,0.9764435234373082,3.6423374741327575e-05,272.19929759710664,238.20036038154046,0.9999999992786096,0.01986348811784099,0.9738860654504904,01001
explicit,80,1.7,1.7,6.0,0.5,,3.5,quantum,12,True,232.71234728262147,232.71234728262147,232.71234728262147,4.095153730856492e-10,1.0475768654282459e-10,2.04,2.04,12.0,4.2171520307245734e-251,3.1528496486100414e-251,2.963722957578399e-12,0.0,395.6109903804565,395.6109903804565,168.21496040503507,227.39602997542144,113.6980075708275,113.69802240459393,1.1297574895109646e-251,0.0,2.5822492898875808e-250,57385.936336930965,0.0,2792.5481673914574,1.28039182144576e-251,1.4210854715202004e-14,3.9898639947466563e-17,,,250,0.024200465629509654,0.9997678170048134,0.00013005546734315185,0.00018639971087795276,0.9757161426031388,6.567458417544377e-05,232.71234728262147,232.71234731753688,0.9999999998499631,-8.804156829249044e-07,0.9534052658166347,01001
explicit,80,1.75,1.75,6.0,0.5,,3.5,quantum,32,False,261.9185543556493,261.9185543556493,261.9185543556493,4.095153730856492e-10,1.0475768654282459e-10,2.1,2.1,12.0,2.6536596497739035e-251,1.8012096573964622e-252,2.815693850589624e-30,1.7458768723248864e-251,458.3574701223862,458.3574701223862,187.32275759646095,271.0347125259253,143.52028898630115,127.51442353962412,9.751002404211544e-252,9.751002404211544e-252,3.196756704306443e-249,66487.71960228989,5.1626580392182585e-251,3143.0226522677913,0.0,1.4210854715202004e-14,2.220446049250313e-15,,,250,0.001223199534584404,0.9995346709425474,0.0028755450469515297,0.00017096968620144325,0.9892681973964115,5.338359510280985e-05,1171.8070647882785,261.91855551315365,0.9999999955806707,0.006927417393303715,0.9854678759868668,01001
explicit,80,1.75,1.75,6.0,0.5,,3.5,quantum,12,True,233.06208705044003,233.06208705044003,233.06208705044003,4.095153730856492e-10,1.0475768654282459e-10,2.1,2.1,12.0,7.672163185107694e-252,6.414473703445995e-252,1.3508252414862344e-12,1.7458768723248864e-251,407.8586523382701,407.8586523382701,182.45149268023007,225.40715965804,112.70357644919726,112.70358320884274,0.0,0.0,1.0360776309093433e-249,59162.53902613184,0.0,2796.7450446052803,0.0,7.105427357601002e-15,3.469446951953614e-17,,,250,0.022774907941735926,0.9998330048684436,5.13815855191611e-05,0.0001495366446027813,0.9771915701354777,6.254961128091473e-05,233.06208705044003,233.06208705244055,0.9999999999914163,-4.0117577924798736e-07,0.954850254419271,01001
explicit,80,1.8,1.8,6.0,0.5,,3.5,quantum,32,False,1045.1932136971693,1045.1932136971693,1045.1932136971693,4.095153730856492e-10,1.0475768654282459e-10,2.16,2.16,12.0,1.3695779826055177e-250,4.784835792576567e-252,1.975293325276411e-27,1.7458768723248864e-251,1881.347784654905,1881.347784654905,711.1134761880955,1170.2343084668094,663.2810294189187,506.95327904789076,0.0,4.751322248450239e-251,-5.25675999734774e-248,272901.68074958,0.0,12542.318564366033,1.1403173396280572e-251,1.4210854715202004e-14,1.4432899320127035e-15,,,250,0.0011826527868537726,0.9966447493192174,0.020637268812693354,0.0005581522698960918,0.9987312829260669,7.170435760327569e-05,22869.32926565244,1045.1932425757984,0.9999999723700576,-0.01775410611472757,0.9778353455109534,01001
explicit,80,1.8,1.8,6.0,0.5,,3.5,quantum,12,True,233.12034937380406,233.12034937380406,233.12034937380406,4.095153730856492e-10,1.0475768654282459e-10,2.16,2.16,12.0,1.5684243307591415e-251,8.312844685640406e-252,7.348367846865671e-12,0.0,419.6166288728473,419.6166288728473,196.4843236216601,223.13230525118718,111.5661494984731,111.56615575271408,1.0651257566120063e-251,1.0651257566120063e-251,6.817739629116388e-250,60868.10967323515,9.398828657479682e-252,2797.4441924856487,1.2781509079344077e-251,1.4210854715202004e-14,1.9081958235744878e-17,,,250,0.022532749556474246,0.9998628808701022,4.825474686799469e-05,0.0001239559989016891,0.9774325296551005,5.0487673382888566e-05,233.12034937380406,233.1203493738494,0.9999999999998055,-3.7082744664073833e-07,0.9550971913443757,01001
explicit,80,1.85,1.85,6.0,0.5,,3.5,quantum,32,False,17297.275348707448,17297.275348707448,17297.275348707448,4.095153730856492e-10,1.0475768654282459e-10,2.22,2.22,12.0,5.793046741002771e-251,5.150962372328601e-252,1.2498017662678757e-22,8.729384361624432e-252,31999.959395108777,31999.959395108777,12508.000120193094,19491.959274915684,11171.450517743015,8320.50875717267,7.15112074312023e-251,3.575560371560115e-251,7.769322575925419e-247,4641801.358617678,0.0,207567.3041844894,1.1024644478977023e-251,1.4210854715202004e-14,1.2212453270876722e-15,,,250,0.012760610584069314,0.9412273021089828,0.397291348947996,0.007843263270650857,0.9793055020106336,0.00018369923944861754,235042.54939847442,17297.516298809685,0.9999860702485793,-0.3384280269223325,0.5942800090396256,01001
explicit,80,1.85,1.85,6.0,0.5,,3.5,quantum,12,True,233.11252674163498,233.11252674163498,233.11252674163498,4.095153730856492e-10,1.0475768654282459e-10,2.22,2.22,12.0,3.834581397768742e-251,3.9251811700192246e-251,3.00073593092576e-10,0.0,431.25817447202473,431.25817447202473,210.46448175048494,220.7936927215398,110.39684081017171,110.39685191136809,2.0727467014966172e-251,0.0,-1.6681354548483805e-249,62556.791259091515,9.145113136541763e-252,2797.35032089962,1.2781937992562472e-251,1.4210854715202004e-14,5.724587470723463e-17,,,250,0.02250072555916058,0.999875387023831,0.00013042060444355805,0.00010636129385396592,0.9773877611954777,3.2381587241774055e-05,233.11252674163498,233.11252674163535,0.9999999999999984,-6.556767667229874e-07,0.9550706107242096,01001
explicit,80,1.9,1.9,6.0,0.5,,3.5,quantum,32,False,34390.75313454392,34390.75313454392,34390.75313454392,4.095153730856492e-10,1.0475768654282459e-10,2.28,2.2800000000000002,12.0,5.244090891132572e-251,4.436389845923803e-252,4.812043378058248e-19,1.7458768723248864e-251,65342.430955633456,65342.430955633456,26911.802899189363,38430.62805644409,22057.033740436476,16373.594316007615,3.5020976425677135e-251,2.6265732319257853e-251,5.90815534782325e-247,9478342.801634988,4.635454848396035e-251,412689.03761452704,2.2179951736262187e-251,2.842170943040401e-14,2.4424906541753444e-15,,,250,0.020604021224674474,0.8873912491523431,0.9425958765204691,0.013667946836486946,0.8112778528963526,0.00016267821826716205,119530.04226761233,34479.91069712032,0.9974142171260365,-0.6755369466303262,0.6562277314736537,01101
explicit,80,1.9,1.9,6.0,0.5,,3.5,quantum,12,True,232.8785953235911,232.8785953235911,232.8785953235911,4.095153730856492e-10,1.0475768654282459e-10,2.28,2.2800000000000002,12.0,1.4222734924252543e-251,1.6023934503321276e-251,2.7828611417095755e-10,0.0,442.4693311148231,442.4693311148231,224.22599437136503,218.24333674345803,109.12165715186934,109.12167959158869,1.0101140302517069e-251,0.0,2.817741269501496e-250,64183.04213940267,8.913396973002112e-252,2794.5431438830933,2.5589555433043244e-251,1.4210854715202004e-14,2.0816681711721685e-17,,,250,0.02256863613345073,0.9998805045988849,0.0010715952411554646,9.450921316153007e-05,0.9763860374138882,9.127206517246149e-06,232.8785953235911,232.8785953235911,1.0,-1.282600540842737e-06,0.9541137663692651,01001
explicit,80,1.95,1.95,6.0,0.5,,3.5,quantum,32,False,38408.995868329635,38408.995868329635,38408.995868329635,4.095153730856492e-10,1.0475768654282459e-10,2.34,2.34,12.0,4.354215297037877e-251,3.1789557563895798e-251,6.114849313083892e-16,0.0,74897.54194324279,74897.54194324279,32298.905699491464,42598.63624375133,24435.907303136293,18162.728940615034,9.16594460133733e-251,6.110629734224887e-251,8.74222418491187e-247,10864373.534249203,9.436194048760798e-251,460907.95041995565,9.929773318115441e-252,1.4210854715202004e-14,1.27675647831893e-15,,,250,0.019352197236123622,0.8778298578630046,0.9872928399957918,0.014830012913021998,0.8500755596512043,0.00010187614371130585,46797.92873080471,44144.44973046752,0.8700753119099501,-0.7493804676591462,0.7302464939746216,01101
explicit,80,1.95,1.95,6.0,0.5,,3.5,quantum,12,True,232.75060956572327,232.75060956572327,232.75060956572327,4.095153730856492e-10,1.0475768654282459e-10,2.34,2.34,12.0,1.9202720033648906e-251,2.15987152623074e-251,7.965178754698067e-11,0.0,453.86368865316035,453.86368865316035,238.0678001990576,215.7958884541028,107.89793255111049,107.8979559029923,0.0,9.847548735204567e-252,-5.638317031483695e-250,65835.86749611591,0.0,2793.007314788679,0.0,7.105427357601002e-15,2.2551405187698492e-17,,,250,0.02329317434416333,0.9998938663138912,0.0008810018652533455,8.737592662765995e-05,0.9758459270317232,2.7458407224411574e-06,232.75060956572327,232.75060956572327,1.0,-1.3454816587811152e-06,0.9535921510006495,01001
explicit,80,2.0,2.0,6.0,0.5,,3.5,quantum,32,False,68105.8239519548,68105.8239519548,68105.8239519548,4.095153730856492e-10,1.0475768654282459e-10,2.4,2.4000000000000004,12.0,4.830000104073686e-251,6.362289472263659e-252,1.7305978004340549e-13,8.729384361624432e-252,136211.6479039096,136211.6479039096,54824.88628690821,81386.76161700138,42599.90885478708,38786.8527622143,1.6800000361995429e-251,3.3600000723990858e-251,-1.25753507053284e-246,19758381.705839384,7.412285538481728e-251,817269.8874234576,1.1200000241330287e-251,2.842170943040401e-14,2.220446049250313e-15,,,250,0.03028102795738033,0.7868433642719098,0.978406911951502,0.09205569085479733,0.9450172136909345,0.0002275625748133901,80727.93528995232,151948.23357561015,0.44821727998611455,-0.832604208726524,0.7133625390625754,01101
explicit,80,2.0,2.0,6.0,0.5,,3.5,quantum,12,True,232.07660442520358,232.07660442520358,232.07660442520358,4.095153730856492e-10,1.0475768654282459e-10,2.4,2.4000000000000004,12.0,9.629244628560083e-252,8.4439720188336205e-252,2.8956143469501214e-11,0.0,464.15320885040717,464.15320885040717,251.30299297408473,212.8502158763224,106.42509955969435,106.42511631662808,1.9258489257120165e-251,0.0,2.6849016072347935e-249,67328.4290410035,1.699397837353408e-251,2784.919253102443,1.283899283808011e-251,1.4210854715202004e-14,2.6020852139652106e-17,,,250,0.026774492338025282,0.9999076007481535,0.00020524982303540267,8.36567076244844e-05,0.9730299879244104,1.0190760780219942e-05,232.07660442520358,232.07660442520358,1.0,-9.875412491908222e-07,0.9508333895922239,01001
explicit,80,2.05,2.05,6.0,0.5,,3.5,quantum,32,False,190076.70604611232,190076.70604611232,190076.70604611232,4.095153730856492e-10,1.0475768654282459e-10,2.4599999999999995,2.46,12.0,2.1068455035686576e-251,2.457900550202894e-251,1.1484989020574958e-12,1.7458768723248864e-251,389657.2473945302,389657.2473945302,143903.43147677043,245753.8159177598,116537.26896379767,129216.54695396213,3.5236440477803326e-251,2.3490960318535553e-251,5.377344356121399e-246,56522307.357290536,1.036438700608741e-251,2280920.4725533477,1.605215621766596e-251,1.4210854715202004e-14,1.7208456881689926e-15,,,250,0.0766400804285073,0.4114151136039423,0.9502407926613458,0.4635115201002739,0.9165975123685884,0.005149032852305684,194496.79111932407,260395.34715114548,0.7299543103425078,-0.8184050191626577,0.2773415442702338,00101
explicit,80,2.05,2.05,6.0,0.5,,3.5,quantum,12,True,232.91931700956474,232.91931700956474,232.91931700956474,4.095153730856492e-10,1.0475768654282459e-10,2.4599999999999995,2.46,12.0,1.9188811175194084e-251,1.2764692755746226e-251,1.6729937119081838e-11,0.0,477.48459986960773,477.48459986960773,266.1906790213265,211.29392084828123,105.64695446222267,105.64696638605858,0.0,0.0,2.3104242581846666e-249,69262.23364935083,0.0,2795.031804114777,1.2792540783462723e-251,7.105427357601002e-15,3.642919299551295e-17,,,250,0.023334027597288386,0.9999140183135011,9.689908546028507e-05,8.352725402123292e-05,0.9765722328715305,1.8982703613864257e-05,232.91931700956474,232.91931700956474,1.0,-7.051218015499198e-07,0.9542863640362073,01001
explicit,80,2.1,2.1,6.0,0.5,,3.5,quantum,32,False,215508.43336122908,215508.43336122908,215508.43336122908,4.095153730856492e-10,1.0475768654282459e-10,2.52,2.5200000000000005,12.0,3.1855213715808493e-251,1.159997375211011e-251,1.2755873982499659e-12,1.7458768723248864e-251,452567.7100585811,452567.7100585811,173830.99973082324,278736.7103277578,131589.89943261843,147146.8108951394,1.0112766258986824e-251,0.0,-4.0319290821688443e-246,65647877.4075417,2.677096767156167e-251,2586101.200334749,4.247361828774466e-251,2.842170943040401e-14,1.582067810090848e-15,,,250,0.08053216418666982,0.34458152635237466,0.8118918193675098,0.5612862955780165,0.9012638126693565,0.045959769406823725,215617.01139962312,330358.32021328254,0.6523475274426106,-0.6995556181539272,0.27711983375088267,00101
explicit,80,2.1,2.1,6.0,0.5,,3.5,quantum,12,True,233.0691419539888,233.0691419539888,233.0691419539888,4.095153730856492e-10,1.0475768654282459e-10,2.52,2.5200000000000005,12.0,6.122912671322772e-252,7.436142639417691e-252,7.868111454237198e-11,0.0,489.44519810337647,489.44519810337647,280.3460542810283,209.0991438223482,104.54956598271683,104.54957783963138,9.13165520975795e-252,9.13165520975795e-252,-4.126531675711534e-249,70997.19588620524,1.6115817713149306e-251,2796.8297034478655,0.0,7.105427357601002e-15,1.214306433183765e-17,,,250,0.02269535865752795,0.999914900178959,0.00010320968375462693,8.618680602423873e-05,0.9772010454277568,2.0448507072459103e-05,233.0691419539888,233.0691419539888,1.0,-7.007540225601477e-07,0.9548992953332308,01001
explicit,80,2.15,2.15,6.0,0.5,,3.5,quantum,32,False,170024.84988783576,170024.84988783576,170024.84988783576,4.095153730856492e-10,1.0475768654282459e-10,2.5799999999999996,2.58,12.0,3.701210895295036e-251,2.0055694886536864e-251,6.35164193158807e-13,1.7458768723248864e-251,365553.4272588469,365553.4272588469,146860.128805548,218693.29845329886,105718.48728576579,112974.81116753306,1.2519952288524436e-251,0.0,-2.869381655201854e-246,53025892.137751445,0.0,2040298.198654029,1.7945264946885024e-251,1.4210854715202004e-14,2.275957200481571e-15,,,250,0.06438045599991069,0.5068837861233918,0.33641307900467615,0.4646067229402254,0.9192752988976653,0.15540558022989542,170025.33730757557,262399.8907602546,0.6479608257275586,-0.29155934296586944,0.3281487001274589,01001
explicit,80,2.15,2.15,6.0,0.5,,3.5,quantum,12,True,233.0355657178581,233.0355657178581,233.0355657178581,4.095153730856492e-10,1.0475768654282459e-10,2.5799999999999996,2.58,12.0,1.4542543561863989e-251,1.1632219779676201e-251,4.5859535205796546e-10,8.729384361624432e-252,501.02646629339495,501.02646629339495,294.2878014990127,206.7386647943823,103.36932361163247,103.3693411827498,1.7841152489275716e-251,8.920576244637858e-252,-9.493471892935809e-250,72677.13384347528,1.5743299254357677e-251,2796.4267886142975,1.278615928398093e-251,1.4210854715202004e-14,2.168404344971009e-17,,,250,0.022636417020074785,0.9999140468834685,0.0003073448705431373,9.223232426557451e-05,0.9770509914645371,1.3431419678002896e-05,233.0355657178581,233.0355657178581,1.0,-1.0325628890925756e-06,0.9547592843606999,01001
explicit,80,2.2,2.2,6.0,0.5,,3.5,quantum,32,False,221808.48966514898,221808.48966514898,221808.48966514898,4.095153730856492e-10,1.0475768654282459e-10,2.64,2.6400000000000006,12.0,5.0294441932983775e-251,3.778732009899166e-251,2.9671102714548183e-13,2.6188153084873297e-251,487978.67726332776,487978.67726332776,205563.4988714414,282415.17839188635,139445.70616937586,142969.4722225105,1.875783382115945e-251,9.378916910579725e-252,-8.140405408601837e-246,70784467.54040553,3.310438508807491e-251,2661701.8759817877,2.751148960436719e-251,2.842170943040401e-14,1.27675647831893e-15,,,250,0.09211223319396239,0.36806236951959403,0.18831194103373128,0.6243292509717223,0.8856118634450101,0.29721302775803987,221808.4906761723,234821.16612329832,0.9445847379391825,-0.15842765816402019,0.22496092569481752,00011
explicit,80,2.2,2.2,6.0,0.5,,3.5,quantum,12,True,232.4867288967415,232.4867288967415,232.4867288967415,4.095153730856492e-10,1.0475768654282459e-10,2.64,2.6400000000000006,12.0,1.4563224873620084e-251,1.810916377130893e-251,1.4603143371991843e-10,0.0,511.47080357283136,511.47080357283136,307.5439115905265,203.92689198230488,101.96343056534909,101.9634614169558,0.0,0.0,-4.873110621561514e-250,74192.15260881033,0.0,2789.840746760898,2.5632687734399978e-251,1.0658141036401503e-14,2.42861286636753e-17,,,250,0.022869522237760405,0.9999132113752367,0.002384489469527463,0.00010223243809936525,0.9747322654264905,3.750202530232321e-06,232.4867288967415,232.4867288967415,1.0,-1.7209471144567101e-06,0.9525024514976856,01001
explicit,300,1.4,1.4,6.0,0.5,,3.5,quantum,32,False,12713.014305449868,12713.014305449868,12713.014305449868,4.095153730856492e-10,1.0475768654282459e-10,1.68,1.6799999999999997,12.0,5.756428889151414e-251,6.845479380970986e-252,1.4272520200363526e-12,1.7458768723248864e-251,17798.220027629814,17798.220027629814,4106.462293001328,13691.757734628485,6825.307216797724,6866.450517830761,1.6071520990169593e-251,1.6071520990169593e-251,1.5738864521641394e-247,688465.8894732335,0.0,152556.1716653984,0.0,7.105427357601002e-15,7.216449660063518e-16,,,250,0.025050037904792582,0.9817852033171645,0.1049944354627843,0.01631644973057372,0.7599806126675714,0.0019318036537282449,13814.992002697241,48916.61377637247,0.2598915444877025,0.11187326091711358,0.661003493873654,01001
explicit,300,1.4,1.4,6.0,0.5,,3.5,quantum,12,True,11258.970503750194,11258.970503750194,11258.970503750194,4.095153730856492e-10,1.0475768654282459e-10,1.68,1.6799999999999997,12.0,2.6993786495229233e-251,9.115108599660884e-252,0.00014111942931739545,0.0,15762.55870525027,15762.55870525027,3689.787676868595,12072.771028381674,6036.259511443085,6036.51151693859,9.07354167906865e-252,9.07354167906865e-252,7.49243059758225e-248,609722.9937902584,1.5012428643167476e-251,135107.6460450023,0.0,8.881784197001252e-16,4.85722573273506e-17,,,250,0.20862967746880678,0.984699697585788,0.013003804463391992,0.015065096237940468,0.7807364966251914,0.003124812783963443,11378.546694782277,45052.18964554656,0.2499095070035769,-0.002134772381118586,0.5885319867774863,01001
explicit,300,1.45,1.45,6.0,0.5,,3.5,quantum,32,False,12863.466940552837,12863.466940552837,12863.466940552837,4.095153730856492e-10,1.0475768654282459e-10,1.74,1.7399999999999998,12.0,2.95126867256134e-251,1.1019214322455029e-251,4.16529152268095e-12,8.729384361624432e-252,18652.02706380161,18652.02706380161,4903.456897738246,13748.570166063368,6865.137946805375,6883.432219257992,0.0,0.0,-2.00746387877555e-247,721492.6202184429,3.8060359925525075e-251,154361.60328663402,1.482464346942826e-251,7.105427357601002e-15,4.996003610813204e-16,,,250,0.023850977643085535,0.9824038640054014,0.09986474904058842,0.015495374910131482,0.7686180101749251,0.002325855074479419,14380.955203852178,29206.092238910638,0.4404377975433194,0.10976702422586807,0.6682817018223035,01001
explicit,300,1.45,1.45,6.0,0.5,,3.5,quantum,12,True,11337.587963013259,11337.587963013259,11337.587963013259,4.095153730856492e-10,1.0475768654282459e-10,1.74,1.7399999999999998,12.0,2.522974619424127e-251,1.6405957958531453e-251,4.499843323013619e-05,8.729384361624432e-252,16439.502546369225,16439.502546369225,4395.805530628672,12043.697015740552,6021.768235004851,6021.928780735702,0.0,0.0,1.7209108330506406e-247,635908.350695381,1.4394248678076349e-251,136051.05555615912,1.6819830796160845e-251,3.552713678800501e-15,5.551115123125783e-17,,,250,0.20746478273520919,0.9855988972501584,0.007075546490811194,0.01417533090657802,0.7869924040129468,0.0037129524387379577,11377.04347448589,26606.21993584398,0.42612546954628555,-0.0013069613957036141,0.5937563645023092,01001
explicit,300,1.5,1.5,6.0,0.5,,3.5,quantum,32,False,13094.610062875749,13094.610062875749,13094.610062875749,4.095153730856492e-10,1.0475768654282459e-10,1.7999999999999998,1.8000000000000003,12.0,1.7999599936485484e-251,1.0614592410820512e-251,1.2357148571007997e-11,0.0,19641.915094313623,19641.915094313623,5708.510116979909,13933.404977333714,6991.100757544139,6942.304219789574,1.4562962185114012e-251,1.4562962185114012e-251,-7.922521814642377e-248,759783.1988463841,2.409482849916342e-251,157135.32075450898,1.4562962185114012e-251,3.552713678800501e-15,4.440892098500626e-16,,,250,0.022074654159207594,0.9823021325751291,0.10059111321866718,0.0147727614941945,0.7788336200126325,0.0025189376375193227,16167.921999172253,19230.09940958786,0.6809434410072243,0.10142571854016914,0.6762171002304309,01001
explicit,300,1.5,1.5,6.0,0.5,,3.5,quantum,12,True,11377.202714190262,11377.202714190262,11377.202714190262,4.095153730856492e-10,1.0475768654282459e-10,1.7999999999999998,1.8000000000000003,12.0,3.1427372126030075e-251,1.3265397698155377e-251,1.528688577881246e-05,0.0,17065.804071285394,17065.804071285394,5093.795211205565,11972.00886007983,5985.940466823136,5986.068393256693,1.6761265133882705e-251,0.0,-1.1122108615145689e-247,660134.775346862,1.3865991125168515e-251,136526.43257028316,3.352253026776541e-251,3.552713678800501e-15,3.8163916471489756e-17,,,250,0.2060852847871049,0.9864872944701939,0.005181942254462755,0.013274687625158203,0.7899875564353426,0.003820508727956739,11392.64427263937,16877.39005107689,0.6741091294186402,-0.001016765572262264,0.596533286861759,01001
explicit,300,1.55,1.55,6.0,0.5,,3.5,quantum,32,False,13554.233167689721,13554.233167689721,13554.233167689721,4.095153730856492e-10,1.0475768654282459e-10,1.8599999999999999,1.8600000000000003,12.0,2.1410259815333123e-251,1.1806272832090496e-251,3.83259415805322e-11,1.7458768723248864e-251,21009.061409919068,21009.061409919068,6567.278203218534,14441.783206700533,7321.8753349018925,7119.90787179864,1.3615290144597246e-251,2.7230580289194492e-251,-5.7815638732188765e-248,812666.7794938979,7.88440750519248e-251,162650.79801227665,1.4069133149417154e-251,7.105427357601002e-15,5.551115123125783e-16,,,250,0.020768158020158974,0.9807608555103203,0.10644251446994568,0.014305471497743846,0.7963341896652018,0.0026726341012655334,19685.255448265823,15725.833925860576,0.8619087058652111,0.08138881083662948,0.6880069911594685,01001
explicit,300,1.55,1.55,6.0,0.5,,3.5,quantum,12,True,11390.523286894973,11390.523286894973,11390.523286894973,4.095153730856492e-10,1.0475768654282459e-10,1.8599999999999999,1.8600000000000003,12.0,2.817185488769485e-251,8.322124956631579e-252,6.383991587298471e-06,0.0,17655.311094687208,17655.311094687208,5783.188707842664,11872.122386844543,5935.9962942882075,5936.126092556336,0.0,1.6201610111972775e-251,-1.4025501853821975e-247,682937.9251330205,0.0,136686.27944273967,0.0,1.7763568394002505e-15,4.85722573273506e-17,,,250,0.205238952101146,0.987318697997876,0.005234321630131561,0.012398786743915681,0.790829826631189,0.0035757922633339,11396.772730786086,13046.947307173974,0.8730412577532062,-0.0010205851042581421,0.5977372533164838,01001
explicit,300,1.6,1.6,6.0,0.5,,3.5,quantum,32,False,14548.241261546602,14548.241261546602,14548.241261546602,4.095153730856492e-10,1.0475768654282459e-10,1.92,1.9200000000000004,12.0,3.7502488594823266e-251,1.0825015314664557e-251,1.3064681550339564e-10,0.0,23277.18601847456,23277.18601847456,7605.7304136005305,15671.455604874032,8097.950737535871,7573.504867338162,2.457723768970034e-251,2.457723768970034e-251,-1.1800558589504381e-247,900401.7565669528,3.049779568825418e-251,174578.89513855922,1.3107860101173515e-251,7.105427357601002e-15,3.885780586188048e-16,,,250,0.02057485988625788,0.976295533622869,0.1201456933667998,0.014364326506956845,0.8296804320274304,0.0030355591428017944,27554.712477957557,15466.932426757277,0.9406028849249144,0.03893915458968606,0.7071510262891546,01001
explicit,300,1.6,1.6,6.0,0.5,,3.5,quantum,12,True,11386.234021641443,11386.234021641443,11386.234021641443,4.095153730856492e-10,1.0475768654282459e-10,1.92,1.9200000000000004,12.0,2.1981711243663164e-251,1.5563931082954264e-251,3.710682370236145e-06,0.0,18217.974434626307,18217.974434626307,6464.183387985954,11753.791046640354,5876.8227812112455,5876.968265429109,0.0,1.570122231690226e-251,-2.342355705754684e-247,704702.7148818716,2.597811174293284e-251,136634.8082596973,1.674797047136241e-251,3.552713678800501e-15,4.163336342344337e-17,,,250,0.20511367584071158,0.9880850065026997,0.006043816035952489,0.011575467684719313,0.7903215239781771,0.0031878275447211925,11388.46986409572,11876.311648385265,0.9587348630405421,-0.0011394900422602838,0.5979102398871593,01001
explicit,300,1.65,1.65,6.0,0.5,,3.5,quantum,32,False,16605.873714428933,16605.873714428933,16605.873714428933,4.095153730856492e-10,1.0475768654282459e-10,1.9799999999999998,1.98,12.0,6.237251960980117e-251,1.1813885905640864e-251,4.4489549898503243e-10,8.729384361624432e-252,27399.69162880774,27399.69162880774,9156.846623272528,18242.845005535215,9669.836153832843,8573.008851702372,0.0,0.0,5.2448628778191075e-247,1059867.393437967,1.7272770146618238e-251,199270.4845731472,1.1483666228822147e-251,7.105427357601002e-15,4.996003610813204e-16,,,250,0.021740664609594507,0.9669012206525305,0.14989827719914015,0.015336857147815887,0.879993540252471,0.0036899977551237877,49634.62772674882,17271.57296644186,0.9614569412232249,-0.033870559861552046,0.7252310923616931,01001
explicit,300,1.65,1.65,6.0,0.5,,3.5,quantum,12,True,11376.743295701182,11376.743295701182,11376.743295701182,4.095153730856492e-10,1.0475768654282459e-10,1.9799999999999998,1.98,12.0,1.2571456493608068e-251,6.073359566990751e-252,2.2665851762252227e-06,0.0,18771.62643790695,18771.62643790695,7141.398511506325,11630.227926400627,5815.041609924806,5815.186316475821,0.0,0.0,5.471578117866194e-248,726118.9305655478,0.0,136520.91954841418,0.0,1.7763568394002505e-15,3.469446951953614e-17,,,250,0.2059065211874523,0.9888197019154561,0.0059555793686030525,0.010831463364390066,0.7896168276645109,0.002968484411141611,11377.368054260538,11556.729265184276,0.984425872982478,-0.0011300935004124398,0.5978190006867966,01001
explicit,300,1.7,1.7,6.0,0.5,,3.5,quantum,32,False,20615.74231403866,20615.74231403866,20615.74231403866,4.095153730856492e-10,1.0475768654282459e-10,2.04,2.04,12.0,2.5124816879799113e-251,2.355886380486179e-252,1.5463789299335025e-09,0.0,35046.76193386572,35046.76193386572,11945.409799449528,23101.352134416193,12529.807324398995,10571.544810017198,3.264717776797569e-251,0.0,-2.0336957569538843e-247,1355669.279877349,5.401566929186643e-251,247388.9077684639,9.250033700926446e-252,7.105427357601002e-15,6.661338147750939e-16,,,250,0.02477396858132589,0.9500253325914305,0.216163887177205,0.017840449862238254,0.9254911493939374,0.004224064498040523,112247.3252289512,21788.71935686638,0.9461658565785294,-0.13429478760613703,0.7019854998052631,01001
explicit,300,1.7,1.7,6.0,0.5,,3.5,quantum,12,True,11370.48701383407,11370.48701383407,11370.48701383407,4.095153730856492e-10,1.0475768654282459e-10,2.04,2.04,12.0,5.285926375319779e-251,2.915870883578417e-251,1.3766910508309785e-06,8.729384361624432e-252,19329.827923517918,19329.827923517918,7819.6993436616385,11510.12857985628,5755.00230774218,5755.1262721141,0.0,0.0,1.8059350367328625e-247,747711.1280830437,1.224192417711093e-251,136445.84416600884,0.0,3.552713678800501e-15,1.734723475976807e-17,,,250,0.20702111283906593,0.9895206780558866,0.004905294694823337,0.010180596128376022,0.7893377436395088,0.002985646727391317,11370.645105891064,11449.632011448226,0.9930875509767458,-0.0009654253576607242,0.5979005371500653,01001
explicit,300,1.75,1.75,6.0,0.5,,3.5,quantum,32,False,27959.769560724697,27959.769560724697,27959.769560724697,4.095153730856492e-10,1.0475768654282459e-10,2.1,2.1,12.0,1.1286100506878079e-250,9.17604955199381e-252,6.299858714473087e-09,0.0,48929.59673126822,48929.59673126822,17133.946603900047,31795.650127368168,17516.53489766115,14279.115229707018,4.676833423871881e-251,1.1692083559679702e-251,1.9778343293256533e-246,1892681.306493838,1.9344879468020467e-251,335517.23472869635,5.4563056611838604e-251,3.552713678800501e-15,9.43689570931383e-16,,,250,0.030355468159274517,0.9210861999947388,0.3467754175711529,0.023096970879420385,0.9492352756392892,0.004372685965447366,255032.07319173406,31313.987733129976,0.8928843492885277,-0.2705493322438758,0.5951421713570054,01001
explicit,300,1.75,1.75,6.0,0.5,,3.5,quantum,12,True,11380.220038637315,11380.220038637315,11380.220038637315,4.095153730856492e-10,1.0475768654282459e-10,2.1,2.1,12.0,9.032973869879446e-252,5.830081671930976e-252,1.1532013627655269e-06,1.7458768723248864e-251,19915.3850676153,19915.3850676153,8509.205095649208,11406.179971966094,5703.036121799335,5703.143850166758,0.0,1.4362989507385951e-251,-5.368571382399026e-248,770361.4897159814,3.564595216104094e-251,136562.64046364778,1.6756821091950276e-251,3.552713678800501e-15,2.42861286636753e-17,,,250,0.20678076983841812,0.9901210157913883,0.004168265298648521,0.00963300753823905,0.7901346181229354,0.0030007435812770744,11380.270715177627,11413.432434556908,0.9970900606710533,-0.0008376765896293512,0.5987436032032307,01001
explicit,300,1.8,1.8,6.0,0.5,,3.5,quantum,32,False,38730.49185399874,38730.49185399874,38730.49185399874,4.095153730856492e-10,1.0475768654282459e-10,2.16,2.16,12.0,8.190416103925394e-251,3.3496064361087327e-252,3.033220671661408e-08,0.0,69714.88533719773,69714.88533719773,25275.163518223417,44439.72181897432,24635.801880312145,19803.919938662173,1.6412246272982668e-251,1.6412246272982668e-251,-5.5128292328569423e-247,2696692.167457713,4.073178116583039e-251,464765.9022479849,2.9542043291368805e-251,7.105427357601002e-15,5.551115123125783e-16,,,250,0.03728073683754033,0.8801780297699932,0.53618158583791,0.032343962044465775,0.9507782809384848,0.004208365406730224,451276.0373880602,50091.29358015508,0.7731980766682135,-0.4367625954283941,0.4199644882752895,01101
explicit,300,1.8,1.8,6.0,0.5,,3.5,quantum,12,True,11395.309470909904,11395.309470909904,11395.309470909904,4.095153730856492e-10,1.0475768654282459e-10,2.16,2.16,12.0,1.2550974042957212e-251,9.572882902748324e-252,1.6007761826504523e-06,8.729384361624432e-252,20511.557047637827,20511.557047637827,9204.20543163096,11307.351616006868,5653.622273530299,5653.7293424765685,2.7891053428793805e-251,0.0,-1.5265947371608807e-247,793422.451535088,1.1536632116553993e-251,136743.71365091886,0.0,3.552713678800501e-15,3.122502256758253e-17,,,250,0.20569519302379985,0.9906055754820385,0.00419584110491669,0.009176853818943823,0.7911592028110147,0.0028792932767669793,11395.330138274954,11407.027750150519,0.9989727140586241,-0.0008326662407135861,0.5997731143178439,01001
explicit,300,1.85,1.85,6.0,0.5,,3.5,quantum,32,False,50806.0947767124,50806.0947767124,50806.0947767124,4.095153730856492e-10,1.0475768654282459e-10,2.22,2.22,12.0,6.7825365257151355e-251,5.044328615428954e-252,1.7186768592821463e-07,8.729384361624432e-252,93991.27533691794,93991.27533691794,35155.707152449024,58835.56818446891,32433.172585589196,26402.395598879717,1.217323483424878e-251,1.217323483424878e-251,-1.5934577806207408e-246,3635744.8597163,0.0,609673.1373205488,4.5040968886720485e-251,7.105427357601002e-15,4.440892098500626e-16,,,250,0.043904959862458764,0.8360235788082089,0.7130974217160733,0.048484659874109444,0.939853425852043,0.004282557019380864,552872.3471191564,94396.39416984662,0.5382207151397905,-0.5813640461128934,0.5428114707170167,01101
explicit,300,1.85,1.85,6.0,0.5,,3.5,quantum,12,True,11392.337702854997,11392.337702854997,11392.337702854997,4.095153730856492e-10,1.0475768654282459e-10,2.22,2.22,12.0,1.2554248049108689e-251,4.1523450809585167e-252,3.1965838717226754e-06,0.0,21075.824750281743,21075.824750281743,9885.344592794272,11190.480157487473,5595.177799275157,5595.302358212315,2.7144320106180948e-251,2.7144320106180948e-251,-2.189853360957105e-247,815249.300804211,2.245551864281322e-251,136708.05243425997,1.6738997398811583e-251,3.552713678800501e-15,2.42861286636753e-17,,,250,0.20526554836339952,0.9909986981049528,0.005155729593512787,0.00879191050812553,0.7907589852685256,0.002596888778443331,11392.346448075014,11395.743356323519,0.9997011468789675,-0.000970871838516266,0.5997427205400278,01001
explicit,300,1.9,1.9,6.0,0.5,,3.5,quantum,32,False,65628.89607978515,65628.89607978515,65628.89607978515,4.095153730856492e-10,1.0475768654282459e-10,2.28,2.2800000000000002,12.0,3.657065709294687e-251,3.6466520555337916e-252,1.0428544077635787e-06,0.0,124694.90255159177,124694.90255159177,47005.23641782562,77689.66613376615,41748.45668469827,35941.20944906789,9.175819088301872e-252,9.175819088301872e-252,7.633896409010753e-247,4823414.187749661,6.072659791645342e-251,787546.7529574217,3.486811253554711e-251,7.105427357601002e-15,4.718447854656915e-16,,,250,0.05215924632113472,0.7848310884753421,0.811387022473983,0.08579965341468605,0.9221813717357201,0.005753402615368981,522996.10954989924,215452.10273415464,0.3046101441895155,-0.656358382420866,0.5777431383258081,01101
explicit,300,1.9,1.9,6.0,0.5,,3.5,quantum,12,True,11360.13146919619,11360.13146919619,11360.13146919619,4.095153730856492e-10,1.0475768654282459e-10,2.28,2.2800000000000002,12.0,1.888475944605083e-251,6.021714996442289e-252,6.0432747033017526e-06,8.729384361624432e-252,21584.24979147276,21584.24979147276,10539.005901084773,11045.243890387988,5522.542532243279,5522.701358144709,2.6504925538316955e-251,1.3252462769158477e-251,-1.3425793148178377e-247,834916.059484048,1.0963285269696728e-251,136321.5776303543,1.678645284093407e-251,3.552713678800501e-15,2.0816681711721685e-17,,,250,0.2061270291018734,0.9913276659475645,0.007145474302915112,0.008469289223262769,0.7881728757861185,0.002197090586355441,11360.134754629808,11361.020404882114,0.9999217556474468,-0.0012423343617342496,0.598041428203329,01001
explicit,300,1.95,1.95,6.0,0.5,,3.5,quantum,32,False,94827.6168522698,94827.6168522698,94827.6168522698,4.095153730856492e-10,1.0475768654282459e-10,2.34,2.34,12.0,2.742658674230601e-251,2.945507500531143e-252,4.853841835159214e-06,1.7458768723248864e-251,184913.8528619261,184913.8528619261,68026.29660835535,116887.55625357077,59829.82947323251,57057.72678033826,0.0,1.2375253117473975e-251,4.134487403465728e-247,7152787.188206371,2.0475202620801043e-251,1137931.4022272376,1.6087829052716168e-251,7.105427357601002e-15,7.771561172376096e-16,,,250,0.0706918355332095,0.686887337684025,0.8300277834345067,0.18322511768037764,0.9012332499256452,0.011899208247270176,504930.6592998464,449116.00832008343,0.21114281186941455,-0.6720653242577639,0.4872423798714762,01101
explicit,300,1.95,1.95,6.0,0.5,,3.5,quantum,12,True,11301.135515234042,11301.135515234042,11301.135515234042,4.095153730856492e-10,1.0475768654282459e-10,2.34,2.34,12.0,1.2655563079308209e-251,1.2708323611009053e-251,7.632968457162095e-06,1.7458768723248864e-251,22037.21425470638,22037.21425470638,11162.341907990147,10874.872346716234,5437.342049066469,5437.530297649766,1.2980064696726367e-251,1.2980064696726367e-251,1.4235880016937124e-247,852437.5072240909,1.0737940152565841e-251,135613.6261828085,1.687408410574428e-251,3.552713678800501e-15,1.734723475976807e-17,,,250,0.20898971067882005,0.9916203629910848,0.008877805290794669,0.008210141465886969,0.7837767469153204,0.001870210116003442,11301.136502674435,11301.399136248467,0.9999766735949022,-0.001474767341906937,0.5949022409473201,01001
explicit,300,2.0,2.0,6.0,0.5,,3.5,quantum,32,False,145051.12296103776,145051.12296103776,145051.12296103776,4.095153730856492e-10,1.0475768654282459e-10,2.4,2.4000000000000004,12.0,3.574295637441296e-251,2.3016127964964387e-252,1.2925163457544697e-05,0.0,290102.2459220755,290102.2459220755,105214.35772422004,184887.88819785547,90641.48891666382,94246.39928119164,3.1552402868447305e-251,0.0,-9.737584608470246e-247,11221655.89968391,2.610216679093155e-251,1740613.475532453,6.310480573689461e-251,3.552713678800501e-15,5.273559366969494e-16,,,250,0.10368290738415546,0.5194858362072159,0.8097426592108128,0.3582177568115092,0.8765199530210567,0.030934533265014462,505630.3420959521,641798.7808776179,0.226007164991323,-0.66764911263475,0.2919866823740578,01101
explicit,300,2.0,2.0,6.0,0.5,,3.5,quantum,12,True,11234.247428087534,11234.247428087534,11234.247428087534,4.095153730856492e-10,1.0475768654282459e-10,2.4,2.4000000000000004,12.0,1.7902847251608512e-251,1.1124805857516514e-251,6.994805750871416e-06,1.7458768723248864e-251,22468.494856175068,22468.494856175068,11770.329871816415,10698.164984358653,5348.988698536596,5349.176285822057,1.2730913601143831e-251,2.5461827202287662e-251,2.473209177335434e-247,869120.1857414793,1.053182642233257e-251,134810.96913705042,1.6974551468191776e-251,3.552713678800501e-15,3.8163916471489756e-17,,,250,0.21380073308120556,0.991870657024598,0.008649832148295612,0.008025575850955667,0.7791213569310018,0.0018028655883351463,11234.247683575219,11234.34869101835,0.9999909863105019,-0.0014681550360566408,0.5914788355499294,01001
explicit,300,2.05,2.05,6.0,0.5,,3.5,quantum,32,False,188407.59109046333,188407.59109046333,188407.59109046333,4.095153730856492e-10,1.0475768654282459e-10,2.4599999999999995,2.46,12.0,1.785096442972833e-251,4.1682171357444652e-252,2.1190979381906675e-05,0.0,386235.5617354498,386235.5617354498,143318.14948056327,242917.41225488656,117007.54677154003,125909.86548334654,4.7398136490830396e-251,4.7398136490830396e-251,4.0493868176703416e-247,14940258.584487319,2.9408078746520748e-251,2260891.09308556,3.238872660206744e-251,7.105427357601002e-15,3.885780586188048e-16,,,250,0.13152734418113943,0.3781599112570191,0.7675826564427595,0.513075797210472,0.8535540506402552,0.07129290592591904,399157.57326446444,695728.080780511,0.2708063628524178,-0.6438997597316453,0.21408824500141116,00101
explicit,300,2.05,2.05,6.0,0.5,,3.5,quantum,12,True,11199.127605086023,11199.127605086023,11199.127605086023,4.095153730856492e-10,1.0475768654282459e-10,2.4599999999999995,2.46,12.0,2.5541674034663542e-251,4.0576756023127966e-252,7.079163309980484e-06,1.7458768723248864e-251,22958.21159042635,22958.21159042635,12405.481707132405,10552.729883293943,5276.276258574463,5276.45362471948,0.0,0.0,-1.0426376681524222e-247,888063.2747982973,1.0307174270272224e-251,134389.53126103227,0.0,3.552713678800501e-15,4.85722573273506e-17,,,250,0.21671537171796065,0.9920268876819723,0.007934525126373614,0.007939785951601271,0.7767712607756574,0.0018720268070931412,11199.127682246426,11199.169059892232,0.9999962984033917,-0.0013878312535653586,0.5897268832592076,01001
explicit,300,2.1,2.1,6.0,0.5,,3.5,quantum,32,False,210061.75828415644,210061.75828415644,210061.75828415644,4.095153730856492e-10,1.0475768654282459e-10,2.52,2.5200000000000005,12.0,2.723432090621359e-251,4.594671199125962e-252,1.647049185940943e-05,8.729384361624432e-252,441129.69239672855,441129.69239672855,170245.69455454932,270883.9978421792,130237.22628966825,140646.77155251097,6.224987635705963e-251,4.149991757137309e-251,-2.1974479253517183e-246,17063658.364572518,6.8662775052301265e-251,2520741.0994098773,2.904994229996116e-251,7.105427357601002e-15,4.996003610813204e-16,,,250,0.14551037191800142,0.3131352156857655,0.6784443161509639,0.5978306396549103,0.839697318123411,0.1309709789770145,289450.9343360809,709499.1258532386,0.296070496255422,-0.5746178615330523,0.17722942319446713,00101
explicit,300,2.1,2.1,6.0,0.5,,3.5,quantum,12,True,11200.411581468035,11200.411581468035,11200.411581468035,4.095153730856492e-10,1.0475768654282459e-10,2.52,2.5200000000000005,12.0,1.9154059519227347e-251,9.234183863461827e-252,1.0525314981342871e-05,8.729384361624432e-252,23520.864321082874,23520.864321082874,13078.928643878731,10441.935677204143,5220.876312809192,5221.05936439495,1.216130763125546e-251,0.0,-7.919297492865685e-248,909827.6541617754,0.0,134404.93897761643,0.0,3.552713678800501e-15,2.7755575615628914e-17,,,250,0.216296934097585,0.9920803132776436,0.008299010864261522,0.007953645600423827,0.7768067874036795,0.0018717809250528154,11200.411611303558,11200.426508380027,0.9999986672907517,-0.001436691243593309,0.5897593492752359,01001
explicit,300,2.15,2.15,6.0,0.5,,3.5,quantum,32,False,219443.7195351589,219443.7195351589,219443.7195351589,4.095153730856492e-10,1.0475768654282459e-10,2.5799999999999996,2.58,12.0,1.8921089296304485e-251,4.759716016456854e-252,1.949885665661046e-05,1.7458768723248864e-251,471803.99700059165,471803.99700059165,189902.89240254424,281901.1045980474,136078.66282369389,145822.44177435347,9.700450817040474e-252,9.700450817040474e-252,2.326799942822269e-246,18250193.443377465,1.6049667356829028e-251,2633324.634421907,1.3903979504424679e-251,7.105427357601002e-15,6.661338147750939e-16,,,250,0.1529195745374742,0.2894001020155562,0.5677168362774554,0.6426204548823707,0.8306320106045404,0.19336423157633742,242878.04679312088,626213.9365985852,0.350429312907206,-0.4832889783173969,0.15008027501646448,00111
explicit,300,2.15,2.15,6.0,0.5,,3.5,quantum,12,True,11173.0441015102,11173.0441015102,11173.0441015102,4.095153730856492e-10,1.0475768654282459e-10,2.5799999999999996,2.58,12.0,1.2800650573063e-251,5.865586579819468e-252,2.225379673010273e-05,0.0,24022.04481824693,24022.04481824693,13717.353786258462,10304.691031988468,5152.237547582545,5152.453484405923,0.0,1.1907581928430697e-251,-2.2207553815972556e-248,929214.1813668017,0.0,134076.5292181224,0.0,3.552713678800501e-15,2.42861286636753e-17,,,250,0.21645827715160065,0.9920912379414448,0.010538545090746544,0.008021083960090483,0.7746000341095235,0.0017082247878893015,11173.044113609367,11173.048526728468,0.9999996039381502,-0.0017091782534060151,0.5880717090080155,01001
explicit,300,2.2,2.2,6.0,0.5,,3.5,quantum,32,False,224285.9275028578,224285.9275028578,224285.9275028578,4.095153730856492e-10,1.0475768654282459e-10,2.64,2.6400000000000006,12.0,2.550712565397708e-251,1.8688980695277543e-251,2.3873742147563534e-05,0.0,493429.0405062872,493429.0405062872,206975.59274811353,286453.4477581737,138818.17301659266,147635.27474158103,1.8550636839256056e-251,1.8550636839256056e-251,-6.228101484182014e-246,19086687.474181324,1.5346273907413787e-251,2691431.130034294,2.720760069757555e-251,7.105427357601002e-15,5.551115123125783e-16,,,250,0.1588048709541654,0.2768475295094404,0.49282765655972827,0.6703458800884124,0.821179184724731,0.23795427544618966,231448.11818527628,460530.95722268766,0.487015962738864,-0.42000512183647754,0.1458443935077961,00011
explicit,300,2.2,2.2,6.0,0.5,,3.5,quantum,12,True,11068.999266157913,11068.999266157913,11068.999266157913,4.095153730856492e-10,1.0475768654282459e-10,2.64,2.6400000000000006,12.0,1.938145851424808e-251,1.3078421739811128e-251,4.5820703613013365e-05,1.7458768723248864e-251,24351.79838554741,24351.79838554741,14253.755986756047,10098.042398791362,5048.880669272772,5049.16172951859,1.1746338493483685e-251,1.1746338493483685e-251,1.136915019257966e-247,941969.6188580826,0.0,132827.99119389497,1.7227963123776071e-251,3.552713678800501e-15,3.8163916471489756e-17,,,250,0.21984352093374546,0.9921089592038029,0.015422333891118273,0.008107189541653015,0.7667712336057543,0.001403117616234427,11068.999270502243,11069.00040031146,0.9999998975378529,-0.0022532371760740086,0.5820343103954467,01001
