T_K,F_MVcm,variant,s_nm,state,probability,energy_eV
80,1.5,colocated,6.0,000,0.009016679979816524,-0.1
80,1.5,colocated,6.0,001,0.989841486942525,-0.24114184422285714
80,1.5,colocated,6.0,010,0.0002313627185325613,-0.1822836884457143
80,1.5,colocated,6.0,011,0.0006808678198835247,-0.24114184422285714
80,1.5,colocated,6.0,100,2.2704756782617338e-05,0.0
80,1.5,colocated,6.0,101,0.0002068976557055088,-0.1
80,1.5,colocated,6.0,110,1.2668843638447273e-10,0.0
80,1.5,colocated,6.0,111,6.572490429738373e-14,-0.017716311554285713
80,1.5,direct,6.0,000,0.2923201875010728,-0.1
80,1.5,direct,6.0,001,0.30433432569998375,-0.24114184422285714
80,1.5,direct,6.0,010,0.04393886008825907,-0.1822836884457143
80,1.5,direct,6.0,011,0.12410185100257559,-0.24114184422285714
80,1.5,direct,6.0,100,0.04020506066048831,0.0
80,1.5,direct,6.0,101,0.1592902409618597,-0.1
80,1.5,direct,6.0,110,0.02359044120736324,0.0
80,1.5,direct,6.0,111,0.01221903287839756,-0.017716311554285713
80,1.5,explicit,6.0,00000,1.1356352123821448e-18,0.06141844222857143
80,1.5,explicit,6.0,00001,1.584339314557107e-12,-0.2602681045233766
80,1.5,explicit,6.0,00010,2.5868848272981524e-12,-0.11712507856051949
80,1.5,explicit,6.0,00011,6.142556571569158e-33,-0.027393183083896103
80,1.5,explicit,6.0,00100,5.449423348505278e-13,-0.08943498658857142
80,1.5,explicit,6.0,00101,7.563113614160507e-13,-0.3425517929690909
80,1.5,explicit,6.0,00110,7.386030894218292e-17,-0.18569481893194806
80,1.5,explicit,6.0,00111,3.7646873943297134e-36,-0.027393183083896103
80,1.5,explicit,6.0,01000,0.02272365389730356,-0.25
80,1.5,explicit,6.0,01001,0.9737759295509678,-0.5342848701857142
80,1.5,explicit,6.0,01010,0.0004536888164305695,-0.38740167656623375
80,1.5,explicit,6.0,01011,2.360388394059139e-21,-0.2602681045233766
80,1.5,explicit,6.0,01100,2.2520903637082138e-05,-0.31856974037142854
80,1.5,explicit,6.0,01101,0.0017458544928935695,-0.5342848701857142
80,1.5,explicit,6.0,01110,2.441037767600309e-09,-0.37368772849194803
80,1.5,explicit,6.0,01111,4.151991584812609e-28,-0.17798441607766233
80,1.5,explicit,6.0,10000,3.484696893226228e-08,-0.1
80,1.5,explicit,6.0,10001,0.00019887258347293032,-0.38740167656623375
80,1.5,explicit,6.0,10010,0.00020850480178634804,-0.24114184422285714
80,1.5,explicit,6.0,10011,1.4934167160970526e-22,-0.11712507856051949
80,1.5,explicit,6.0,10100,2.8786326433791197e-05,-0.1822836884457143
80,1.5,explicit,6.0,10101,0.0006890433294103332,-0.4011156246405195
80,1.5,explicit,6.0,10110,1.7990186252747006e-08,-0.24114184422285714
80,1.5,explicit,6.0,10111,1.83413942044245e-27,-0.048555338189090906
80,1.5,explicit,6.0,11000,2.8122031789601526e-05,0.0
80,1.5,explicit,6.0,11001,0.00012492765512295197,-0.25
80,1.5,explicit,6.0,11010,4.030393303366428e-08,-0.1
80,1.5,explicit,6.0,11011,2.538917457949591e-27,0.06141844222857143
80,1.5,explicit,6.0,11100,1.6090780952332836e-11,0.0
80,1.5,explicit,6.0,11101,7.062088978456414e-12,-0.18143025962857143
80,1.5,explicit,6.0,11110,6.54599194182498e-19,-0.017716311554285713
80,1.5,explicit,6.0,11111,3.674067392085318e-39,0.2122718710457143
80,1.5,explicit,5.5,00000,2.357849121061048e-40,0.5478368844571428
80,1.5,explicit,5.5,00001,2.5905192907296525e-38,0.2962524991072356
80,1.5,explicit,5.5,00010,6.487625338013378e-39,0.36751233145061224
80,1.5,explicit,5.5,00011,4.223751726621216e-88,0.9387648305578479
80,1.5,explicit,5.5,00100,5.3598301228105635e-39,0.39074984287896103
80,1.5,explicit,5.5,00101,4.231029061951162e-40,0.21396881066152135
80,1.5,explicit,5.5,00110,4.2712899608761173e-42,0.2927089783181447
80,1.5,explicit,5.5,00111,1.1462085616802162e-86,0.9387648305578479
80,1.5,explicit,5.5,01000,0.2093185125135209,-0.175
80,1.5,explicit,5.5,01001,0.5388311817720935,-0.38740167656623375
80,1.5,explicit,5.5,01010,0.0262979618317612,-0.3141827087836735
80,1.5,explicit,5.5,01011,1.9485405030829222e-45,0.2962524991072356
80,1.5,explicit,5.5,01100,0.008126493613820998,-0.24980335313246754
80,1.5,explicit,5.5,01101,0.13762049981671198,-0.38740167656623375
80,1.5,explicit,5.5,01110,0.0001321355890316555,-0.3067023734704267
80,1.5,explicit,5.5,01111,1.5390305050515603e-46,0.37853618755294993
80,1.5,explicit,5.5,10000,0.00022081967986833595,-0.1
80,1.5,explicit,5.5,10001,0.007110236530269509,-0.3141827087836735
80,1.5,explicit,5.5,10010,0.007257552768261209,-0.24114184422285714
80,1.5,explicit,5.5,10011,1.1625482821289002e-47,0.36751233145061224
80,1.5,explicit,5.5,10100,0.005477276097491825,-0.1822836884457143
80,1.5,explicit,5.5,10101,0.01068549328242244,-0.3216630440969202
80,1.5,explicit,5.5,10110,7.884706059105133e-05,-0.24114184422285714
80,1.5,explicit,5.5,10111,3.1599335276246987e-47,0.4423156845830798
80,1.5,explicit,5.5,11000,0.00892060545644218,0.0
80,1.5,explicit,5.5,11001,0.03913343787210019,-0.175
80,1.5,explicit,5.5,11010,0.0006664752932017561,-0.1
80,1.5,explicit,5.5,11011,1.6020627354965928e-46,0.5478368844571428
80,1.5,explicit,5.5,11100,6.244083249279665e-05,0.0
80,1.5,explicit,5.5,11101,6.0023056048225744e-05,-0.10019664686753246
80,1.5,explicit,5.5,11110,6.933870214689134e-09,-0.017716311554285713
80,1.5,explicit,5.5,11111,4.200452839976135e-53,0.7049239260353247
80,1.5,left_only,6.0,0000,6.898498015875232e-11,0.06141844222857143
80,1.5,left_only,6.0,0001,1.0852037099860076e-10,-0.11712507856051949
80,1.5,left_only,6.0,0010,2.340367002097192e-11,-0.08943498658857142
80,1.5,left_only,6.0,0011,1.2165131589710885e-15,-0.18569481893194806
80,1.5,left_only,6.0,0100,0.9781844867231552,-0.25
80,1.5,left_only,6.0,0101,0.007073320269805047,-0.38740167656623375
80,1.5,left_only,6.0,0110,3.8489142119650436e-05,-0.31856974037142854
80,1.5,left_only,6.0,0111,1.1516293753834371e-07,-0.37368772849194803
80,1.5,left_only,6.0,1000,0.005536522415699478,-0.1
80,1.5,left_only,6.0,1001,0.006976643162366868,-0.24114184422285714
80,1.5,left_only,6.0,1010,0.0009852334517418048,-0.1822836884457143
80,1.5,left_only,6.0,1011,4.899199346755353e-07,-0.24114184422285714
80,1.5,left_only,6.0,1100,0.0012040106885284894,0.0
80,1.5,left_only,6.0,1101,6.888369209976352e-07,-0.1
80,1.5,left_only,6.0,1110,2.5879986064519568e-11,0.0
80,1.5,left_only,6.0,1111,4.774211337947492e-17,-0.017716311554285713
80,1.5,right_only,6.0,0000,5.5937413770514056e-06,-0.1
80,1.5,right_only,6.0,0001,0.02638125989541784,-0.38740167656623375
80,1.5,right_only,6.0,0010,0.027710744067648518,-0.24114184422285714
80,1.5,right_only,6.0,0011,1.00301581788283e-19,-0.11712507856051949
80,1.5,right_only,6.0,0100,0.003913279159858986,-0.1822836884457143
80,1.5,right_only,6.0,0101,0.47277773585502886,-0.4011156246405195
80,1.5,right_only,6.0,0110,0.027419906468210596,-0.24114184422285714
80,1.5,right_only,6.0,0111,8.079206468543471e-17,-0.048555338189090906
80,1.5,right_only,6.0,1000,4.735236868792404e-05,0.0
80,1.5,right_only,6.0,1001,0.038068235574428066,-0.25
80,1.5,right_only,6.0,1010,0.05807152823504879,-0.1
80,1.5,right_only,6.0,1011,9.193522551395176e-17,0.06141844222857143
80,1.5,right_only,6.0,1100,0.04848652641828961,0.0
80,1.5,right_only,6.0,1101,0.29537238213548594,-0.18143025962857143
80,1.5,right_only,6.0,1110,0.0017454560805176247,-0.017716311554285713
80,1.5,right_only,6.0,1111,6.534615286836244e-19,0.2122718710457143
300,1.5,colocated,6.0,000,0.16282822294642665,-0.1
300,1.5,colocated,6.0,001,0.6886626357605806,-0.24114184422285714
300,1.5,colocated,6.0,010,0.07782999826957326,-0.1822836884457143
300,1.5,colocated,6.0,011,0.06123220750432828,-0.24114184422285714
300,1.5,colocated,6.0,100,0.003867547644928802,0.0
300,1.5,colocated,6.0,101,0.00525947755814162,-0.1
300,1.5,colocated,6.0,110,0.0002135370116290023,0.0
300,1.5,colocated,6.0,111,0.00010637330439177633,-0.017716311554285713
300,1.5,direct,6.0,000,0.24027721752498227,-0.1
300,1.5,direct,6.0,001,0.2993713368568378,-0.24114184422285714
300,1.5,direct,6.0,010,0.10350147615188285,-0.1822836884457143
300,1.5,direct,6.0,011,0.18805558408707526,-0.24114184422285714
300,1.5,direct,6.0,100,0.047270228755280974,0.0
300,1.5,direct,6.0,101,0.06269645675852939,-0.1
300,1.5,direct,6.0,110,0.0237417121941921,0.0
300,1.5,direct,6.0,111,0.03508598767121933,-0.017716311554285713
300,1.5,explicit,6.0,00000,2.3535243787381898e-06,0.06141844222857143
300,1.5,explicit,6.0,00001,0.0005503149093295921,-0.2602681045233766
300,1.5,explicit,6.0,00010,0.00023204791741508412,-0.11712507856051949
300,1.5,explicit,6.0,00011,1.1107948804235827e-09,-0.027393183083896103
300,1.5,explicit,6.0,00100,0.00021487852534513206,-0.08943498658857142
300,1.5,explicit,6.0,00101,0.00035510338784225165,-0.3425517929690909
300,1.5,explicit,6.0,00110,3.360107770023973e-06,-0.18569481893194806
300,1.5,explicit,6.0,00111,1.5302061929489494e-10,-0.027393183083896103
300,1.5,explicit,6.0,01000,0.19747950080734197,-0.25
300,1.5,explicit,6.0,01001,0.6762171002304309,-0.5342848701857142
300,1.5,explicit,6.0,01010,0.011919276352140554,-0.38740167656623375
300,1.5,explicit,6.0,01011,1.6824054392781e-06,-0.2602681045233766
300,1.5,explicit,6.0,01100,0.003833547632990851,-0.31856974037142854
300,1.5,explicit,6.0,01101,0.08689701440584777,-0.5342848701857142
300,1.5,explicit,6.0,01110,0.00021912181659385757,-0.37368772849194803
300,1.5,explicit,6.0,01111,4.2554110911472825e-08,-0.17798441607766233
300,1.5,explicit,6.0,10000,0.0006336319301162135,-0.1
300,1.5,explicit,6.0,10001,0.004749156602518998,-0.38740167656623375
300,1.5,explicit,6.0,10010,0.0022868329228602313,-0.24114184422285714
300,1.5,explicit,6.0,10011,5.5686449126946946e-08,-0.11712507856051949
300,1.5,explicit,6.0,10100,0.0019371411991035371,-0.1822836884457143
300,1.5,explicit,6.0,10101,0.0066766319120360115,-0.4011156246405195
300,1.5,explicit,6.0,10110,5.633710645805185e-05,-0.24114184422285714
300,1.5,explicit,6.0,10111,2.042943236228494e-08,-0.048555338189090906
300,1.5,explicit,6.0,11000,0.002268064197998032,0.0
300,1.5,explicit,6.0,11001,0.003015624150447041,-0.25
300,1.5,explicit,6.0,11010,5.322883068939958e-05,-0.1
300,1.5,explicit,6.0,11011,1.520298279447118e-08,0.06141844222857143
300,1.5,explicit,6.0,11100,2.631823048570348e-05,0.0
300,1.5,explicit,6.0,11101,0.00037085685959276424,-0.18143025962857143
300,1.5,explicit,6.0,11110,7.3888568017746e-07,-0.017716311554285713
300,1.5,explicit,6.0,11111,1.2357148571007997e-11,0.2122718710457143
300,1.5,explicit,5.5,00000,9.421236390746697e-13,0.5478368844571428
300,1.5,explicit,5.5,00001,1.6215611451314236e-11,0.2962524991072356
300,1.5,explicit,5.5,00010,7.252881600718841e-12,0.36751233145061224
300,1.5,explicit,5.5,00011,1.7073472310103761e-25,0.9387648305578479
300,1.5,explicit,5.5,00100,8.034152118450404e-12,0.39074984287896103
300,1.5,explicit,5.5,00101,5.6996071542992944e-12,0.21396881066152135
300,1.5,explicit,5.5,00110,4.2630228639137095e-13,0.2927089783181447
300,1.5,explicit,5.5,00111,1.4438185862014298e-25,0.9387648305578479
300,1.5,explicit,5.5,01000,0.24131809986472702,-0.175
300,1.5,explicit,5.5,01001,0.38385809018403444,-0.38740167656623375
300,1.5,explicit,5.5,01010,0.0563713828752536,-0.3141827087836735
300,1.5,explicit,5.5,01011,8.144094347238706e-14,0.2962524991072356
300,1.5,explicit,5.5,01100,0.01881457169881768,-0.24980335313246754
300,1.5,explicit,5.5,01101,0.15402196743277036,-0.38740167656623375
300,1.5,explicit,5.5,01110,0.008760390460191836,-0.3067023734704267
300,1.5,explicit,5.5,01111,1.3528923526187505e-14,0.37853618755294993
300,1.5,explicit,5.5,10000,0.014926125921681134,-0.1
300,1.5,explicit,5.5,10001,0.030979664918120545,-0.3141827087836735
300,1.5,explicit,5.5,10010,0.011847377478189643,-0.24114184422285714
300,1.5,explicit,5.5,10011,7.186799816430593e-15,0.36751233145061224
300,1.5,explicit,5.5,10100,0.010341169253253573,-0.1822836884457143
300,1.5,explicit,5.5,10101,0.02989914506886405,-0.3216630440969202
300,1.5,explicit,5.5,10110,0.002537245880919386,-0.24114184422285714
300,1.5,explicit,5.5,10111,5.876533650532257e-15,0.4423156845830798
300,1.5,explicit,5.5,11000,0.012184096824677583,0.0
300,1.5,explicit,5.5,11001,0.014180113940989832,-0.175
300,1.5,explicit,5.5,11010,0.002142519156383729,-0.1
300,1.5,explicit,5.5,11011,4.927307242390485e-15,0.5478368844571428
300,1.5,explicit,5.5,11100,0.000971890819127476,0.0
300,1.5,explicit,5.5,11101,0.006523757860783796,-0.10019664686753246
300,1.5,explicit,5.5,11110,0.0003223903225306317,-0.017716311554285713
300,1.5,explicit,5.5,11111,4.3361225805557484e-17,0.7049239260353247
300,1.5,left_only,6.0,0000,0.000952763487929972,0.06141844222857143
300,1.5,left_only,6.0,0001,0.0017406643269150704,-0.11712507856051949
300,1.5,left_only,6.0,0010,0.0010670467626545238,-0.08943498658857142
300,1.5,left_only,6.0,0011,2.131235773215754e-05,-0.18569481893194806
300,1.5,left_only,6.0,0100,0.879749799601035,-0.25
300,1.5,left_only,6.0,0101,0.0671882498449632,-0.38740167656623375
300,1.5,left_only,6.0,0110,0.00792699982161313,-0.31856974037142854
300,1.5,left_only,6.0,0111,0.0005859591599246252,-0.37368772849194803
300,1.5,left_only,6.0,1000,0.007447657804650488,-0.1
300,1.5,left_only,6.0,1001,0.014360532062722007,-0.24114184422285714
300,1.5,left_only,6.0,1010,0.008387160007922428,-0.1822836884457143
300,1.5,left_only,6.0,1011,0.00032338613860255966,-0.24114184422285714
300,1.5,left_only,6.0,1100,0.009989977881481227,0.0
300,1.5,left_only,6.0,1101,0.00024445632700581294,-0.1
300,1.5,left_only,6.0,1110,1.36226052411612e-05,0.0
300,1.5,left_only,6.0,1111,4.1180960660630563e-07,-0.017716311554285713
300,1.5,right_only,6.0,0000,0.001011526153481141,-0.1
300,1.5,right_only,6.0,0001,0.05073907925625648,-0.38740167656623375
300,1.5,right_only,6.0,0010,0.01695484474015785,-0.24114184422285714
300,1.5,right_only,6.0,0011,4.222095791301547e-06,-0.11712507856051949
300,1.5,right_only,6.0,0100,0.010260193955880514,-0.1822836884457143
300,1.5,right_only,6.0,0101,0.3791334553288233,-0.4011156246405195
300,1.5,right_only,6.0,0110,0.030293182645921495,-0.24114184422285714
300,1.5,right_only,6.0,0111,6.475592356074127e-05,-0.048555338189090906
300,1.5,right_only,6.0,1000,0.0003857691125232487,0.0
300,1.5,right_only,6.0,1001,0.019405513857164318,-0.25
300,1.5,right_only,6.0,1010,0.019987397509951616,-0.1
300,1.5,right_only,6.0,1011,1.7710338192840985e-05,0.06141844222857143
300,1.5,right_only,6.0,1100,0.026741598108157478,0.0
300,1.5,right_only,6.0,1101,0.4412791871677168,-0.18143025962857143
300,1.5,right_only,6.0,1110,0.0037155631838598608,-0.017716311554285713
300,1.5,right_only,6.0,1111,6.000622561040575e-06,0.2122718710457143
