variant,T_K,F_MVcm,delta_mu_eV,s_nm,eta,decay_nm,epsr,kernel,number_states,single_pair_constraint,R_s,bath_left_in_s,bath_right_out_s,total_coupling_H2_eV2,branch_budget_nominal_H2_eV2,fixed_outer_window_potential_drop_V,represented_bath_potential_drop_V,represented_bath_span_nm,max_node_continuity_relative,generator_residual_scaled,min_probability,normalization_error,total_bath_heat_eV_s,chemical_work_eV_s,phonon_heat_eV_s,electron_bath_heat_eV_s,left_electron_heat_eV_s,right_electron_heat_eV_s,heat_chemical_relative,heat_partition_relative,state_energy_derivative_eV_s,entropy_kB_s,entropy_heat_relative,electron_displacement_nm_s,displacement_relative,direct_DB_max_log_error,direct_mean_energy_error_eV,common_mu_probability_relative,common_mu_edge_flux_over_gross,precision_dps,occupation_V,occupation_D,occupation_C,inner_pair_probability,core_formation_gross_s,core_generation_gross_s,net_over_generation_gross,mean_total_charge_e,p_most_likely,most_likely_state,occupation_Vo,occupation_Co
colocated,80,1.0,1.0,6.0,0.5,,,quantum,8,False,1.8355807727063283e-06,1.8355807727063283e-06,1.8355807727063283e-06,4.095153730856492e-10,1.0475768654282459e-10,1.2,1.0,10.0,2.3958742706276224e-249,1.4544557573239376e-251,6.086464811261992e-20,0.0,1.8355807727063283e-06,1.8355807727063283e-06,-5.877295051762772e-07,2.4233102778826054e-06,1.2116551389413027e-06,1.2116551389413027e-06,3.3561543260608686e-250,0.0,-6.305356479271867e-256,0.0002662628792554991,6.883534533575625e-250,1.8355807727063284e-05,5.805239915348529e-250,0.0,7.112366251504909e-17,,,250,0.999999999824523,0.5,1.754769596746089e-10,6.086464811261992e-20,0.0003086418682572618,0.0003086418682572618,0.005947283766362894,-0.5,0.49999999982452303,110,,
direct,80,1.0,1.0,6.0,0.5,,,quantum,8,False,4.5052722035100005e-05,4.5052722035100005e-05,4.5052722035100005e-05,4.095153730856492e-10,1.0475768654282459e-10,1.2,1.2000000000000002,12.0,6.156903198189084e-251,1.2884792402878575e-251,2.4625904725081136e-20,0.0,4.5052722035100005e-05,4.5052722035100005e-05,-9.168721964239202e-06,5.42214439993392e-05,2.71107219996696e-05,2.71107219996696e-05,1.1826129796618206e-251,0.0,-4.2939785606740955e-256,0.0065351891160185934,2.0871106899730872e-251,0.0005406326644212,3.1536346124315216e-251,0.0,4.0245584642661925e-16,,,250,0.9999999998739588,0.5,1.2604112429726401e-10,2.4625904725081136e-20,0.0002654247269948681,0.0002654247269948681,0.16973822501462374,-0.5,0.4999999998739589,110,,
explicit,80,1.0,1.0,6.0,0.5,,,quantum,32,False,5.336036396739639e-05,5.336036396739639e-05,5.336036396739639e-05,4.095153730856492e-10,1.0475768654282459e-10,1.2,1.2000000000000002,12.0,1.0753038554316845e-246,3.9843086097784106e-247,8.698213119177086e-36,0.0,5.336036396739639e-05,5.336036396739639e-05,-6.413233817324606e-06,5.9773597784720994e-05,2.9886798892360497e-05,2.9886798892360497e-05,3.508703344969395e-248,2.995478097583433e-251,1.8706133782008052e-252,0.007740266382902153,2.943792630138937e-247,0.0006403243676087566,4.5845459452614714e-247,1.7763568394002505e-15,2.949029909160572e-17,,,250,0.9999999998834619,0.5,1.1653806123670492e-10,2.021389860737547e-20,0.00025711708506257174,0.00025711708506257174,0.207533326517025,-0.5,0.4999999896812257,11000,0.9999999897977636,1.0202236344330376e-08
colocated,80,1.5,1.5,6.0,0.5,,,quantum,8,False,7767.448512956934,7767.448512956934,7767.448512956934,4.095153730856492e-10,1.0475768654282459e-10,1.7999999999999998,1.5000000000000002,10.0,2.7619539378139102e-251,3.064235304103336e-251,0.003008595035503402,0.0,11651.172769435401,11651.172769435401,1396.686508599005,10254.486260836396,5127.243130418198,5127.243130418198,1.227535083472849e-251,1.227535083472849e-251,0.0,1690078.0692528344,2.1663905597973547e-251,77674.48512956934,0.0,1.7763568394002505e-15,7.112366251504909e-17,,,250,0.2574512275626183,0.5,0.7425487724373817,0.2455573674728851,7767.66898092129,7767.66898092129,0.9999716172297123,-0.5,0.2455573674728851,001,,
direct,80,1.5,1.5,6.0,0.5,,,quantum,8,False,199081.5980635323,199081.5980635323,199081.5980635323,4.095153730856492e-10,1.0475768654282459e-10,1.7999999999999998,1.8000000000000003,12.0,2.2989123619184524e-251,2.4433448758139494e-251,0.1099024017811252,0.0,298622.39709529845,298622.39709529845,60711.41852615522,237910.97856914325,118955.48928457162,118955.48928457162,1.5326082412789683e-251,1.5326082412789683e-251,7.866222835947008e-247,43317112.732414834,2.7047927757641324e-251,2388979.1767623876,1.5326082412789683e-251,1.4210854715202004e-14,3.885780586188048e-16,,,250,0.4737666037233502,0.5,0.5262333962766498,0.13613579805777498,199081.82074794555,199081.82074794555,0.9999988814427535,-0.5,0.13613579805777498,011,,
explicit,80,1.5,1.5,6.0,0.5,,,quantum,32,False,4315.493513447032,4315.493513447032,4315.493513447032,4.095153730856492e-10,1.0475768654282459e-10,1.7999999999999998,1.8000000000000003,12.0,3.52129188686413e-251,3.9579169185568004e-251,5.9110442067516345e-06,0.0,6473.240270170547,6473.240270170547,2070.628938635231,4402.611331535316,2201.305665767658,2201.305665767658,2.2094380466598465e-251,2.2094380466598465e-251,-6.704167189727564e-249,938985.4252542926,2.924461665812056e-251,51785.922161364375,5.5235951166496165e-251,1.4210854715202004e-14,6.938893903907228e-18,,,250,0.3338724331387108,0.5,0.6661275668612893,0.16810057980963028,4315.643509679794,4315.643509679794,0.9999652435998416,-0.5,0.16248220066823654,00011,0.17489909188939268,0.8251009081106073
colocated,80,2.0,2.0,6.0,0.5,,,quantum,8,False,7819.788493890845,7819.788493890845,7819.788493890845,4.095153730856492e-10,1.0475768654282459e-10,2.4,2.0,10.0,1.828978283652938e-251,1.3302135686757846e-251,0.000982118846142651,0.0,15639.57698778169,15639.57698778169,5315.992153007672,10323.584834774018,5161.792417387009,5161.792417387009,0.0,0.0,-8.938889586303419e-249,2268621.932101175,0.0,78197.88493890845,1.4631826269223505e-251,1.4210854715202004e-14,7.112366251504909e-17,,,250,0.25244765547237014,0.5,0.7475523445276299,0.24853446337377252,7819.788493890845,7819.788493890845,1.0,-0.5,0.24853446337377252,001,,
direct,80,2.0,2.0,6.0,0.5,,,quantum,8,False,348055.98479519045,348055.98479519045,348055.98479519045,4.095153730856492e-10,1.0475768654282459e-10,2.4,2.4000000000000004,12.0,1.3149354322639972e-251,3.9674271000847265e-252,0.05402664935077334,1.7458768723248864e-251,696111.9695903809,696111.9695903809,308389.3444375684,387722.6251528126,193861.3125764063,193861.3125764063,0.0,1.3149354322639972e-251,0.0,100975549.57174578,1.1603186522134073e-251,4176671.8175422857,0.0,1.4210854715202004e-14,4.0245584642661925e-16,,,250,0.36925715962525596,0.5,0.630742840374744,0.18476948972551738,348055.98479519045,348055.98479519045,1.0,-0.5,0.18476948972551738,001,,
explicit,80,2.0,2.0,6.0,0.5,,,quantum,32,False,4350.887615035995,4350.887615035995,4350.887615035995,4.095153730856492e-10,1.0475768654282459e-10,2.4,2.4000000000000004,12.0,1.6435983417106887e-251,1.611899060534967e-251,6.264930703468055e-07,1.7458768723248864e-251,8701.77523007199,8701.77523007199,4698.144049926615,4003.6311801453758,2001.8155900726879,2001.8155900726879,3.2871966834213773e-251,1.6435983417106887e-251,-3.5755558345213674e-248,1262248.8543378515,1.4503357091461e-251,52210.65138043194,2.1914644556142516e-251,1.4210854715202004e-14,2.42861286636753e-17,,,250,0.33412551018769165,0.5,0.6658744898123083,0.16652764995445646,4350.887615035995,4350.887615035995,1.0,-0.5,0.16561024854216863,01111,0.16813191560426682,0.8318680843957331
colocated,80,3.0,3.0,6.0,0.5,,,quantum,8,False,2936.5512621559483,2936.5512621559483,2936.5512621559483,4.095153730856492e-10,1.0475768654282459e-10,3.5999999999999996,3.0000000000000004,10.0,1.826405627887597e-251,6.734470638784477e-252,0.04772518055383547,0.0,8809.653786467845,8809.653786467845,4932.856338530013,3876.797447937832,1938.398723968916,1938.398723968916,1.6234716692334198e-251,0.0,-2.6816668758910256e-248,1277897.3376206316,1.432575632940566e-251,29365.512621559483,9.74083001540052e-252,2.842170943040401e-14,7.112366251504909e-17,,,250,0.7192729979122511,0.5,0.2807270020877489,0.04772518055383547,2936.5512621559483,2936.5512621559483,1.0,-0.5,0.2669981784660866,110,,
direct,80,3.0,3.0,6.0,0.5,,,quantum,8,False,3629.0646005076346,3629.0646005076346,3629.0646005076346,4.095153730856492e-10,1.0475768654282459e-10,3.5999999999999996,3.6000000000000005,12.0,1.3008451439817684e-251,1.3530166291474377e-251,2.3642942567642472e-05,8.729384361624432e-252,10887.193801522904,10887.193801522904,7085.079035032925,3802.1147664899786,1901.0573832449893,1901.0573832449893,0.0,0.0,7.402517938657519e-248,1579257.9720325358,0.0,43548.77520609162,0.0,2.842170943040401e-14,9.159339953157541e-16,,,250,0.9951022352727825,0.5,0.004897764727217481,2.3642942567642472e-05,3629.0646005076346,3629.0646005076346,1.0,-0.5,0.49512587821535015,110,,
explicit,80,3.0,3.0,6.0,0.5,,,quantum,32,False,2870.9951075329927,2870.9951075329927,2870.9951075329927,4.095153730856492e-10,1.0475768654282459e-10,3.5999999999999996,3.6000000000000005,12.0,1.0897306467006033e-251,9.996603720878064e-252,9.29323413840327e-05,0.0,8612.98532259898,8612.98532259898,6545.331336723582,2067.6539858753954,1033.8269929376977,1033.8269929376977,0.0,0.0,6.257222710412393e-248,1249369.3032093348,1.4652869912621861e-251,34451.94129039592,0.0,2.842170943040401e-14,3.2959746043559335e-17,,,250,0.7877740421235667,0.5,0.21222595787643328,0.026233721280573878,2870.9951075329927,2870.9951075329927,1.0,-0.5,0.10511958260615527,11000,0.4510800067187591,0.5489199932812409
colocated,300,1.0,1.0,6.0,0.5,,,quantum,8,False,89.69695032906277,89.69695032906277,89.69695032906277,4.095153730856492e-10,1.0475768654282459e-10,1.2,1.0,10.0,6.426583002043215e-250,7.090797025417593e-252,4.177804809382816e-06,0.0,89.69695032906277,89.69695032906277,-31.97294485594798,121.66989518501076,60.83494759250538,60.83494759250538,1.3702777113465354e-250,1.2457070103150321e-251,-1.2753630552333295e-248,3469.6329518046937,2.1641099669027862e-250,896.9695032906278,2.0927877773292542e-250,8.881784197001252e-16,5.204170427930421e-17,,,250,0.9985241406685114,0.5,0.001475859331488587,4.177804809382816e-06,6235.983948210353,6235.983948210353,0.014383768636031309,-0.5,0.4985283184733208,110,,
direct,300,1.0,1.0,6.0,0.5,,,quantum,8,False,417.77779533137027,417.77779533137027,417.77779533137027,4.095153730856492e-10,1.0475768654282459e-10,1.2,1.2000000000000002,12.0,1.2984030034461025e-250,9.03284386239381e-252,3.0319207393361883e-06,0.0,417.77779533137027,417.77779533137027,-95.34353612481794,513.1213314561882,256.5606657280941,256.5606657280941,2.139627736608962e-251,1.069813868304481e-251,9.584864029063627e-249,16160.366655680758,3.5400739705513784e-251,5013.333543976443,4.279255473217924e-251,8.881784197001252e-16,2.7755575615628914e-17,,,250,0.9986830924118719,0.5,0.001316907588128134,3.0319207393361883e-06,5907.93209768045,5907.93209768045,0.07071472529201826,-0.5,0.4986861243326112,100,,
explicit,300,1.0,1.0,6.0,0.5,,,quantum,32,False,739.9849235223286,739.9849235223286,739.9849235223286,4.095153730856492e-10,1.0475768654282459e-10,1.2,1.2000000000000002,12.0,9.965856971243816e-251,1.1625011071816969e-251,4.433813327199667e-09,0.0,739.9849235223286,739.9849235223286,-115.77449322965262,855.7594167519812,427.8797083759906,427.8797083759906,4.831930652724274e-251,3.623947989543206e-251,-4.472976187167142e-249,28623.89484896297,5.99592336971024e-251,8879.819082267943,3.2212871018161828e-251,1.3322676295501878e-15,3.122502256758253e-17,,,250,0.9988115676118948,0.5,0.0011884323881051376,2.087960896447148e-06,5585.402812755161,5585.402812755161,0.13248550701346995,-0.5,0.47518693495320796,11100,0.9756488115342247,0.024351188465775317
colocated,300,1.5,1.5,6.0,0.5,,,quantum,8,False,44301.33876531852,44301.33876531852,44301.33876531852,4.095153730856492e-10,1.0475768654282459e-10,1.7999999999999998,1.5000000000000002,10.0,1.9370371735964816e-251,1.7705727969459775e-251,0.007813483182749997,0.0,66452.00814797777,66452.00814797777,6359.226572264663,60092.78157571312,30046.39078785656,30046.39078785656,1.7218108209746502e-251,0.0,-1.7877779172606837e-248,2570478.4425553926,0.0,443013.3876531852,1.03308649258479e-251,1.3322676295501878e-15,5.204170427930421e-17,,,250,0.2710728353389916,0.5,0.7289271646610084,0.23674064784375837,66630.77828910522,66630.77828910522,0.664878002371499,-0.5,0.23674064784375837,001,,
direct,300,1.5,1.5,6.0,0.5,,,quantum,8,False,263813.39362943877,263813.39362943877,263813.39362943877,4.095153730856492e-10,1.0475768654282459e-10,1.7999999999999998,1.8000000000000003,12.0,8.674145397287816e-252,3.192531064769735e-252,0.054017219835763804,0.0,395720.0904441582,395720.0904441582,83087.79268171442,312632.2977624438,156316.14888122186,156316.1488812219,0.0,0.0,2.860444667617094e-247,15307136.535402551,0.0,3165760.7235532654,1.1565527196383754e-251,3.552713678800501e-15,9.71445146547012e-17,,,250,0.36981790088757077,0.5000000000000003,0.6301820991124298,0.1841993189481933,286696.82481982425,286696.82481982425,0.9201824742748139,-0.500000000000001,0.18419931894819347,011,,
explicit,300,1.5,1.5,6.0,0.5,,,quantum,32,False,24712.210799269393,24712.210799269393,24712.210799269393,4.095153730856492e-10,1.0475768654282459e-10,1.7999999999999998,1.8000000000000003,12.0,2.3150050724734526e-251,1.6604725816953457e-251,3.640420306126584e-05,0.0,37068.31619890409,37068.31619890409,10960.972461117373,26107.34373778672,13053.67186889336,13053.67186889336,0.0,0.0,-1.7877779172606837e-248,1433866.4902184661,3.830240680907497e-251,296546.5295912327,0.0,1.3322676295501878e-15,2.7755575615628914e-17,,,250,0.3376942245918312,0.5,0.6623057754081688,0.16728521825391213,40257.583222307956,40257.583222307956,0.6138523185260562,-0.5,0.15419913814808323,00001,0.18677844499599394,0.8132215550040061
colocated,300,2.0,2.0,6.0,0.5,,,quantum,8,False,43979.1824573384,43979.1824573384,43979.1824573384,4.095153730856492e-10,1.0475768654282459e-10,2.4,2.0,10.0,1.300817572219239e-251,1.6703694191632256e-251,0.010892828501548877,0.0,87958.3649146768,87958.3649146768,28302.573939885275,59655.790974791526,29827.895487395763,29827.895487395763,0.0,1.300817572219239e-251,-1.430222333808547e-247,3402381.465314343,1.0761195391744852e-251,439791.82457338396,1.0406540577753912e-251,1.7763568394002505e-15,5.204170427930421e-17,,,250,0.27637354386596663,0.5,0.7236264561340334,0.23451928463558225,43980.13647706932,43980.13647706932,0.9999783079406447,-0.5,0.23451928463558225,001,,
direct,300,2.0,2.0,6.0,0.5,,,quantum,8,False,300338.3057717801,300338.3057717801,300338.3057717801,4.095153730856492e-10,1.0475768654282459e-10,2.4,2.4000000000000004,12.0,2.285778094352582e-251,1.5140007630740182e-251,0.09945161715236647,0.0,600676.6115435602,600676.6115435602,261927.8006189935,338748.8109245667,169374.40546228335,169374.40546228335,1.5238520629017212e-251,3.0477041258034425e-251,-4.5767114681873503e-246,23235208.74616229,2.5212558851004053e-251,3604059.6692613615,0.0,1.7763568394002505e-15,1.8041124150158794e-16,,,250,0.45517001776197313,0.5,0.5448299822380268,0.1442815993903933,300339.266082857,300339.266082857,0.9999968025789987,-0.5,0.1442815993903933,011,,
explicit,300,2.0,2.0,6.0,0.5,,,quantum,32,False,24832.033285664063,24832.033285664063,24832.033285664063,4.095153730856492e-10,1.0475768654282459e-10,2.4,2.4000000000000004,12.0,2.303834434104496e-251,7.352131875978373e-252,7.582369915363434e-05,0.0,49664.06657132813,49664.06657132813,25913.339065305314,23750.727506022817,11875.363753011408,11875.363753011408,1.151917217052248e-251,1.151917217052248e-251,2.5028890841649572e-247,1921091.8683895294,9.529396367752165e-252,297984.3994279688,1.5358896227363306e-251,3.552713678800501e-15,1.3877787807814457e-17,,,250,0.3418064739468145,0.5,0.6581935260531855,0.16527919392588777,24832.691595726155,24832.691595726155,0.999973490184922,-0.5,0.15533551240444604,00001,0.18283535165445566,0.8171646483455444
colocated,300,3.0,3.0,6.0,0.5,,,quantum,8,False,7138.671465098936,7138.671465098936,7138.671465098936,4.095153730856492e-10,1.0475768654282459e-10,3.5999999999999996,3.0000000000000004,10.0,6.260891560849784e-252,2.367164751397139e-252,0.01052962262380699,8.729384361624432e-252,21416.01439529681,21416.01439529681,11732.726326612143,9683.288068684667,4841.644034342334,4841.644034342334,2.671313732629241e-251,1.3356568663146206e-251,1.7877779172606837e-248,828408.4238053479,1.1049408327269125e-251,71386.71465098936,0.0,0.0,5.204170427930421e-17,,,250,0.8825414378894134,0.5,0.11745856211058658,0.01052962262380699,7138.671465098952,7138.671465098952,0.9999999999999979,-0.5,0.3930710605132204,110,,
direct,300,3.0,3.0,6.0,0.5,,,quantum,8,False,7449.750429588803,7449.750429588803,7449.750429588803,4.095153730856492e-10,1.0475768654282459e-10,3.5999999999999996,3.6000000000000005,12.0,1.1848925074610654e-251,8.425620098957456e-252,9.432000646540135e-05,0.0,22349.25128876641,22349.25128876641,14575.773440209427,7773.477848556983,3886.7389242784916,3886.7389242784916,1.27988388991575e-251,0.0,1.6425209614832532e-247,864507.6386119056,0.0,89397.00515506564,0.0,7.105427357601002e-15,2.7755575615628914e-16,,,250,0.9901474727698942,0.5,0.009852527230105747,9.432000646540135e-05,7449.750429588805,7449.750429588805,0.9999999999999998,-0.5,0.49024179277635965,110,,
explicit,300,3.0,3.0,6.0,0.5,,,quantum,32,False,7310.843710967819,7310.843710967819,7310.843710967819,4.095153730856492e-10,1.0475768654282459e-10,3.5999999999999996,3.6000000000000005,12.0,1.986869936222467e-251,7.356096429968486e-252,9.21987849537119e-05,8.729384361624432e-252,21932.53113290346,21932.53113290346,16402.205231144773,5530.325901758684,2765.162950879342,2765.162950879342,2.608403608579239e-251,1.3042018042896194e-251,1.597826513551736e-247,848388.1832774826,1.0789191925108281e-251,87730.12453161384,0.0,1.7763568394002505e-15,1.0408340855860843e-17,,,250,0.9601089813084602,0.5,0.03989101869153972,0.0021833955329961514,7310.843710967824,7310.843710967824,0.9999999999999993,-0.5,0.29152287556640716,11000,0.7594159387195029,0.24058406128049714
