T_K,n_cm3,R_cm3_s,local_R_over_n2_cm3_s,source,pixel_x,pixel_y
300,1.22683e+16,3.16228e+21,2.10102e-11,main physical p7 Fig3a,178,286
300,1.92773e+16,7.88046e+21,2.1206e-11,main physical p7 Fig3a,220,217
300,3.19649e+16,2.0165e+22,1.97357e-11,main physical p7 Fig3a,267,146
275,1.94859e+16,3.16228e+21,8.32838e-12,main physical p7 Fig3a,221,286
275,3.40965e+16,9.48444e+21,8.15814e-12,main physical p7 Fig3a,273,203
275,5.18744e+16,2.27155e+22,8.44142e-12,main physical p7 Fig3a,312,137
250,2.87041e+16,3.29034e+21,3.9935e-12,main physical p7 Fig3a,257,283
250,4.27406e+16,8.64533e+21,4.7326e-12,main physical p7 Fig3a,294,210
250,6.09602e+16,1.4678e+22,3.94978e-12,main physical p7 Fig3a,327,170
225,4.1383e+16,3.07968e+21,1.79829e-12,main physical p7 Fig3a,291,288
225,7.16375e+16,9.35975e+21,1.82383e-12,main physical p7 Fig3a,342,204
225,1.08989e+17,2.42693e+22,2.04311e-12,main physical p7 Fig3a,381,132
200,5.53338e+16,2.84461e+21,9.29056e-13,main physical p7 Fig3a,318,294
200,8.69465e+16,7.27895e+21,9.62863e-13,main physical p7 Fig3a,360,223
200,1.29464e+17,1.81393e+22,1.08224e-12,main physical p7 Fig3a,397,154
