carrier,T_K,F_V_cm,kr_s,eta_mean,eta_std_over_realizations
hole,300,100000.0,1000.0,0.9996614653184779,5.650553624439413e-05
hole,300,100000.0,10000.0,0.9966260957644254,0.0005589428897269259
hole,300,100000.0,100000.0,0.9673434928214263,0.005044230738971605
hole,275,100000.0,1000.0,0.9993846042699829,0.00013734508654576947
hole,275,100000.0,10000.0,0.9938953861557531,0.001335993270179866
hole,275,100000.0,100000.0,0.943158520158266,0.010543735649623305
hole,250,100000.0,1000.0,0.9986622085669541,0.000407087958149736
hole,250,100000.0,10000.0,0.9869558873643327,0.0037382192559254337
hole,250,100000.0,100000.0,0.890409204480343,0.021307181492439254
hole,225,100000.0,1000.0,0.9962997965401477,0.001532589347655911
hole,225,100000.0,10000.0,0.9664202581711825,0.011347321997711338
hole,225,100000.0,100000.0,0.7754021997111844,0.03553871922927252
hole,200,100000.0,1000.0,0.9863616991650082,0.007031958837034487
hole,200,100000.0,10000.0,0.9009060562166225,0.028457426135884523
hole,200,100000.0,100000.0,0.5589960899195433,0.04499404135865168
hole,175,100000.0,1000.0,0.9390885572986232,0.025883094204727803
hole,175,100000.0,10000.0,0.7074567935753867,0.045134530663262756
hole,175,100000.0,100000.0,0.2936377913320062,0.0450360036223096
hole,150,100000.0,1000.0,0.7325733090431295,0.046330667831194244
hole,150,100000.0,10000.0,0.3627574236920601,0.05574618884555214
hole,150,100000.0,100000.0,0.11938546771874282,0.02392025821164514
hole,125,100000.0,1000.0,0.31521785436809224,0.06364151313327934
hole,125,100000.0,10000.0,0.11793634183496302,0.027302232970065784
hole,125,100000.0,100000.0,0.04050562818119423,0.006994373927488707
hole,100,100000.0,1000.0,0.06954737049591235,0.01587945988071162
hole,100,100000.0,10000.0,0.026692806875115715,0.006135818516146176
hole,100,100000.0,100000.0,0.011803055466533952,0.0026095511127577336
hole,75,100000.0,1000.0,0.010148433954721602,0.0027958664337187317
hole,75,100000.0,10000.0,0.006592347455879269,0.0013830853502473422
hole,75,100000.0,100000.0,0.004956464502402394,0.0009005962708878079
hole,300,30000.0,1000.0,0.9988724680137916,0.00017181748780884797
hole,300,30000.0,10000.0,0.9888359196067074,0.001676162271613238
hole,300,30000.0,100000.0,0.8983532659406677,0.013323686386311075
hole,275,30000.0,1000.0,0.9979395970254769,0.0004329790963641936
hole,275,30000.0,10000.0,0.9798096771359692,0.004091271885846294
hole,275,30000.0,100000.0,0.8308503429391445,0.02551202625414548
hole,250,30000.0,1000.0,0.9954913503640356,0.0013322088055659688
hole,250,30000.0,10000.0,0.957252004948162,0.011370244083859702
hole,250,30000.0,100000.0,0.7041672711334639,0.042038715098185006
hole,225,30000.0,1000.0,0.9874531477582125,0.00513953011016797
hole,225,30000.0,10000.0,0.8944224078614518,0.030988411420288173
hole,225,30000.0,100000.0,0.4993497802959254,0.05005302728716305
hole,200,30000.0,1000.0,0.9544889229115272,0.022172240246775575
hole,200,30000.0,10000.0,0.726445145714938,0.05818734470433077
hole,200,30000.0,100000.0,0.2709050240575245,0.039081853222600674
hole,175,30000.0,1000.0,0.8176981378229586,0.061293874915115266
hole,175,30000.0,10000.0,0.41040437861368917,0.05874874329791992
hole,175,30000.0,100000.0,0.11924491203036948,0.024184094467227173
hole,150,30000.0,1000.0,0.4421308788237297,0.07207410077369497
hole,150,30000.0,10000.0,0.14649707960526653,0.037639785149928356
hole,150,30000.0,100000.0,0.046712597108306136,0.008131388983644993
hole,125,30000.0,1000.0,0.11815080032167176,0.04030468206777212
hole,125,30000.0,10000.0,0.04029125938351101,0.008634779642537734
hole,125,30000.0,100000.0,0.015689369394080364,0.002560926415327778
hole,100,30000.0,1000.0,0.019132202436372484,0.00430600456831741
hole,100,30000.0,10000.0,0.009217723562449872,0.0016607675846396924
hole,100,30000.0,100000.0,0.0054698585631406576,0.0008436608282229802
hole,75,30000.0,1000.0,0.0042470253113907975,0.0006808717557840725
hole,75,30000.0,10000.0,0.003582093883079584,0.0005398079086322025
hole,75,30000.0,100000.0,0.003140135692471257,0.0004405564722406706
electron,300,100000.0,1000.0,0.9999450240370977,4.821931244442648e-06
electron,300,100000.0,10000.0,0.999450463365112,4.817237304773556e-05
electron,300,100000.0,100000.0,0.9945268398365791,0.00047707023896654925
electron,275,100000.0,1000.0,0.9999190390768042,9.259073114574728e-06
electron,275,100000.0,10000.0,0.9991909249268136,9.241869459347191e-05
electron,275,100000.0,100000.0,0.9919622234979473,0.0009073052954675665
electron,250,100000.0,1000.0,0.9998645224174207,2.1077275575227014e-05
electron,250,100000.0,10000.0,0.9986470394538894,0.0002098424398881897
electron,250,100000.0,100000.0,0.9866477370472431,0.0020099365270563325
electron,225,100000.0,1000.0,0.9997279497667558,5.999021279815139e-05
electron,225,100000.0,10000.0,0.9972898469424534,0.0005917576850495903
electron,225,100000.0,100000.0,0.9738436184977433,0.005223133653563345
electron,200,100000.0,1000.0,0.9992877944605159,0.00022952661796003413
electron,200,100000.0,10000.0,0.9929963954696734,0.0021676512734997264
electron,200,100000.0,100000.0,0.9379841309030754,0.014402210776208634
electron,175,100000.0,1000.0,0.9972565207678146,0.0012902037787379751
electron,175,100000.0,10000.0,0.9752445356251869,0.009525958414445153
electron,175,100000.0,100000.0,0.8303344480379067,0.03140571747382993
electron,150,100000.0,1000.0,0.9832525959227576,0.009521507984012337
electron,150,100000.0,10000.0,0.8905735535802529,0.030209204598244718
electron,150,100000.0,100000.0,0.5586035785393199,0.04525053587248989
electron,125,100000.0,1000.0,0.8722803515370626,0.03573046724284183
electron,125,100000.0,10000.0,0.5703185220437018,0.04827781112977815
electron,125,100000.0,100000.0,0.22243353609594935,0.041330954140165514
electron,100,100000.0,1000.0,0.41101518487287625,0.06356179633120017
electron,100,100000.0,10000.0,0.1687619800206328,0.03802953930251771
electron,100,100000.0,100000.0,0.060190761962349196,0.010370408791708741
electron,75,100000.0,1000.0,0.06388564370277686,0.01431583751946035
electron,75,100000.0,10000.0,0.026412306062503978,0.006546475152458663
electron,75,100000.0,100000.0,0.012427039263800675,0.003027549157424536
electron,300,30000.0,1000.0,0.9998170375226061,1.407184441183986e-05
electron,300,30000.0,10000.0,0.9981729811633173,0.00014033715534508018
electron,300,30000.0,100000.0,0.9819867755122185,0.0013660469540160856
electron,275,30000.0,1000.0,0.9997292463878626,2.7352066519616253e-05
electron,275,30000.0,10000.0,0.9972983058583832,0.00027226525019832066
electron,275,30000.0,100000.0,0.9735546345860215,0.002601709113829498
electron,250,30000.0,1000.0,0.9995444143838308,6.390499528187658e-05
electron,250,30000.0,10000.0,0.9954617824333895,0.000632952362818157
electron,250,30000.0,100000.0,0.9563079981235703,0.005767310900389274
electron,225,30000.0,1000.0,0.9990785762141645,0.00018911827823823622
electron,225,30000.0,10000.0,0.990869479313717,0.0018425341581119452
electron,225,30000.0,100000.0,0.9161351374266022,0.014538750057219916
electron,200,30000.0,1000.0,0.9975620614763966,0.0007589769512858564
electron,200,30000.0,10000.0,0.976391939401408,0.006880512378191783
electron,200,30000.0,100000.0,0.8141007589407243,0.03453033269566566
electron,175,30000.0,1000.0,0.9904776687741587,0.004440071573245686
electron,175,30000.0,10000.0,0.9191596757270101,0.027600772876684707
electron,175,30000.0,100000.0,0.5804415080742991,0.052926543522967634
electron,150,30000.0,1000.0,0.9432514708740751,0.029329229432390892
electron,150,30000.0,10000.0,0.6987059168994447,0.06230064466938672
electron,150,30000.0,100000.0,0.26218294637674,0.04213875809143434
electron,125,30000.0,1000.0,0.6602322963946801,0.07627813001639036
electron,125,30000.0,10000.0,0.2698025031470363,0.05439062255950024
electron,125,30000.0,100000.0,0.08195883848039112,0.018223654378297767
electron,100,30000.0,1000.0,0.16009110402304613,0.05361735704131372
electron,100,30000.0,10000.0,0.054535578157752444,0.013291196506471818
electron,100,30000.0,100000.0,0.019901250372307017,0.0034482935349287305
electron,75,30000.0,1000.0,0.01507539784939255,0.003311828978285411
electron,75,30000.0,10000.0,0.00781146067979951,0.0014617274638863335
electron,75,30000.0,100000.0,0.005013745341231401,0.0007815068361389613
