T_K,Jsc_mAcm2,old_with_shunt_Voc_V,new_no_shunt_Voc_V,old_with_shunt_FF_percent,new_no_shunt_FF_percent,old_with_shunt_Pmax_mWcm2,new_no_shunt_Pmax_mWcm2
100,0.00038743584471621125,0.0013829936859761922,1.1335809325103408,25.000000519319205,21.962750292487872,1.339553345234662e-07,9.645817800308306e-05
125,0.29925488943954326,0.502029841052882,1.0768129280373668,24.334127395365087,21.879357491380436,0.03655834820588727,0.0705043771498142
150,5.694819465546385,0.9884699092891658,1.035250402828347,26.77181220696898,26.86973102060329,1.507027523064809,1.584122228107898
175,13.51132351229375,0.9901610098683208,0.9984548684993448,32.70508449085169,33.191295787645174,4.375412357682777,4.477654080786902
200,20.88282303402232,0.9639089281473842,0.966893724646012,36.629590579196616,37.07570744536106,7.373221410659535,7.486130547991132
225,26.473366819868012,0.9364666372930109,0.9379753090642873,42.981527309153805,43.38960649113828,10.65573302229891,10.774231310317688
250,26.88029975149824,0.8982776458055102,0.8992869342296415,54.12990389495721,54.558718347680625,13.07019164343006,13.188534829596586
275,26.897735924355093,0.8620066640411217,0.8627570485930207,62.593480515849585,63.05776182663717,14.51294167722671,14.633317425273587
300,26.836715488777635,0.8199994002648042,0.8206258020771636,66.8317222634838,67.30529184954077,14.707049354768872,14.82257790828738
