T_K,N,Jsc_mAcm2,Voc_V,Pmax_mWcm2,Vmp_V,Jmp_mAcm2,beta_cm3s,gamma_n,gamma_p,mu_n_zero_cm2Vs,mu_p_zero_cm2Vs,n_oc_center_cm3,p_oc_center_cm3,Voc_resolved_bracket,Voc_bracket_half_width_V,Voc_bracket_low_V,Voc_bracket_high_V,minimum_bracket_signal_to_closure,FF_percent
100.0,321,0.00038743584471621125,1.1335809325103408,9.645817800308306e-05,0.5238458994517567,0.00018413464361185922,1.1797795196788708e-15,0.001377,0.02298352601266955,4.041352977282537e-12,2.8954602150509694e-17,3.607993624137135e+18,3.607993624137141e+18,True,5e-06,1.1335759325103407,1.1335859325103408,11663.132733949105,21.962750292487872
125.0,321,0.29925488943954326,1.0768129280373668,0.0705043771498142,0.49706183565147305,0.14184226607823913,9.789981500782572e-15,0.001377,0.014331477368500198,9.445317199998375e-09,3.853621273759015e-12,1.252492841046204e+18,1.2524928410462062e+18,True,5e-06,1.0768079280373668,1.0768179280373669,50301.87846628717,21.879357491380436
150.0,321,5.694819465546385,1.035250402828347,1.584122228107898,0.5375510287433697,2.9469243725774135,4.0126925293930135e-14,0.001377,0.00963159909265512,6.384429531478776e-07,2.3407697474102777e-09,6.186545994750131e+17,6.186545994746236e+17,True,5e-06,1.0352454028283469,1.035255402828347,19322.78745607792,26.86973102060329
175.0,321,13.51132351229375,0.9984548684993448,4.477654080786902,0.6101370457404164,7.338767760533468,1.0991219781649874e-13,0.001377,0.00679772072595818,8.100231476558902e-06,1.1161310061136068e-07,3.738033967995361e+17,3.7380339318545235e+17,True,5e-06,0.9984498684993448,0.9984598684993449,30617533.346820813,33.191295787645174
200.0,321,20.88282303402232,0.966893724646012,7.486130547991132,0.6387624798230601,11.719740567831757,2.3402022831420073e-13,0.001377,0.0049584246706500705,4.2133783331236225e-05,1.3709861857735067e-06,2.5625623983204323e+17,2.5623267796421136e+17,True,5e-06,0.9668887246460119,0.966898724646012,237877112.4996655,37.07570744536106
225.0,321,26.473366819868012,0.9379753090642873,10.774231310317688,0.6531217008086664,16.496514044744668,4.21236410965561e-13,0.001377,0.0036974093504264856,0.0001304995168893255,7.653601548028143e-06,1.918607476808199e+17,1.917777790147731e+17,True,5e-06,0.9379703090642872,0.9379803090642873,455630993.68033135,43.38960649113828
250.0,321,26.88029975149824,0.8992869342296415,13.188534829596586,0.6518968259547255,20.231015560294406,1.0530910274139023e-12,0.001377,0.002795412509607733,0.00029295633813778457,2.61861068735636e-05,1.2203732086038725e+17,1.2195544566859629e+17,True,5e-06,0.8992819342296414,0.8992919342296415,1127.0108008508591,54.558718347680625
275.0,321,26.897735924355093,0.8627570485930207,14.633317425273587,0.6569169257956899,22.275750328017498,2.1061820548278047e-12,0.001377,0.0018914193334530066,0.0005329012475420531,6.506123246379568e-05,8.661788156279885e+16,8.655804669360299e+16,True,5e-06,0.8627520485930207,0.8627620485930207,65090.14918362438,63.05776182663717
300.0,321,26.836715488777635,0.8206258020771636,14.82257790828738,0.6432910246852952,23.041791878782615,4.5633944521269105e-12,0.001377,0.001145,0.00084,0.00013,5.891783826419715e+16,5.888175155042086e+16,True,5e-06,0.8206208020771636,0.8206308020771637,1904.7835079079211,67.30529184954077
