Nt_cm3,log10_Nt,Jsc_mAcm2,FF,Voc_V,Vmpp_V,V50_V,V40_V,V75_V,V50_status,max_reverse_magnitude_V,max_temperature_K,reverse_abs_current_monotone,FF_percent,abs_V50_V
10000000000000.0,13.0,24.07803268996437,0.8046033445555745,0.9598295002575997,0.8506750695191276,,-24.152012962928044,,not_crossed_in_computed_domain,30.0,300.0,True,80.46033445555744,
17782794100389.227,13.25,24.077403090039883,0.8043571023671304,0.9597597890928198,0.8505223398274919,-24.007947930463843,-22.98387193878048,,crossed,30.0,300.0,True,80.43571023671305,24.007947930463843
31622776601683.793,13.5,24.07628353302818,0.8039210923023615,0.9596359077022872,0.8502525785653687,-22.844334515962416,-21.851831327300854,-24.252916098586514,crossed,30.0,300.0,True,80.39210923023616,22.844334515962416
56234132519034.91,13.75,24.074292794315344,0.8031518965671866,0.9594158753564992,0.8496912628326126,-21.72062728250846,-20.754177162648446,-23.071997351588568,crossed,30.0,300.0,True,80.31518965671866,21.72062728250846
100000000000000.0,14.0,24.070753167094416,0.8018083148050548,0.9590254070518832,0.8485318628012498,-20.62036011950286,-19.677302020630734,-21.94088905369868,crossed,30.0,300.0,True,80.18083148050547,20.62036011950286
177827941003892.28,14.25,24.06446018627586,0.7994942722627267,0.9583334873523455,0.8465323484768729,-19.55100110730084,-18.629690873509723,-20.83668035655692,crossed,30.0,300.0,True,79.94942722627268,19.55100110730084
316227766016837.94,14.5,24.053274136197054,0.7955974955334288,0.957110106539544,0.8431610038579492,-18.509550056162134,-17.60992172014411,-19.763441226655072,crossed,30.0,300.0,True,79.55974955334288,18.509550056162134
562341325190349.06,14.75,24.03339683968502,0.7892643383851433,0.9549530250510708,0.8376891416341753,-17.493318171227102,-16.61717225121681,-18.71341234269393,crossed,30.0,300.0,True,78.92643383851433,17.493318171227102
1000000000000000.0,15.0,23.998095622702635,0.7794847133458718,0.9511533007269586,0.8293586560037708,-16.504123394690566,-15.651859869443573,-17.690651367056752,crossed,30.0,300.0,True,77.94847133458718,16.504123394690566
1778279410038922.8,15.25,23.93546575306852,0.7652005975336184,0.9446982352093652,0.8162584782377765,-15.539834420390017,-14.715879093047393,-16.69619159689979,crossed,30.0,300.0,True,76.52005975336183,15.539834420390017
3162277660168379.5,15.5,23.824550179862097,0.7454730347012944,0.9347941290177195,0.7979578918687806,-14.603149028190971,-13.80417971092592,-15.73054828214556,crossed,24.25,300.0,True,74.54730347012945,14.603149028190971
5623413251903491.0,15.75,23.62874557827649,0.7196444981053393,0.9201363731937297,0.773447362598278,-13.697804888110348,-12.921029231352833,-14.789581966045205,crossed,23.25,300.0,True,71.96444981053392,13.697804888110348
1e+16,16.0,23.285012818097922,0.6856730457637756,0.9009953307400332,0.7424349196425701,-12.818660312587989,-12.067979860343819,-13.875866162261898,crossed,22.0,300.0,True,68.56730457637757,12.818660312587989
1.7782794100389228e+16,16.25,22.687488878476344,0.6414612892085396,0.8776284239941784,0.7037982879233506,-11.972510694883253,-11.25005726962532,-12.998077416123357,crossed,21.0,300.0,True,64.14612892085397,11.972510694883253
3.162277660168379e+16,16.5,21.66643775617166,0.585654267133245,0.8503685397918933,0.6555348042261437,-11.153885746307923,-10.46028458907496,-12.141947690899975,crossed,20.0,300.0,True,58.5654267133245,11.153885746307923
5.623413251903491e+16,16.75,19.973365828664573,0.5191198705493953,0.8194737931393788,0.5968385894223145,-10.375299756216794,-9.715857095260398,-11.325381707884535,crossed,18.75,300.0,True,51.91198705493954,10.375299756216794
1e+17,17.0,17.315906095990798,0.44611061830327337,0.7863472211101984,0.5309878247741867,-9.64410488894929,-9.025113756711585,-10.549984299670054,crossed,17.75,300.0,True,44.61106183032734,9.64410488894929
