topology,T_K,F_MVcm,span_nm,voltage_drop_V,delta_mu_eV,mode,decay_nm,epsr,internal_total_H2_eV2,internal_H_eV,bath_H2_eV2_each,bath_left_scale,bath_right_scale,number_states,R_pair_s,conditional_J_for_Npair_1e15_and_d100nm_Acm2,required_Npair_for_50mA_at_d100nm_cm3,pair_probability,neutral_probability,pair_minus_neutral_eV,min_probability,normalization_error,generator_residual,continuity_relative,heat_eV_s,phonon_heat_eV_s,electron_heat_eV_s,chemical_power_eV_s,heat_vs_power_relative,heat_partition_relative,state_energy_derivative_eV_s,entropy_kB_s,entropy_balance_relative,electron_displacement_nm_s,displacement_relative,direct_DB_max_log_error,conditional_spectrum_mean_error_eV,equilibrium_probability_relative,equilibrium_edge_net_over_gross,precision_dps,quadrature_order,reuse_source,scenario
direct,300.0,0.5,10.0,0.5,0.5,fixed_budget,,3.5,2e-10,1.4142135623730951e-05,1.0475768654282459e-10,1.0,1.0,4.0,3.4071313052906327e-09,5.458826166306572e-18,9.15947833411773e+30,1.1855039347147503e-13,0.9999999999757535,0.7588581557771429,1.1855039347147503e-13,0.0,3.295439602123336e-222,2.9037931396240273e-220,1.7035656526453164e-09,-2.902580647452922e-09,4.606146300098238e-09,1.7035656526453164e-09,4.597672471071377e-220,0.0,-7.72937852351656e-229,6.589686162457758e-08,6.806243272704001e-220,3.4071313052906325e-08,0.0,3.552713678800501e-15,5.204170427930421e-17,,,220.0,24.0,fixed_budget_comparison.csv,direct_fixed
direct,300,0.6,10.0,0.6,0.6,fixed_budget,,3.5,2e-10,1.4142135623730951e-05,1.0475768654282459e-10,1.0,1.0,4,2.1886589389532873e-07,3.506618211786189e-16,1.4258752159543247e+29,7.615391178264765e-12,0.9999999999647116,0.6588581557771429,7.615391178264765e-12,0.0,2.3653701105458723e-222,1.3259827458624537e-220,1.3131953633719725e-07,-1.6456818768982478e-07,2.9588772402702203e-07,1.3131953633719725e-07,1.0045323832291316e-220,2.0090647664582631e-221,1.5170193582155168e-227,5.0796664637953045e-06,4.986080823687657e-221,2.1886589389532875e-06,0.0,3.552713678800501e-15,5.204170427930421e-17,,,220,24,new_300K_solve,direct_fixed
direct,300,0.7,10.0,0.7,0.7,fixed_budget,,3.5,2e-10,1.4142135623730951e-05,1.0475768654282459e-10,1.0,1.0,4,1.1134284799956893e-05,1.78390909427923e-14,2.8028334044791663e+27,3.874150180505747e-10,0.9999999994053114,0.5588581557771428,1.0363682961392402e-10,0.0,1.7820659117681415e-222,2.4263916842706352e-220,7.793999359969825e-06,-7.258588914489624e-06,1.5052588274459449e-05,7.793999359969825e-06,1.949779032003189e-220,2.16642114667021e-221,1.4352322275986803e-225,0.0003014853560404048,2.150642650408187e-220,0.00011134284799956893,0.0,3.552713678800501e-15,5.204170427930421e-17,,,220,24,new_300K_solve,direct_fixed
direct,300,0.8,10.0,0.8000000000000002,0.8000000000000002,fixed_budget,,3.5,2e-10,1.4142135623730951e-05,1.0475768654282459e-10,1.0,1.0,4,0.0005457289368649455,8.743541511426769e-13,5.7185066182457014e+25,1.898851966914768e-08,0.9999999720080716,0.45885815577714284,4.501704414049683e-09,0.0,2.921915502137856e-222,1.980187175275418e-220,0.0004365831494919565,-0.00030119508626130033,0.0007377782357532568,0.0004365831494919565,9.900935876377088e-221,3.712850953641408e-221,4.727823808560359e-224,0.01688779023280974,1.0238359686464284e-220,0.005457289368649455,0.0,3.552713678800501e-15,5.204170427930421e-17,,,220,24,new_300K_solve,direct_fixed
direct,300,0.9,10.0,0.9000000000000001,0.9000000000000001,fixed_budget,,3.5,2e-10,1.4142135623730951e-05,1.0475768654282459e-10,1.0,1.0,4,0.026635666500394187,4.267504249794811e-11,1.171644996074792e+24,9.26782222964183e-07,0.9999986349346953,0.35885815577714286,2.1914154084878018e-07,0.0,2.5897167092360975e-222,2.0772540693645427e-220,0.02397209985035477,-0.012037013303262258,0.03600911315361703,0.02397209985035477,2.8850750963396423e-221,1.4425375481698212e-221,9.077421712435888e-223,0.9272822237501857,0.0,0.2663566650039419,0.0,3.552713678800501e-15,5.204170427930421e-17,,,220,24,new_300K_solve,direct_fixed
direct,300.0,1.0,10.0,1.0,1.0,fixed_budget,,3.5,2e-10,1.4142135623730951e-05,1.0475768654282459e-10,1.0,1.0,4.0,1.2768614250238486,2.0457575400291527e-09,2.444082400854183e+22,4.442811558266443e-05,0.9999345625860419,0.2588581557771429,1.0504649187715723e-05,0.0,3.4416463487512315e-222,9.186398504407177e-220,1.2768614250238486,-0.4493445827924754,1.726206007816324,1.2768614250238486,1.5599544630125395e-220,1.7332827366805994e-221,-1.950348893643368e-220,49.39120515132606,7.169411990159732e-221,12.768614250238485,0.0,3.552713678800501e-15,5.204170427930421e-17,,,220.0,24.0,fixed_budget_comparison.csv,direct_fixed
direct,300,1.1,10.0,1.1,1.1,fixed_budget,,3.5,2e-10,1.4142135623730951e-05,1.0475768654282459e-10,1.0,1.0,4,61.04851670838971,9.781050701054058e-08,5.111925244862674e+20,0.002124169861596297,0.9968713475540371,0.15885815577714285,0.0005022412921833185,0.0,5.3998007653765774e-222,1.3688947173997337e-219,67.15336837922868,-15.378936415184913,82.5323047944136,67.15336837922868,4.218473705392092e-221,0.0,2.877110424665394e-219,2597.6082675996786,1.046937420776429e-220,610.4851670838972,0.0,3.552713678800501e-15,5.204170427930421e-17,,,220,24,new_300K_solve,direct_fixed
direct,300.0,1.2,10.0,1.2,1.2,fixed_budget,,3.5,2e-10,1.4142135623730951e-05,1.0475768654282459e-10,1.0,1.0,4.0,2550.499976980173,4.0863514681351705e-06,1.2235854010574811e+19,0.08874409199787806,0.8692903880106074,0.05885815577714286,0.020982759995757244,0.0,3.893455877148126e-222,1.5994118747777644e-219,3060.5999723762075,-387.45499812800307,3448.0549705042104,3060.5999723762075,1.4809369210905226e-221,0.0,4.532555499780559e-218,118389.29280752038,4.900503163872755e-221,25504.99976980173,0.0,3.552713678800501e-15,5.204170427930421e-17,,,220.0,24.0,fixed_budget_comparison.csv,direct_fixed
direct,300.0,1.3,10.0,1.3,1.3,fixed_budget,,3.5,2e-10,1.4142135623730951e-05,1.0475768654282459e-10,1.0,1.0,4.0,17088.950176598162,2.737951667253575e-05,1.8261827116237862e+18,0.5946063047664835,0.12421483367980331,-0.041141844222857146,0.12421483367980331,0.0,9.249425872445888e-222,3.8193568664165235e-220,22215.635229577612,-887.1446680660271,23102.77989764364,22215.635229577612,0.0,0.0,2.3795916373847935e-217,859339.1386779504,1.3502634242040208e-221,170889.5017659816,0.0,3.552713678800501e-15,5.204170427930421e-17,,,220.0,24.0,fixed_budget_comparison.csv,direct_fixed
direct,300,1.4,10.0,1.4,1.4,fixed_budget,,3.5,2e-10,1.4142135623730951e-05,1.0475768654282459e-10,1.0,1.0,4,19360.36929968519,3.101873131756655e-05,1.6119292400487045e+18,0.6736398391496682,0.007807731202255611,-0.14114184422285714,0.007807731202255611,0.0,8.813443985260506e-222,1.8729210913778433e-221,27104.517019559262,930.9752837870461,26173.541735772218,27104.517019559262,0.0,1.3378007795556023e-221,2.2662777498902796e-218,1048449.5297644819,0.0,193603.69299685187,0.0,3.552713678800501e-15,5.204170427930421e-17,,,220,24,new_300K_solve,direct_fixed
direct,300.0,1.5,10.0,1.5000000000000002,1.5000000000000002,fixed_budget,,3.5,2e-10,1.4142135623730951e-05,1.0475768654282459e-10,1.0,1.0,4.0,19422.367961062086,3.1118064124163894e-05,1.606783757514461e+18,0.6757970690883609,0.004630385174384374,-0.24114184422285714,0.004630385174384374,0.0,1.5247426971828158e-221,1.866942489759195e-221,29133.551941593134,2876.193387763798,26257.358553829334,29133.551941593134,0.0,1.24462832650613e-221,6.798833249670839e-218,1126936.104837817,2.059272398785755e-221,194223.67961062086,0.0,3.552713678800501e-15,5.204170427930421e-17,,,220.0,24.0,fixed_budget_comparison.csv,direct_fixed
direct,300,1.6,10.0,1.6000000000000003,1.6000000000000003,fixed_budget,,3.5,2e-10,1.4142135623730951e-05,1.0475768654282459e-10,1.0,1.0,4,19379.56119987827,3.104948013161796e-05,1.610332919844431e+18,0.6743076171428934,0.006824172743225616,-0.34114184422285715,0.006824172743225616,0.0,7.627850104462254e-222,1.8710663066237145e-221,31007.297919805234,4807.810397931684,26199.48752187355,31007.297919805234,1.1694164416398213e-221,1.1694164416398213e-221,1.5863944249231957e-217,1199415.8353689648,1.9348322303696792e-221,193795.61199878267,0.0,3.552713678800501e-15,5.204170427930421e-17,,,220,24,new_300K_solve,direct_fixed
direct,300,1.7,10.0,1.7000000000000002,1.7000000000000002,fixed_budget,,3.5,2e-10,1.4142135623730951e-05,1.0475768654282459e-10,1.0,1.0,4,19148.22126422172,3.067883269219798e-05,1.629788215922428e+18,0.6662581943952031,0.018680025907181475,-0.4411418442228571,0.018680025907181475,0.0,3.724052630139214e-222,1.8936716626518614e-221,32551.976149176928,6665.240174927833,25886.735974249095,32551.976149176928,1.1139245074422713e-221,0.0,1.5863944249231957e-217,1259166.657051325,0.0,191482.2126422172,0.0,3.552713678800501e-15,5.204170427930421e-17,,,220,24,new_300K_solve,direct_fixed
direct,300,1.8,10.0,1.8000000000000003,1.8000000000000003,fixed_budget,,3.5,2e-10,1.4142135623730951e-05,1.0475768654282459e-10,1.0,1.0,4,18976.28713917335,3.0403363854458245e-05,1.644554866999303e+18,0.6602757839076198,0.027491413074994003,-0.5411418442228572,0.027491413074994003,1.1065809325636131e-221,5.3239173752224396e-222,1.9108292224030954e-221,34157.316850512034,8503.020915401561,25654.295935110476,34157.316850512034,2.1231435804478835e-221,2.1231435804478835e-221,1.8130221999122236e-217,1321264.0079176768,1.7564002364259048e-221,189762.8713917335,0.0,3.552713678800501e-15,5.204170427930421e-17,,,220,24,new_300K_solve,direct_fixed
direct,300,1.9,10.0,1.9,1.9,fixed_budget,,3.5,2e-10,1.4142135623730951e-05,1.0475768654282459e-10,1.0,1.0,4,18087.19832116019,2.897888652468688e-05,1.7253941057191895e+18,0.6293401318503065,0.07305599078685217,-0.6411418442228571,0.07305599078685217,0.0,5.365599071218153e-222,2.00475736232866e-221,34365.676810204364,9913.351918355667,24452.324891848697,34365.676810204364,0.0,2.110270907714379e-221,0.0,1329323.731011194,1.7457511377776679e-221,180871.9832116019,0.0,3.552713678800501e-15,5.204170427930421e-17,,,220,24,new_300K_solve,direct_fixed
direct,300.0,2.0,10.0,2.0,2.0,fixed_budget,,3.5,2e-10,1.4142135623730951e-05,1.0475768654282459e-10,1.0,1.0,4.0,15263.861812623883,2.445540274079087e-05,2.0445379914599204e+18,0.5311027520753911,0.2177480993181563,-0.7411418442228571,0.12557457430322627,0.0,1.977716255360566e-221,1.7816810275491108e-221,30527.723625247767,9892.305053543803,20635.418571703965,30527.723625247767,0.0,1.1877873516994072e-221,2.2662777498902796e-217,1180865.0733962252,0.0,152638.61812623884,0.0,7.105427357601002e-15,5.204170427930421e-17,,,220.0,24.0,fixed_budget_comparison.csv,direct_fixed
direct,300,2.1,10.0,2.1,2.1,fixed_budget,,3.5,2e-10,1.4142135623730951e-05,1.0475768654282459e-10,1.0,1.0,4,12450.591629650557,1.99480469885021e-05,2.50651103984363e+18,0.43321562790914264,0.36192432252496354,-0.8411418442228571,0.10243002478294691,0.0,1.1110900590098053e-221,1.4561735328260128e-221,26146.24242226617,9314.12137078323,16832.12105148294,26146.24242226617,1.3868319360247743e-221,1.3868319360247743e-221,1.3597666499341677e-217,1011381.8133321184,0.0,124505.91629650557,0.0,3.552713678800501e-15,5.204170427930421e-17,,,220,24,new_300K_solve,direct_fixed
direct,300,2.2,10.0,2.2,2.2,fixed_budget,,3.5,2e-10,1.4142135623730951e-05,1.0475768654282459e-10,1.0,1.0,4,5981.590557424772,9.583564625261003e-06,5.217265386639815e+18,0.20812814252609937,0.6934517201276214,-0.9411418442228572,0.049210068673139616,0.0,2.1294513171016002e-221,2.2732526355324165e-221,13159.499226334498,5072.907091772064,8086.592134562434,13159.499226334498,0.0,0.0,-6.798833249670839e-218,509032.15747508703,1.1397454865124234e-221,59815.905574247714,0.0,3.552713678800501e-15,5.204170427930421e-17,,,220,24,new_300K_solve,direct_fixed
direct,300,2.3,10.0,2.3,2.3,fixed_budget,,3.5,2e-10,1.4142135623730951e-05,1.0475768654282459e-10,1.0,1.0,4,1914.9387074677318,3.068070052646961e-06,1.6296889947758123e+19,0.06662987585164568,0.9018620279509922,-1.041141844222857,0.015754048098681063,0.0,3.665689067964853e-222,5.91736367606029e-222,4404.359027175783,1815.5278222789127,2588.83120489687,4404.359027175783,0.0,0.0,5.665694374725699e-219,170368.21381558373,1.7026858795382967e-221,19149.387074677317,0.0,3.552713678800501e-15,5.204170427930421e-17,,,220,24,new_300K_solve,direct_fixed
direct,300,2.4,10.0,2.4,2.4,fixed_budget,,3.5,2e-10,1.4142135623730951e-05,1.0475768654282459e-10,1.0,1.0,4,787.9797277838768,1.262482707921008e-06,3.960450284688449e+19,0.027417583252720368,0.95961712391838,-1.1411418442228571,0.006482646414449806,0.0,9.122649124813017e-222,1.438030491129502e-221,1891.1513466813044,825.8710324039785,1065.280314277326,1891.1513466813044,2.3967174852158366e-221,0.0,-5.665694374725699e-219,73153.0002438583,1.982718077310235e-221,7879.797277838768,0.0,3.552713678800501e-15,5.204170427930421e-17,,,220,24,new_300K_solve,direct_fixed
direct,300,2.5,10.0,2.5,2.5,fixed_budget,,3.5,2e-10,1.4142135623730951e-05,1.0475768654282459e-10,1.0,1.0,4,159.4946556505505,2.5553861053118803e-07,1.9566514780707704e+20,0.005549581855311801,0.9918261184864996,-1.2411418442228572,0.0013121498290942738,0.0,7.483750119406585e-222,8.880696271007222e-222,398.73663912637625,183.11368474553277,215.62295438084345,398.73663912637625,1.4209114033611554e-221,0.0,2.8328471873628494e-219,15423.821848227013,1.1754688414795408e-221,1594.946556505505,0.0,3.552713678800501e-15,5.204170427930421e-17,,,220,24,new_300K_solve,direct_fixed
direct,300,2.6,10.0,2.6,2.6,fixed_budget,,3.5,2e-10,1.4142135623730951e-05,1.0475768654282459e-10,1.0,1.0,4,35.81218108285227,5.7377439743522724e-08,8.714226396907931e+20,0.0012460770520861747,0.998164675006228,-1.341141844222857,0.00029462397084295316,0.0,1.106647066283706e-221,1.9775723662355239e-221,93.1116708154159,44.69670508248912,48.41496573292679,93.1116708154159,1.5212095124888645e-221,1.5212095124888645e-221,-5.311588476305343e-220,3601.720237684407,0.0,358.1218108285227,0.0,3.552713678800501e-15,5.204170427930421e-17,,,220,24,new_300K_solve,direct_fixed
direct,300,2.7,10.0,2.7,2.7,fixed_budget,,3.5,2e-10,1.4142135623730951e-05,1.0475768654282459e-10,1.0,1.0,4,11.453416409870266,1.8350396151366306e-08,2.724736816991124e+21,0.00039851913300975285,0.9994130281554523,-1.4411418442228572,9.422635576894844e-05,0.0,1.5183473254261875e-221,1.5458527209191338e-221,30.924224306649723,15.44019774803483,15.484026558614891,30.924224306649723,0.0,0.0,1.770529492101781e-220,1196.2024045380122,0.0,114.53416409870268,0.0,7.105427357601002e-15,5.204170427930421e-17,,,220,24,new_300K_solve,direct_fixed
direct,300,2.8,10.0,2.8,2.8,fixed_budget,,3.5,2e-10,1.4142135623730951e-05,1.0475768654282459e-10,1.0,1.0,4,1.8629274651527057,2.984738855504514e-09,1.675188430900379e+22,6.482015598707478e-05,0.999904527508456,-1.541141844222857,1.5326167778432957e-05,0.0,4.646865967306657e-222,1.1880021667648833e-221,5.216196902427575,2.6976803904164366,2.5185165120111392,5.216196902427575,0.0,0.0,3.319742797690839e-221,201.7715049326515,0.0,18.629274651527055,0.0,3.552713678800501e-15,5.204170427930421e-17,,,220,24,new_300K_solve,direct_fixed
direct,300,2.9,10.0,2.9,2.9,fixed_budget,,3.5,2e-10,1.4142135623730951e-05,1.0475768654282459e-10,1.0,1.0,4,0.3849364334164095,6.16736159195068e-10,8.107194503603843e+22,1.3393779481969571e-05,0.9999802725137452,-1.6411418442228571,3.166853386384099e-06,0.0,8.283060073590446e-222,7.186777065647072e-222,1.1163156569075874,0.5959149533007857,0.5204007036068018,1.1163156569075874,0.0,1.9825591905233302e-221,-5.5329046628180653e-222,43.18101756651483,0.0,3.8493643341640946,0.0,1.4210854715202004e-14,5.204170427930421e-17,,,220,24,new_300K_solve,direct_fixed
direct,300.0,3.0,10.0,3.0000000000000004,3.0000000000000004,fixed_budget,,3.5,2e-10,1.4142135623730951e-05,1.0475768654282459e-10,1.0,1.0,4.0,0.10481125393484812,1.679261420346542e-10,2.9774994765068628e+23,3.6468847855549027e-06,0.9999946285434815,-1.7411418442228572,8.622858664824348e-07,0.0,1.1032776873084691e-221,6.598652882086238e-222,0.3144337618045444,0.17273802827910098,0.14169573352544343,0.3144337618045444,1.7596407685563299e-221,1.7596407685563299e-221,2.7664523314090327e-222,12.162840956293577,1.455687448733458e-221,1.0481125393484814,0.0,1.4210854715202004e-14,5.204170427930421e-17,,,220.0,24.0,fixed_budget_comparison.csv,direct_fixed
trap,300.0,0.5,10.0,0.5,0.5,fixed_budget,,3.5,2.0000000000000003e-10,1e-05,1.0475768654282459e-10,1.0,1.0,8.0,0.005480494120110964,8.780719622016176e-12,5.69429410712915e+24,8.365861909748957e-14,0.4957401598306678,0.7588581557771429,7.572415092691852e-14,0.0,6.860254759282507e-222,7.381743735550184e-219,0.002740247060055482,-0.004678163980305705,0.007418411040361187,0.002740247060055482,4.3064176213102934e-219,1.5774423521283126e-221,1.1775126407003e-221,0.10599748888646279,8.051610969330076e-219,0.054804941201109646,1.438627425141021e-219,3.552713678800501e-15,5.204170427930421e-17,,,220.0,24.0,fixed_budget_comparison.csv,trap_fixed
trap,300,0.6,10.0,0.6,0.6,fixed_budget,,3.5,2.0000000000000003e-10,1e-05,1.0475768654282459e-10,1.0,1.0,8,0.038343158127669835,6.14325120259198e-11,8.139012772081312e+23,4.161073729218515e-12,0.5012269697191898,0.6588581557771429,2.5522910528434393e-13,0.0,6.736243494348896e-222,3.36788526782052e-219,0.0230058948766019,-0.028895508103393842,0.051901402979995744,0.0230058948766019,9.469665156126289e-220,0.0,2.204355494581335e-221,0.8899077466600283,4.476521720572119e-220,0.38343158127669835,1.0245275826056631e-219,3.552713678800501e-15,5.204170427930421e-17,,,220,24,new_300K_solve,trap_fixed
trap,300,0.7,10.0,0.7,0.7,fixed_budget,,3.5,2.0000000000000003e-10,1e-05,1.0475768654282459e-10,1.0,1.0,8,0.26458335318721116,4.2390926622191913e-10,1.1794976893433768e+23,2.0004863114508987e-10,0.4996147352924342,0.5588581557771428,5.591526625140691e-13,0.0,6.103730911343281e-222,1.5479851677759307e-218,0.1852083472310478,-0.1729326352682295,0.3581409824992773,0.1852083472310478,2.4496637928801986e-219,2.9873948693660957e-221,4.592191513694184e-220,7.164178739016928,8.760986120178907e-219,2.6458335318721113,9.87035264838558e-220,3.552713678800501e-15,5.204170427930421e-17,,,220,24,new_300K_solve,trap_fixed
trap,300,0.8,10.0,0.8000000000000002,0.8000000000000002,fixed_budget,,3.5,2.0000000000000003e-10,1e-05,1.0475768654282459e-10,1.0,1.0,8,1.8444126927514377,2.9550749197793746e-09,1.6920044789840046e+22,9.621105344734021e-09,0.5034359658003771,0.45885815577714284,1.568160181494313e-11,0.0,6.94553708853415e-222,1.3860925201660003e-218,1.4755301542011505,-1.0210853769556725,2.4966155311568228,1.4755301542011505,3.389795729315656e-219,2.999819229482881e-221,4.9691692939999094e-219,57.07605471107063,8.524441762706461e-219,18.444126927514375,1.4399132301517834e-219,3.552713678800501e-15,5.204170427930421e-17,,,220,24,new_300K_solve,trap_fixed
trap,300,0.9,10.0,0.9000000000000001,0.9000000000000001,fixed_budget,,3.5,2.0000000000000003e-10,1e-05,1.0475768654282459e-10,1.0,1.0,8,12.797040090506872,2.0503118617371355e-08,2.4386534035674597e+21,4.6561047039099306e-07,0.5046201311962736,0.35885815577714286,7.286101561524954e-10,1.1065809325636131e-221,4.169542489206834e-222,5.79437239129929e-219,11.517336081456186,-5.805419584901978,17.322755666358166,11.517336081456186,1.5065279765981847e-219,0.0,-1.7283607482867687e-218,445.51045089747896,3.26834859063627e-219,127.97040090506873,1.992306385378824e-219,3.552713678800501e-15,5.204170427930421e-17,,,220,24,new_300K_solve,trap_fixed
trap,300.0,1.0,10.0,1.0,1.0,fixed_budget,,3.5,2.0000000000000003e-10,1e-05,1.0475768654282459e-10,1.0,1.0,8.0,87.06273177522166,1.3948987454246947e-07,3.584489567002719e+20,2.1844740000796787e-05,0.4929707857910721,0.2588581557771429,3.282048085056113e-08,1.1065809325636131e-221,1.579384485510199e-221,3.463815696515351e-218,87.06273177522166,-30.814822050473953,117.87755382569561,87.06273177522166,6.035799044446773e-219,1.6269000119802622e-221,5.222630175781648e-217,3367.736828657449,1.2826196377740284e-218,870.6273177522166,2.407812017730788e-219,3.552713678800501e-15,5.204170427930421e-17,,,220.0,24.0,fixed_budget_comparison.csv,trap_fixed
trap,300,1.1,10.0,1.1,1.1,fixed_budget,,3.5,2.0000000000000003e-10,1e-05,1.0475768654282459e-10,1.0,1.0,8,546.400656438236,8.754303645476032e-07,5.711476551974357e+19,0.0009054380070335721,0.4288194370058042,0.15885815577714285,1.1782125458694917e-06,2.2131618651272261e-221,5.200996865646295e-222,8.964904834393144e-219,601.0407220820596,-139.61156236616372,740.6522844482233,601.0407220820596,1.3762651153560545e-219,1.8852946785699376e-221,8.274763233000872e-217,23249.2931706365,2.6357855229091026e-219,5464.00656438236,4.977177951424636e-220,3.552713678800501e-15,5.204170427930421e-17,,,220,24,new_300K_solve,trap_fixed
trap,300.0,1.2,10.0,1.2,1.2,fixed_budget,,3.5,2.0000000000000003e-10,1e-05,1.0475768654282459e-10,1.0,1.0,8.0,2201.8433198182206,3.527741918741742e-06,1.4173372415472431e+19,0.019695560400040217,0.1947518916906505,0.05885815577714286,1.3204046253867208e-05,0.0,4.184168953346607e-222,1.6665832346307906e-219,2642.2119837818645,-349.433435741271,2991.645419523136,2642.2119837818645,1.029263857919454e-220,1.7154397631990897e-221,-3.15580283253154e-217,102205.32282258024,1.8448580131015832e-220,22018.433198182207,6.587288690684505e-220,3.552713678800501e-15,5.204170427930421e-17,,,220.0,24.0,fixed_budget_comparison.csv,trap_fixed
trap,300.0,1.3,10.0,1.3,1.3,fixed_budget,,3.5,2.0000000000000003e-10,1e-05,1.0475768654282459e-10,1.0,1.0,8.0,6132.101396590795,9.824709574936538e-06,5.089208960186792e+18,0.15042512973912167,0.031990180796287744,-0.041141844222857146,3.921857984325063e-05,1.1065809325636131e-221,5.667153551797154e-222,9.461146619239881e-220,7971.731815568033,-357.57296033998824,8329.304775908022,7971.731815568033,9.097256364653733e-221,0.0,7.888262177779716e-217,308360.3543796616,1.5051665254155056e-220,61321.01396590795,8.278503291834897e-221,3.552713678800501e-15,5.204170427930421e-17,,,220.0,24.0,fixed_budget_comparison.csv,trap_fixed
trap,300,1.4,10.0,1.4,1.4,fixed_budget,,3.5,2.0000000000000003e-10,1e-05,1.0475768654282459e-10,1.0,1.0,8,14661.139511326439,2.34897351528614e-05,2.1285893465643976e+18,0.4801999999524605,0.005917068029596041,-0.14114184422285714,8.120267660435426e-05,0.0,8.066834543484436e-222,1.1095260875914415e-219,20525.595315857016,628.6419332970872,19896.95338255993,20525.595315857016,8.83298229363207e-221,0.0,-1.7321864627884517e-216,793965.4759949037,1.1691533126070294e-220,146611.39511326439,1.7807292303962254e-220,3.552713678800501e-15,5.204170427930421e-17,,,220,24,new_300K_solve,trap_fixed
trap,300.0,1.5,10.0,1.5000000000000002,1.5000000000000002,fixed_budget,,3.5,2.0000000000000003e-10,1e-05,1.0475768654282459e-10,1.0,1.0,8.0,20008.878973677627,3.2057758364160194e-05,1.5596848485793943e+18,0.6886626357605806,0.003867547644928802,-0.24114184422285714,0.00010637330439177633,2.2131618651272261e-221,4.9738050086924296e-222,9.967197175449204e-221,30013.318460516442,2864.5515729966446,27148.7668875198,30013.318460516442,2.416290224351322e-221,0.0,4.992118561074228e-217,1160966.9932097462,1.9989098996446513e-221,200088.78973677626,2.899548269221587e-221,3.552713678800501e-15,5.204170427930421e-17,,,220.0,24.0,fixed_budget_comparison.csv,trap_fixed
trap,300,1.6,10.0,1.6000000000000003,1.6000000000000003,fixed_budget,,3.5,2.0000000000000003e-10,1e-05,1.0475768654282459e-10,1.0,1.0,8,21119.57933997117,3.383729653841095e-05,1.477659420670375e+18,0.7319612722931222,0.004580138330161505,-0.34114184422285715,5.105769050382384e-05,1.1065809325636131e-221,7.943629616982083e-222,2.996211384189626e-221,33791.32694395388,5135.41497629046,28655.91196766342,33791.32694395388,0.0,0.0,-1.2393706444712466e-218,1307106.886241148,0.0,211195.7933997117,1.3735290240224632e-221,3.552713678800501e-15,5.204170427930421e-17,,,220,24,new_300K_solve,trap_fixed
trap,300,1.7,10.0,1.7000000000000002,1.7000000000000002,fixed_budget,,3.5,2.0000000000000003e-10,1e-05,1.0475768654282459e-10,1.0,1.0,8,21233.49852433947,3.4019815193770174e-05,1.4697316759426775e+18,0.73682111426931,0.008303009562427799,-0.4411418442228571,2.2562707049656113e-05,1.1065809325636131e-221,3.963778852472454e-222,1.7076999325702247e-221,36096.9474913771,7287.300414251764,28809.647077125337,36096.9474913771,4.0181174884005277e-221,2.0090587442002638e-221,4.023528270801297e-218,1396292.2709877866,1.662021959232019e-221,212334.98524339468,1.3661599460561797e-221,3.552713678800501e-15,5.204170427930421e-17,,,220,24,new_300K_solve,trap_fixed
trap,300,1.8,10.0,1.8000000000000003,1.8000000000000003,fixed_budget,,3.5,2.0000000000000003e-10,1e-05,1.0475768654282459e-10,1.0,1.0,8,21256.591745350564,3.4056814612877954e-05,1.4681349553194394e+18,0.7378979885325367,0.00796402842060118,-0.5411418442228572,2.6576310300648597e-05,2.2131618651272261e-221,2.5239342891458744e-221,3.411689365128414e-221,38261.865141631024,9422.88673442656,28838.97840720446,38261.865141631024,1.8953829806268963e-221,1.8953829806268963e-221,-9.118226884324172e-219,1480035.0246679059,0.0,212565.91745350562,2.729351492102731e-221,3.552713678800501e-15,5.204170427930421e-17,,,220,24,new_300K_solve,trap_fixed
trap,300,1.9,10.0,1.9,1.9,fixed_budget,,3.5,2.0000000000000003e-10,1e-05,1.0475768654282459e-10,1.0,1.0,8,21145.845343819234,3.387937931604487e-05,1.4758239675400604e+18,0.7336555930664538,0.009436192212825222,-0.6411418442228571,4.8633912020204414e-05,0.0,2.0329709570033079e-221,2.572167965527312e-221,40177.10615325654,11487.766160319978,28689.33999293657,40177.10615325654,0.0,0.0,-1.5943618076376537e-217,1554119.8547563883,1.4932364507056735e-221,211458.45343819234,1.3718229149479e-221,3.552713678800501e-15,5.204170427930421e-17,,,220,24,new_300K_solve,trap_fixed
trap,300.0,2.0,10.0,2.0,2.0,fixed_budget,,3.5,2.0000000000000003e-10,1e-05,1.0475768654282459e-10,1.0,1.0,8.0,20822.79888540187,3.336180182867212e-05,1.4987200108906744e+18,0.722130460703884,0.019478273347902142,-0.7411418442228571,4.845572529432528e-05,1.1065809325636131e-221,1.0780350407645643e-221,3.4827636954862386e-221,41645.59777080374,13395.955322741069,28249.642448062674,41645.59777080374,3.4827636954862386e-221,0.0,-1.5377048638903967e-217,1610923.6467136256,2.881165001981242e-221,208227.9888540187,0.0,3.552713678800501e-15,5.204170427930421e-17,,,220.0,24.0,fixed_budget_comparison.csv,trap_fixed
trap,300,2.1,10.0,2.1,2.1,fixed_budget,,3.5,2.0000000000000003e-10,1e-05,1.0475768654282459e-10,1.0,1.0,8,20643.853868836897,3.307510030436098e-05,1.5117112129636524e+18,0.7160934477290688,0.023672092651851172,-0.8411418442228571,6.902020116608879e-05,0.0,1.3493986370409295e-221,1.9691748157558163e-221,43352.09312455748,15350.536527344084,28001.5565972134,43352.09312455748,3.3456695061124205e-221,1.6728347530562102e-221,9.472332782744528e-218,1676933.8342368812,1.3838759577200062e-221,206438.53868836895,0.0,3.552713678800501e-15,5.204170427930421e-17,,,220,24,new_300K_solve,trap_fixed
trap,300,2.2,10.0,2.2,2.2,fixed_budget,,3.5,2.0000000000000003e-10,1e-05,1.0475768654282459e-10,1.0,1.0,8,20309.560945134777,3.253950399309389e-05,1.5365937972075999e+18,0.703602069017618,0.029067419396495646,-0.9411418442228572,9.842449929326307e-05,0.0,1.26499722538623e-221,2.406089137722857e-221,44681.03407929651,17133.321411186374,27547.712668110136,44681.03407929651,3.2461597852809037e-221,1.6230798926404519e-221,-1.3863245923156944e-217,1728339.5655426795,0.0,203095.6094513478,1.4283103055235975e-221,3.552713678800501e-15,5.204170427930421e-17,,,220,24,new_300K_solve,trap_fixed
trap,300,2.3,10.0,2.3,2.3,fixed_budget,,3.5,2.0000000000000003e-10,1e-05,1.0475768654282459e-10,1.0,1.0,8,19189.46684864632,3.074491540381875e-05,1.6262851708412777e+18,0.6634516752137772,0.06379952808730474,-1.041141844222857,8.917641308173321e-05,1.1065809325636131e-221,1.3771024516586867e-221,1.8896014300054607e-221,44135.77375188654,18110.805532165083,26024.968219721457,44135.77375188654,1.643131678265618e-221,1.643131678265618e-221,-1.3385202960289464e-217,1707247.954374708,1.359303673459435e-221,191894.66848646323,0.0,3.552713678800501e-15,5.204170427930421e-17,,,220,24,new_300K_solve,trap_fixed
trap,300,2.4,10.0,2.4,2.4,fixed_budget,,3.5,2.0000000000000003e-10,1e-05,1.0475768654282459e-10,1.0,1.0,8,18291.645998396063,2.9306447816029772e-05,1.7061091918704476e+18,0.632507568891031,0.09416168576894235,-1.1411418442228571,7.13548761240179e-05,0.0,1.1446004099004388e-221,1.5641980276063538e-221,43899.950396150554,19105.213003140918,24794.737393009636,43899.950396150554,1.651958312983608e-221,1.651958312983608e-221,-1.7174136073387275e-218,1698125.8996909645,4.0998168916273686e-221,182916.45998396064,1.5858799804642638e-221,1.0658141036401503e-14,5.204170427930421e-17,,,220,24,new_300K_solve,trap_fixed
trap,300,2.5,10.0,2.5,2.5,fixed_budget,,3.5,2.0000000000000003e-10,1e-05,1.0475768654282459e-10,1.0,1.0,8,17193.43806317528,2.7546924722945647e-05,1.8150846420381622e+18,0.5921365240293995,0.11743332975106976,-1.2411418442228572,6.326822314653007e-05,0.0,5.563973448125016e-222,1.8618250229871936e-221,42983.595157938194,19680.894906722973,23302.70025121522,42983.595157938194,0.0,0.0,4.527243911304254e-217,1662679.6964655882,0.0,171934.38063175278,3.3743519000688253e-221,3.552713678800501e-15,5.204170427930421e-17,,,220,24,new_300K_solve,trap_fixed
trap,300,2.6,10.0,2.6,2.6,fixed_budget,,3.5,2.0000000000000003e-10,1e-05,1.0475768654282459e-10,1.0,1.0,8,13801.747205581552,2.2112836881157558e-05,2.261130051685282e+18,0.47106650400807243,0.23747461655549112,-1.341141844222857,4.476680006458856e-05,2.2131618651272261e-221,1.2987230447173727e-221,1.5445272810303743e-221,35884.54273451203,17184.03392307558,18700.508811436455,35884.54273451203,2.0209505951636896e-221,4.041901190327379e-221,-9.268721891152823e-218,1388076.0881539728,3.3437193186923128e-221,138017.4720558155,0.0,7.105427357601002e-15,5.204170427930421e-17,,,220,24,new_300K_solve,trap_fixed
trap,300,2.7,10.0,2.7,2.7,fixed_budget,,3.5,2.0000000000000003e-10,1e-05,1.0475768654282459e-10,1.0,1.0,8,11260.877158676816,1.8041914261976305e-05,2.7713245542561966e+18,0.38375581924554303,0.35567314831227514,-1.4411418442228572,2.2829601814826188e-05,0.0,1.5134609379085874e-221,1.8081263894688436e-221,30404.3683284274,15159.186197486148,15245.182130941255,30404.3683284274,0.0,0.0,4.629934621846157e-218,1176093.477471755,1.9732006514281342e-221,112608.77158676815,1.2880149028285883e-221,7.105427357601002e-15,5.204170427930421e-17,,,220,24,new_300K_solve,trap_fixed
trap,300,2.8,10.0,2.8,2.8,fixed_budget,,3.5,2.0000000000000003e-10,1e-05,1.0475768654282459e-10,1.0,1.0,8,9228.40674815784,1.4785537660946414e-05,3.381682908431991e+18,0.3092930648395503,0.4031200489077346,-1.541141844222857,1.5279487042936266e-05,0.0,8.09080641821836e-222,1.9646101969596605e-221,25839.538894841953,13348.863946874812,12490.674947967142,25839.538894841953,1.403292997828329e-221,0.0,-1.603657087471188e-217,999517.9911923261,0.0,92284.0674815784,0.0,7.105427357601002e-15,5.204170427930421e-17,,,220,24,new_300K_solve,trap_fixed
trap,300,2.9,10.0,2.9,2.9,fixed_budget,,3.5,2.0000000000000003e-10,1e-05,1.0475768654282459e-10,1.0,1.0,8,5126.841335085346,8.214105393299105e-06,6.087090146273135e+18,0.16438017069060587,0.5748232206046725,-1.6411418442228571,6.624235561526402e-06,0.0,2.1568423211079075e-221,2.2102085882598833e-221,14867.839871747503,7930.003698805058,6937.836172942445,14867.839871747503,1.219425428005453e-221,1.219425428005453e-221,-2.1666854659595544e-218,575113.7240666744,2.017573497879704e-221,51268.41335085346,0.0,7.105427357601002e-15,5.204170427930421e-17,,,220,24,new_300K_solve,trap_fixed
trap,300.0,3.0,10.0,3.0000000000000004,3.0000000000000004,fixed_budget,,3.5,2.0000000000000003e-10,1e-05,1.0475768654282459e-10,1.0,1.0,8.0,3276.6526286407566,5.2497762793428986e-06,9.524215383566473e+18,0.10351272967804302,0.6990906588987126,-1.7411418442228572,1.9125894849334236e-06,0.0,9.917226980765239e-222,1.0374662834630684e-221,9829.957885922271,5397.933431535031,4432.02445438724,9829.957885922271,1.8443845039343438e-221,0.0,-4.758298010023536e-218,380239.7480708716,1.5257928896580697e-221,32766.526286407563,0.0,1.0658141036401503e-14,5.204170427930421e-17,,,220.0,24.0,fixed_budget_comparison.csv,trap_fixed
direct,300,0.5,10.0,0.5,0.5,distance,0.5,3.5,2.0611536224385585e-19,4.539992976248486e-10,1.0475768654282459e-10,1.0,1.0,4,1.044989382823759e-17,1.6742575719383076e-26,2.9863983199499236e+39,1.075001618270996e-21,0.999999999975928,0.7588581557771429,1.075001618270996e-21,0.0,1.3137176827572033e-221,2.2450388587817107e-210,5.224946914118795e-18,-8.902404068396426e-18,1.412735098251522e-17,5.224946914118795e-18,1.9762481468005676e-210,0.0,1.032579165612022e-227,2.0210997049676662e-16,3.211403238581975e-210,1.0449893828237589e-16,0.0,3.552713678800501e-15,5.204170427930421e-17,,,220,24,new_300K_solve,direct_a05
direct,300,0.6,10.0,0.6,0.6,distance,0.5,3.5,2.0611536224385585e-19,4.539992976248486e-10,1.0475768654282459e-10,1.0,1.0,4,2.074980302621696e-15,3.32448495687073e-24,1.5039923671985565e+37,7.290988818326221e-20,0.999999999975928,0.6588581557771429,7.290988818326221e-20,0.0,9.729346507214358e-222,8.469059664717639e-213,1.2449881815730175e-15,-1.5602053925215288e-15,2.805193574094546e-15,1.2449881815730175e-15,6.913784519071039e-213,3.1577530405560657e-221,-8.607580040756964e-228,4.815829304726688e-14,1.2839885544144684e-212,2.0749803026216957e-14,0.0,3.552713678800501e-15,5.204170427930421e-17,,,220,24,new_300K_solve,direct_a05
direct,300,0.7,10.0,0.7,0.7,distance,0.5,3.5,2.0611536224385585e-19,4.539992976248486e-10,1.0475768654282459e-10,1.0,1.0,4,2.185758457205436e-13,3.5019711277024383e-22,1.4277673394984221e+35,7.606010414228723e-18,0.999999999975928,0.5588581557771428,7.606010414228723e-18,0.0,3.7573787228118393e-222,3.5547992846207513e-215,1.5300309200438052e-13,-1.424925120227277e-13,2.954956040271082e-13,1.5300309200438052e-13,3.0469727887405025e-215,0.0,-4.661960063231332e-228,5.918423846060216e-12,6.601772696077755e-215,2.185758457205436e-12,0.0,3.552713678800501e-15,5.204170427930421e-17,,,220,24,new_300K_solve,direct_a05
direct,300,0.8,10.0,0.8000000000000002,0.8000000000000002,distance,0.5,3.5,2.0611536224385585e-19,4.539992976248486e-10,1.0475768654282459e-10,1.0,1.0,4,1.902649259844685e-11,3.048380186820549e-20,1.6402153581817448e+33,6.620233833438308e-16,0.9999999999759271,0.45885815577714284,6.620233833438308e-16,0.0,7.780785989675006e-222,3.930993000332332e-217,1.5221194078757486e-11,-1.0500975287035944e-11,2.572216936579343e-11,1.5221194078757486e-11,7.236202586354649e-218,0.0,1.1013156680616798e-228,5.88782075061919e-10,1.8814678247021953e-217,1.9026492598446853e-10,0.0,3.552713678800501e-15,5.204170427930421e-17,,,220,24,new_300K_solve,direct_a05
direct,300,0.9,10.0,0.9000000000000001,0.9000000000000001,distance,0.5,3.5,2.0611536224385585e-19,4.539992976248486e-10,1.0475768654282459e-10,1.0,1.0,4,2.680720816369344e-09,4.294988254264368e-18,1.1641475375481288e+31,9.327509849445588e-14,0.9999999999757907,0.35885815577714286,9.327509849445588e-14,0.0,3.2883644364111546e-222,2.921765241647968e-220,2.4126487347324097e-09,-1.2114535271153178e-09,3.6241022618477276e-09,2.4126487347324097e-09,1.1960442509670043e-220,0.0,3.040222219249847e-229,9.332541987712568e-08,4.099126564097866e-220,2.6807208163693438e-08,0.0,3.552713678800501e-15,5.204170427930421e-17,,,220,24,new_300K_solve,direct_a05
direct,300.0,1.0,10.0,1.0,1.0,distance,0.5,3.5,2.0611536224385585e-19,4.539992976248486e-10,1.0475768654282459e-10,1.0,1.0,4.0,1.556255771722289e-07,2.493396633981089e-16,2.0052966831902452e+29,5.414958111845119e-12,0.9999999999679525,0.2588581557771429,5.414958111845119e-12,0.0,3.7241889550098604e-222,6.781133497374195e-221,1.556255771722289e-07,-5.476671835785725e-08,2.1039229553008614e-07,1.556255771722289e-07,0.0,1.6952833743435488e-221,-1.4840406765151795e-228,6.0198661015728606e-06,4.2073406814217184e-221,1.556255771722289e-06,0.0,3.552713678800501e-15,5.204170427930421e-17,,,220.0,24.0,distance_law_comparison.csv,direct_a05
direct,300,1.1,10.0,1.1,1.1,distance,0.5,3.5,2.0611536224385585e-19,4.539992976248486e-10,1.0475768654282459e-10,1.0,1.0,4,9.997542909520823e-06,1.6017829647046636e-14,3.121521523311929e+27,3.4786233119968415e-10,0.9999999994635678,0.15885815577714285,9.42849447028319e-11,0.0,7.364223695428927e-222,8.44461743419614e-222,1.0997297200472904e-05,-2.5185145357098234e-06,1.3515811736182728e-05,1.0997297200472904e-05,0.0,0.0,0.0,0.00042539444883654145,1.27016871624939e-221,9.997542909520822e-05,0.0,3.552713678800501e-15,5.204170427930421e-17,,,220,24,new_300K_solve,direct_a05
direct,300,1.2,10.0,1.2,1.2,distance,0.5,3.5,2.0611536224385585e-19,4.539992976248486e-10,1.0475768654282459e-10,1.0,1.0,4,0.0005846498169363767,9.367122757678404e-13,5.337818377474991e+25,2.0342763226439164e-08,0.99999997001343,0.05885815577714286,4.821903391608972e-09,0.0,8.529105942600473e-222,9.241818013553337e-222,0.0007015797803236521,-8.881611282930904e-05,0.0007903958931529611,0.0007015797803236521,1.5403030022588894e-221,0.0,-3.377017006114542e-226,0.027138317581597047,0.0,0.005846498169363767,0.0,3.552713678800501e-15,5.204170427930421e-17,,,220,24,new_300K_solve,direct_a05
direct,300,1.3,10.0,1.3,1.3,distance,0.5,3.5,2.0611536224385585e-19,4.539992976248486e-10,1.0475768654282459e-10,1.0,1.0,4,0.005620258187176259,9.004646344541e-12,5.552688921571265e+24,1.9555566128847544e-07,0.9999997119454347,-0.041141844222857146,4.624945201282692e-08,0.0,7.541357140776967e-222,1.5382146598494162e-221,0.007306335643329137,-0.0002917664357600928,0.00759810207908923,0.007306335643329137,1.1832420460380127e-221,2.3664840920760253e-221,-2.7016136048916335e-225,0.2826216812504733,0.0,0.056202581871762594,0.0,3.552713678800501e-15,5.204170427930421e-17,,,220,24,new_300K_solve,direct_a05
direct,300,1.4,10.0,1.4,1.4,distance,0.5,3.5,2.0611536224385585e-19,4.539992976248486e-10,1.0475768654282459e-10,1.0,1.0,4,0.004037914411715279,6.469452120542076e-12,7.728629730675014e+24,1.4049835376085786e-07,0.9999997930383744,-0.14114184422285714,3.323163591719822e-08,0.0,1.435753730248198e-221,1.0704986106900691e-221,0.0056530801764013905,0.0001941697731672692,0.005458910403234121,0.0056530801764013905,1.5292837295572416e-221,1.5292837295572416e-221,-2.7016136048916335e-225,0.21867090449875606,1.2651213647971945e-221,0.040379144117152786,0.0,3.552713678800501e-15,5.204170427930421e-17,,,220,24,new_300K_solve,direct_a05
direct,300.0,1.5,10.0,1.5000000000000002,1.5000000000000002,distance,0.5,3.5,2.0611536224385585e-19,4.539992976248486e-10,1.0475768654282459e-10,1.0,1.0,4.0,0.00437963905756344,7.016955363381924e-12,7.12559755772791e+24,1.5238858849240176e-07,0.9999997755254568,-0.24114184422285714,3.604297733616342e-08,0.0,1.2549163543144677e-221,1.9739442958714638e-221,0.006569458586345162,0.0006485660720366255,0.005920892514308536,0.006569458586345162,1.3159628639143091e-221,0.0,-1.8911295234241434e-224,0.25411800404672263,0.0,0.043796390575634406,0.0,3.552713678800501e-15,5.204170427930421e-17,,,220.0,24.0,distance_law_comparison.csv,direct_a05
direct,300,1.6,10.0,1.6000000000000003,1.6000000000000003,distance,0.5,3.5,2.0611536224385585e-19,4.539992976248486e-10,1.0475768654282459e-10,1.0,1.0,4,0.0029272106280904607,4.689908471123e-12,1.0661188871352854e+25,1.0185165717350934e-07,0.9999998499604139,-0.34114184422285715,2.4093964435073824e-08,0.0,4.8910837519371395e-222,7.383448471978271e-222,0.004683537004944738,0.0007262018757554662,0.0039573351291892715,0.004683537004944738,0.0,1.8458621179945674e-221,0.0,0.1811673001561091,0.0,0.029272106280904608,0.0,3.552713678800501e-15,5.204170427930421e-17,,,220,24,new_300K_solve,direct_a05
direct,300,1.7,10.0,1.7000000000000002,1.7000000000000002,distance,0.5,3.5,2.0611536224385585e-19,4.539992976248486e-10,1.0475768654282459e-10,1.0,1.0,4,0.001056408549368532,1.6925530937560973e-12,2.954117078185151e+25,3.675750571992124e-08,0.9999999458364446,-0.4411418442228571,8.703024874530459e-09,0.0,2.5218245559540995e-221,2.045885453317486e-221,0.0017958945339265045,0.00036772171196626096,0.0014281728219602435,0.0017958945339265045,0.0,0.0,8.1048408146749e-225,0.0694683022111443,1.9911616113782256e-221,0.01056408549368532,0.0,3.552713678800501e-15,5.204170427930421e-17,,,220,24,new_300K_solve,direct_a05
direct,300,1.8,10.0,1.8000000000000003,1.8000000000000003,distance,0.5,3.5,2.0611536224385585e-19,4.539992976248486e-10,1.0475768654282459e-10,1.0,1.0,4,0.0007113683499274743,1.1397377484209349e-12,4.386974114814849e+25,2.475190702220307e-08,0.9999999635192797,-0.5411418442228572,5.864406660473789e-09,0.0,6.853566156509507e-222,0.0,0.001280463029869454,0.000318754660151686,0.0009617083697177681,0.001280463029869454,0.0,1.6878979193437978e-221,5.403227209783267e-225,0.04953052144698437,0.0,0.007113683499274744,0.0,7.105427357601002e-15,5.204170427930421e-17,,,220,24,new_300K_solve,direct_a05
direct,300,1.9,10.0,1.9,1.9,distance,0.5,3.5,2.0611536224385585e-19,4.539992976248486e-10,1.0475768654282459e-10,1.0,1.0,4,0.00025515014891289194,4.087956067498559e-13,1.2231051208579953e+26,8.877893939528471e-09,0.9999999868998343,-0.6411418442228571,2.1111358906271943e-09,0.0,1.4554829211947129e-221,1.0588328544593413e-221,0.0004847852829344947,0.00013984439011956965,0.000344940892814925,0.0004847852829344947,1.1145608994308856e-221,0.0,2.026210203668725e-225,0.018752332002914145,1.8440722005795875e-221,0.0025515014891289195,0.0,3.552713678800501e-15,5.204170427930421e-17,,,220,24,new_300K_solve,direct_a05
direct,300.0,2.0,10.0,2.0,2.0,distance,0.5,3.5,2.0611536224385585e-19,4.539992976248486e-10,1.0475768654282459e-10,1.0,1.0,4.0,7.22421092280437e-05,1.157446193960474e-13,4.3198552348177205e+26,2.513648478855061e-09,0.9999999962736195,-0.7411418442228571,6.063660296431988e-10,0.0,1.11722067078377e-221,9.349165029095291e-222,0.0001444842184560874,4.681914648914082e-05,9.766507196694657e-05,0.0001444842184560874,0.0,0.0,0.0,0.005588899104505672,0.0,0.000722421092280437,0.0,3.552713678800501e-15,5.204170427930421e-17,,,220.0,24.0,distance_law_comparison.csv,direct_a05
direct,300,2.1,10.0,2.1,2.1,distance,0.5,3.5,2.0611536224385585e-19,4.539992976248486e-10,1.0475768654282459e-10,1.0,1.0,4,3.545296681455166e-05,5.680191503625208e-14,8.802520120684142e+26,1.2335782697458785e-09,0.9999999981590123,-0.8411418442228571,3.0370468785278275e-10,0.0,9.070668088515604e-222,9.525343883853598e-222,7.445123031055848e-05,2.6521891142802836e-05,4.792933916775564e-05,7.445123031055848e-05,0.0,0.0,-8.442542515286355e-227,0.0028799021710353085,1.5009474319305333e-221,0.0003545296681455166,0.0,7.105427357601002e-15,5.204170427930421e-17,,,220,24,new_300K_solve,direct_a05
direct,300,2.2,10.0,2.2,2.2,distance,0.5,3.5,2.0611536224385585e-19,4.539992976248486e-10,1.0475768654282459e-10,1.0,1.0,4,8.889571315215552e-06,1.4242663447515006e-14,3.5105793368110356e+27,3.0931070054549305e-10,0.9999999995203498,-0.9411418442228572,8.516975072442818e-11,0.0,1.677206893524332e-221,1.8994262413612554e-221,1.9557056893474214e-05,7.539126748117889e-06,1.2017930145356327e-05,1.9557056893474214e-05,0.0,0.0,8.442542515286355e-227,0.0007565007370817072,1.4284790337751333e-221,8.889571315215553e-05,0.0,3.552713678800501e-15,5.204170427930421e-17,,,220,24,new_300K_solve,direct_a05
direct,300,2.3,10.0,2.3,2.3,distance,0.5,3.5,2.0611536224385585e-19,4.539992976248486e-10,1.0475768654282459e-10,1.0,1.0,4,2.188240956365989e-06,3.505948529851401e-15,1.4261475767335133e+28,7.613936816302588e-11,0.9999999998637837,-1.041141844222857,3.003844009495221e-11,0.0,6.965712285573288e-222,9.645352915461013e-222,5.032954199641774e-06,2.074642035611792e-06,2.958312164029982e-06,5.032954199641774e-06,0.0,0.0,-2.1106356288215886e-227,0.0001946833607155859,0.0,2.188240956365989e-05,0.0,3.552713678800501e-15,5.204170427930421e-17,,,220,24,new_300K_solve,direct_a05
direct,300,2.4,10.0,2.4,2.4,distance,0.5,3.5,2.0611536224385585e-19,4.539992976248486e-10,1.0475768654282459e-10,1.0,1.0,4,8.462475448481552e-07,1.3558380429355813e-15,3.687756090081594e+28,2.944499927567784e-11,0.9999999999325591,-1.1411418442228571,1.8997967282655094e-11,0.0,3.2283406917540884e-222,1.2470556881794596e-221,2.0309941076355725e-06,8.869407535377184e-07,1.144053354097854e-06,2.0309941076355725e-06,2.078426146965766e-221,0.0,5.276589072053972e-228,7.856235975606309e-05,0.0,8.462475448481552e-06,0.0,3.552713678800501e-15,5.204170427930421e-17,,,220,24,new_300K_solve,direct_a05
direct,300,2.5,10.0,2.5,2.5,distance,0.5,3.5,2.0611536224385585e-19,4.539992976248486e-10,1.0475768654282459e-10,1.0,1.0,4,1.6572611928423055e-07,2.6552251596069095e-16,1.883079475165948e+29,5.766404277893403e-12,0.9999999999674348,-1.2411418442228572,5.766404277893403e-12,0.0,7.457132007356886e-222,1.1143724255387306e-220,4.1431529821057637e-07,1.902679449473354e-07,2.24047353263241e-07,4.1431529821057637e-07,2.5471369726599555e-221,0.0,-1.121275177811469e-227,1.60264312870672e-05,4.2143094062864557e-221,1.6572611928423055e-06,0.0,3.552713678800501e-15,5.204170427930421e-17,,,220,24,new_300K_solve,direct_a05
direct,300,2.6,10.0,2.6,2.6,distance,0.5,3.5,2.0611536224385585e-19,4.539992976248486e-10,1.0475768654282459e-10,1.0,1.0,4,3.69750646424997e-08,5.924058461085258e-17,8.440159787153796e+29,1.2865393333431954e-12,0.9999999999740332,-1.341141844222857,1.2865393333431954e-12,0.0,1.318675589983411e-221,6.600184392970345e-220,9.613516807049923e-08,4.6148084527672486e-08,4.998708354282675e-08,9.613516807049923e-08,1.921051590469539e-220,0.0,-1.7808488118182154e-227,3.718674333307981e-06,2.0432787554694506e-220,3.6975064642499703e-07,0.0,7.105427357601002e-15,5.204170427930421e-17,,,220,24,new_300K_solve,direct_a05
direct,300,2.7,10.0,2.7,2.7,distance,0.5,3.5,2.0611536224385585e-19,4.539992976248486e-10,1.0475768654282459e-10,1.0,1.0,4,1.1810557825871586e-08,1.8922599783117292e-17,2.6423430486866766e+30,4.109457916172252e-13,0.9999999999753229,-1.4411418442228572,4.109457916172252e-13,0.0,4.571104365425058e-222,8.795761291520226e-220,3.188850612985328e-08,1.592165532276523e-08,1.596685080708805e-08,3.188850612985328e-08,2.27521162155726e-220,0.0,-7.337756678325054e-228,1.233502490843503e-06,2.0533098014694185e-220,1.1810557825871585e-07,0.0,7.105427357601002e-15,5.204170427930421e-17,,,220,24,new_300K_solve,direct_a05
direct,300,2.8,10.0,2.8,2.8,distance,0.5,3.5,2.0611536224385585e-19,4.539992976248486e-10,1.0475768654282459e-10,1.0,1.0,4,1.920073160692089e-09,3.0762963536313924e-18,1.6253310556695178e+31,6.680852874630907e-14,0.9999999999758297,-1.541141844222857,6.680852874630907e-14,0.0,1.1683352853984805e-221,9.800907918775284e-219,5.376204849937849e-09,2.780432309177088e-09,2.5957725407607615e-09,5.376204849937849e-09,2.3156581062980252e-219,1.533548414766904e-221,-1.2408228989751918e-227,2.0796088868756834e-07,2.0044660287950703e-219,1.920073160692089e-08,0.0,7.105427357601002e-15,5.204170427930421e-17,,,220,24,new_300K_solve,direct_a05
direct,300,2.9,10.0,2.9,2.9,distance,0.5,3.5,2.0611536224385585e-19,4.539992976248486e-10,1.0475768654282459e-10,1.0,1.0,4,3.9671438824048983e-10,6.356065232105171e-19,7.866502021949776e+31,1.380359156991864e-14,0.9999999999759077,-1.6411418442228571,1.380359156991864e-14,0.0,4.126115796410998e-222,2.0340757526695863e-218,1.1504717258974204e-09,6.141482479169337e-10,5.363234779804869e-10,1.1504717258974204e-09,1.1215320572256671e-218,0.0,1.2915791512796172e-227,4.45022333050263e-08,9.129819525310577e-219,3.9671438824048985e-09,0.0,7.105427357601002e-15,5.204170427930421e-17,,,220,24,new_300K_solve,direct_a05
direct,300,3.0,10.0,3.0000000000000004,3.0000000000000004,distance,0.5,3.5,2.0611536224385585e-19,4.539992976248486e-10,1.0475768654282459e-10,1.0,1.0,4,1.0801662806409022e-10,1.73061717567754e-19,2.8891427117857483e+32,3.758415792653811e-15,0.9999999999759226,-1.7411418442228572,3.758415792653811e-15,0.0,1.3091945617718666e-221,1.511230596561902e-217,3.2404988419227073e-10,1.7802076258668117e-10,1.4602912160558954e-10,3.2404988419227073e-10,3.0260788123029883e-218,1.5901622765648914e-221,-9.810513690973394e-228,1.2534809177984962e-08,2.3165673146541654e-218,1.0801662806409022e-09,0.0,1.4210854715202004e-14,5.204170427930421e-17,,,220,24,new_300K_solve,direct_a05
direct,300,0.5,10.0,0.5,0.5,distance,1.0,3.5,4.539992976248485e-15,6.737946999085467e-08,1.0475768654282459e-10,1.0,1.0,4,2.3016390505594437e-13,3.687632306708285e-22,1.3558835545790037e+35,8.009214418549194e-18,0.999999999975928,0.7588581557771429,8.009214418549194e-18,0.0,2.0290247202230098e-222,4.049176799373513e-215,1.1508195252797219e-13,-1.9607970362638801e-13,3.111616561543602e-13,1.1508195252797219e-13,2.8106218172385084e-215,6.558996479084716e-221,-3.2345222395658564e-228,4.4515686785808235e-12,4.5672596462879183e-215,2.3016390505594436e-12,0.0,3.552713678800501e-15,5.204170427930421e-17,,,220,24,new_300K_solve,direct_a10
direct,300,0.6,10.0,0.6,0.6,distance,1.0,3.5,4.539992976248485e-15,6.737946999085467e-08,1.0475768654282459e-10,1.0,1.0,4,4.569597792039738e-11,7.321302809184058e-20,6.829385602966526e+32,1.5899823248489046e-15,0.9999999999759257,0.6588581557771429,1.5899823248489046e-15,0.0,1.191187345869961e-221,3.040433431630167e-217,2.741758675223843e-11,-3.43594158835478e-11,6.177700263578622e-11,2.741758675223843e-11,8.527873092889436e-218,0.0,2.3379759746445195e-228,1.0605596077184295e-09,1.5839294527959431e-217,4.569597792039738e-10,0.0,3.552713678800501e-15,5.204170427930421e-17,,,220,24,new_300K_solve,direct_a10
direct,300,0.7,10.0,0.7,0.7,distance,1.0,3.5,4.539992976248485e-15,6.737946999085467e-08,1.0475768654282459e-10,1.0,1.0,4,4.812481809788878e-09,7.710445907193772e-18,6.484709263487664e+30,1.6744925862971853e-13,0.9999999999756815,0.5588581557771428,1.6744925862971853e-13,0.0,1.0209329481135426e-221,2.8181889065381644e-219,3.3687372668522148e-09,-3.1373211430564226e-09,6.506058409908637e-09,3.3687372668522148e-09,5.629035592737974e-220,3.67111016917694e-221,1.8241333315499082e-228,1.3030857553309474e-07,1.154051358004026e-219,4.812481809788878e-08,0.0,7.105427357601002e-15,5.204170427930421e-17,,,220,24,new_300K_solve,direct_a10
direct,300,0.8,10.0,0.8000000000000002,0.8000000000000002,distance,1.0,3.5,4.539992976248485e-15,6.737946999085467e-08,1.0475768654282459e-10,1.0,1.0,4,4.187743157280001e-07,6.709504235787405e-16,7.452115423567084e+28,1.4571161238405847e-11,0.9999999999544665,0.45885815577714284,1.4571161238405847e-11,0.0,3.5761135401244994e-222,2.520015614081352e-221,3.350194525824002e-07,-2.311271358896748e-07,5.66146588472075e-07,3.350194525824002e-07,0.0,4.725029276402534e-221,0.0,1.2959131028547772e-05,1.3029488623408793e-221,4.1877431572800015e-06,0.0,3.552713678800501e-15,5.204170427930421e-17,,,220,24,new_300K_solve,direct_a10
direct,300,0.9,10.0,0.9000000000000001,0.9000000000000001,distance,1.0,3.5,4.539992976248485e-15,6.737946999085467e-08,1.0475768654282459e-10,1.0,1.0,4,5.8917538361032334e-05,9.439630329484465e-14,5.296817592933292e+26,2.0500229334612628e-09,0.9999999969564853,0.35885815577714286,4.967458473605005e-10,0.0,7.091246951018455e-222,1.146353734407912e-221,5.302578452492911e-05,-2.6625622191084092e-05,7.96514067160132e-05,5.302578452492911e-05,1.2737263715643466e-221,1.2737263715643466e-221,3.377017006114542e-226,0.002051128924763208,2.1074159286821195e-221,0.0005891753836103234,0.0,3.552713678800501e-15,5.204170427930421e-17,,,220,24,new_300K_solve,direct_a10
direct,300.0,1.0,10.0,1.0,1.0,distance,1.0,3.5,4.539992976248485e-15,6.737946999085467e-08,1.0475768654282459e-10,1.0,1.0,4.0,0.003418781359715372,5.477491611290718e-12,9.128265919556194e+24,1.1895575387004677e-07,0.9999998247680908,0.2588581557771429,2.8138077655933488e-08,0.0,6.856687879959936e-222,1.2643633251195937e-221,0.003418781359715372,-0.0012031148044990888,0.004621896164214461,0.003418781359715372,1.2643633251195937e-221,1.2643633251195937e-221,0.0,0.13224436747478494,2.091924506301951e-221,0.03418781359715372,0.0,3.552713678800501e-15,5.204170427930421e-17,,,220.0,24.0,distance_law_comparison.csv,direct_a10
direct,300,1.1,10.0,1.1,1.1,distance,1.0,3.5,4.539992976248485e-15,6.737946999085467e-08,1.0475768654282459e-10,1.0,1.0,4,0.21942406028373415,3.5155610232400624e-10,1.4222481040570383e+23,7.634812455643877e-06,0.9999887547949697,0.15885815577714285,1.8051962873352235e-06,0.0,3.845563569257106e-222,1.2607789354694158e-221,0.24136646631210756,-0.05527585030745719,0.29664231661956475,0.24136646631210756,2.2923253372171196e-221,2.2923253372171196e-221,5.187098121391936e-223,9.336471774178058,1.8963582121016487e-221,2.1942406028373416,0.0,3.552713678800501e-15,5.204170427930421e-17,,,220,24,new_300K_solve,direct_a10
direct,300,1.2,10.0,1.2,1.2,distance,1.0,3.5,4.539992976248485e-15,6.737946999085467e-08,1.0475768654282459e-10,1.0,1.0,4,12.813366811474499,2.0529276908215523e-08,2.435546084917911e+21,0.00044583831146174127,0.9993433325699239,0.05885815577714286,0.0001054145593071478,0.0,2.0832439846273598e-221,1.3817831941845712e-221,15.376040173769399,-1.9465214894184892,17.322561663187887,15.376040173769399,2.3029719903076187e-221,1.1514859951538093e-221,-5.5329046628180653e-222,594.7717894473092,1.905165804851147e-221,128.13366811474498,0.0,3.552713678800501e-15,5.204170427930421e-17,,,220,24,new_300K_solve,direct_a10
direct,300,1.3,10.0,1.3,1.3,distance,1.0,3.5,4.539992976248485e-15,6.737946999085467e-08,1.0475768654282459e-10,1.0,1.0,4,122.90690250756214,1.9691856735493204e-07,2.5391206462455353e+20,0.004276518942070201,0.9937011904563748,-0.041141844222857146,0.0010111453007774572,0.0,2.500713398754901e-221,2.3048723298421355e-221,159.77897325983076,-6.380509165355892,166.15948242518667,159.77897325983076,0.0,0.0,-8.852647460508905e-221,6180.526635454701,0.0,1229.0690250756213,0.0,3.552713678800501e-15,5.204170427930421e-17,,,220,24,new_300K_solve,direct_a10
direct,300,1.4,10.0,1.4,1.4,distance,1.0,3.5,4.539992976248485e-15,6.737946999085467e-08,1.0475768654282459e-10,1.0,1.0,4,88.53627868056402,1.4185075696331202e-07,3.5248313840815034e+20,0.0030806005611811937,0.9954626376016331,-0.14114184422285714,0.000728380918592842,0.0,6.454023820125426e-222,7.999114119037205e-222,123.95079015278962,4.257412960166383,119.69337719262325,123.95079015278962,1.1427305884338865e-221,0.0,-4.4263237302544523e-221,4794.630635028428,0.0,885.3627868056402,0.0,3.552713678800501e-15,5.204170427930421e-17,,,220,24,new_300K_solve,direct_a10
direct,300.0,1.5,10.0,1.5000000000000002,1.5000000000000002,distance,1.0,3.5,4.539992976248485e-15,6.737946999085467e-08,1.0475768654282459e-10,1.0,1.0,4.0,95.9933858306687,1.5379835979644405e-07,3.2510099630565786e+20,0.00334006898264359,0.9950804711280902,-0.24114184422285714,0.0007897299446331409,0.0,2.414515252292659e-221,2.951085809557714e-221,143.99007874600306,14.215338837609503,129.77473990839357,143.99007874600306,1.9673905397051427e-221,1.9673905397051427e-221,2.6557942381526714e-220,5569.784927104834,1.6275513539933308e-221,959.933858306687,0.0,3.552713678800501e-15,5.204170427930421e-17,,,220.0,24.0,distance_law_comparison.csv,direct_a10
direct,300,1.6,10.0,1.6000000000000003,1.6000000000000003,distance,1.0,3.5,4.539992976248485e-15,6.737946999085467e-08,1.0475768654282459e-10,1.0,1.0,4,64.26376663755062,1.0296190531951233e-07,4.856164990812819e+20,0.002236043783605685,0.9967065704223353,-0.34114184422285715,0.0005286928970294943,0.0,1.0830403389940954e-221,4.4081561595045994e-221,102.822026620081,15.942982519759624,86.87904410032138,102.822026620081,1.377548799845187e-221,1.377548799845187e-221,-8.852647460508905e-220,3977.3335706908656,0.0,642.6376663755062,0.0,3.552713678800501e-15,5.204170427930421e-17,,,220,24,new_300K_solve,direct_a10
direct,300,1.7,10.0,1.7000000000000002,1.7000000000000002,distance,1.0,3.5,4.539992976248485e-15,6.737946999085467e-08,1.0475768654282459e-10,1.0,1.0,4,23.24123283093359,3.723656018707547e-08,1.34276634975952e+21,0.0008086736416812397,0.9988089187948477,-0.4411418442228571,0.00019120378173552118,0.0,9.058386172919944e-222,2.285415973818622e-221,39.51009581258711,8.089962855664055,31.420132956923055,39.51009581258711,0.0,1.7924831167204877e-221,8.852647460508905e-221,1528.3187428045221,0.0,232.41232830933592,0.0,3.552713678800501e-15,5.204170427930421e-17,,,220,24,new_300K_solve,direct_a10
direct,300,1.8,10.0,1.8000000000000003,1.8000000000000003,distance,1.0,3.5,4.539992976248485e-15,6.737946999085467e-08,1.0475768654282459e-10,1.0,1.0,4,15.656358967612473,2.5084252511425063e-08,1.9932824379449467e+21,0.0005447596052201044,0.9991976331365174,-0.5411418442228572,0.00012880362913120493,0.0,6.287426853138335e-222,0.0,28.181446141702455,7.01540542595536,21.166040715747094,28.181446141702455,0.0,1.2565213887173657e-221,-6.639485595381678e-221,1090.1070081429352,0.0,156.56358967612474,0.0,7.105427357601002e-15,5.204170427930421e-17,,,220,24,new_300K_solve,direct_a10
direct,300,1.9,10.0,1.9,1.9,distance,1.0,3.5,4.539992976248485e-15,6.737946999085467e-08,1.0475768654282459e-10,1.0,1.0,4,5.618437877811998,9.00172988741093e-09,5.554487929028601e+21,0.00019549232402003928,0.9997120627708749,-0.6411418442228571,4.622245255256476e-05,0.0,4.746844037542977e-222,1.5756421363078972e-221,10.675031967842797,3.07939078928599,7.595641178556806,10.675031967842797,0.0,0.0,-4.4263237302544523e-221,412.9286730632024,1.3720757952447913e-221,56.18437877811998,0.0,3.552713678800501e-15,5.204170427930421e-17,,,220,24,new_300K_solve,direct_a10
direct,300.0,2.0,10.0,2.0,2.0,distance,1.0,3.5,4.539992976248485e-15,6.737946999085467e-08,1.0475768654282459e-10,1.0,1.0,4.0,1.5911086007907818,2.5492370223434243e-09,1.9613711695602457e+22,5.536227771873053e-05,0.9999184578509795,-0.7411418442228571,1.3089935650837732e-05,0.0,3.3112360308778986e-222,6.954779403578372e-222,3.1822172015815635,1.0311762413442587,2.151040960237305,3.1822172015815635,0.0,1.3909558807156744e-221,-2.2131618651272261e-221,123.09365727487469,0.0,15.911086007907818,0.0,7.105427357601002e-15,5.204170427930421e-17,,,220.0,24.0,distance_law_comparison.csv,direct_a10
direct,300,2.1,10.0,2.1,2.1,distance,1.0,3.5,4.539992976248485e-15,6.737946999085467e-08,1.0475768654282459e-10,1.0,1.0,4,0.7808723115926531,1.2510953717713159e-09,3.996497879231173e+22,2.717028225211892e-05,0.999959981345164,-0.8411418442228571,6.424186291970954e-06,0.0,2.1923353036335188e-221,1.4171086823486551e-221,1.6398318543445716,0.5841601509069945,1.055671703437577,1.6398318543445716,0.0,1.3496273165225287e-221,-2.7664523314090327e-222,63.431528233456824,0.0,7.808723115926531,0.0,7.105427357601002e-15,5.204170427930421e-17,,,220,24,new_300K_solve,direct_a10
direct,300,2.2,10.0,2.2,2.2,distance,1.0,3.5,4.539992976248485e-15,6.737946999085467e-08,1.0475768654282459e-10,1.0,1.0,4,0.19580387374557387,3.1371239136184446e-10,1.593816545879714e+23,6.812953202137272e-06,0.9999899652970065,-0.9411418442228572,1.610874895696648e-06,0.0,3.65386078096979e-222,7.064345251421688e-222,0.43076852224026246,0.16605865115381657,0.2647098710864459,0.43076852224026246,0.0,0.0,2.0748392485567745e-222,16.662870408435264,0.0,1.9580387374557386,0.0,3.552713678800501e-15,5.204170427930421e-17,,,220,24,new_300K_solve,direct_a10
direct,300,2.3,10.0,2.3,2.3,distance,1.0,3.5,4.539992976248485e-15,6.737946999085467e-08,1.0475768654282459e-10,1.0,1.0,4,0.04819909552291904,7.722346462675488e-11,6.474715974175156e+23,1.6770770460327249e-06,0.9999975298386492,-1.041141844222857,3.965421523717679e-07,0.0,1.0471307106189534e-221,1.4349088408171286e-221,0.11085791970271379,0.04569691896105404,0.06516100074165976,0.11085791970271379,1.247746818101851e-221,0.0,-6.916130828522582e-223,4.288175793691709,2.0644320304060163e-221,0.4819909552291904,0.0,3.552713678800501e-15,5.204170427930421e-17,,,220,24,new_300K_solve,direct_a10
direct,300,2.4,10.0,2.4,2.4,distance,1.0,3.5,4.539992976248485e-15,6.737946999085467e-08,1.0475768654282459e-10,1.0,1.0,4,0.018639824795349615,2.9864291748962985e-11,1.6742402739799181e+24,6.485686498305331e-07,0.999999044710573,-1.1411418442228571,1.5336038857312843e-07,0.0,1.7666527736857826e-221,1.8552027458562978e-221,0.04473557950883907,0.01953615150843941,0.025199428000399666,0.04473557950883907,0.0,0.0,-8.645163535653227e-224,1.730449476961261,0.0,0.18639824795349616,0.0,3.552713678800501e-15,5.204170427930421e-17,,,220,24,new_300K_solve,direct_a10
direct,300,2.5,10.0,2.5,2.5,distance,1.0,3.5,4.539992976248485e-15,6.737946999085467e-08,1.0475768654282459e-10,1.0,1.0,4,0.0036503600148565596,5.848521521491072e-12,8.549169190242215e+24,1.270134828102867e-07,0.9999998129000036,-1.2411418442228572,3.0043256790235545e-08,0.0,8.617266779768448e-222,1.1841521795752162e-221,0.009125900037141399,0.004190929597244065,0.004934970439897334,0.009125900037141399,0.0,0.0,0.0,0.35300557452154707,0.0,0.036503600148565594,0.0,3.552713678800501e-15,5.204170427930421e-17,,,220,24,new_300K_solve,direct_a10
direct,300,2.6,10.0,2.6,2.6,distance,1.0,3.5,4.539992976248485e-15,6.737946999085467e-08,1.0475768654282459e-10,1.0,1.0,4,0.0008144299626173145,1.3048606561349548e-12,3.8318267751364224e+25,2.8337913421162527e-08,0.9999999582375139,-1.341141844222857,6.71228633195946e-09,0.0,8.314934810929403e-222,1.3268733857529117e-221,0.002117517902805018,0.0010164791629203242,0.0011010387398846936,0.002117517902805018,0.0,2.0413436703890948e-221,0.0,0.08190924958602687,0.0,0.008144299626173145,0.0,7.105427357601002e-15,5.204170427930421e-17,,,220,24,new_300K_solve,direct_a10
direct,300,2.7,10.0,2.7,2.7,distance,1.0,3.5,4.539992976248485e-15,6.737946999085467e-08,1.0475768654282459e-10,1.0,1.0,4,0.00026014484450103667,4.1679799131512435e-13,1.1996219041803634e+26,9.051683286235513e-09,0.999999986643863,-1.4411418442228572,2.152226853051699e-09,0.0,2.091555190837518e-221,2.0770072227057858e-221,0.000702391080152799,0.0003506977916882771,0.0003516932884645219,0.000702391080152799,0.0,0.0,0.0,0.027169700060161533,1.2727653991778115e-221,0.002601448445010367,0.0,7.105427357601002e-15,5.204170427930421e-17,,,220,24,new_300K_solve,direct_a10
direct,300,2.8,10.0,2.8,2.8,distance,1.0,3.5,4.539992976248485e-15,6.737946999085467e-08,1.0475768654282459e-10,1.0,1.0,4,4.2292425705849025e-05,6.775993626109226e-14,7.378991592810867e+26,1.4715557543736765e-09,0.9999999978084995,-1.541141844222857,3.5997237090704403e-10,0.0,4.6270439226338275e-222,7.984921530872375e-222,0.00011841879197637728,6.12430970201305e-05,5.717569495624677e-05,0.00011841879197637728,1.1407030758389107e-221,0.0,3.377017006114542e-226,0.00458064339140656,1.887325163070289e-221,0.00042292425705849025,0.0,7.105427357601002e-15,5.204170427930421e-17,,,220,24,new_300K_solve,direct_a10
direct,300,2.9,10.0,2.9,2.9,distance,1.0,3.5,4.539992976248485e-15,6.737946999085467e-08,1.0475768654282459e-10,1.0,1.0,4,8.738215898973837e-06,1.4000165336183185e-14,3.57138639432892e+27,3.040443217552311e-10,0.9999999995281066,-1.6411418442228571,8.392456178112288e-11,0.0,1.1019510777310759e-221,1.9323263725442616e-221,2.5340826107024128e-05,1.3527515369625176e-05,1.1813310737398954e-05,2.5340826107024128e-05,0.0,0.0,0.0,0.0009802269192467233,0.0,8.738215898973838e-05,0.0,7.105427357601002e-15,5.204170427930421e-17,,,220,24,new_300K_solve,direct_a10
direct,300,3.0,10.0,3.0000000000000004,3.0000000000000004,distance,1.0,3.5,4.539992976248485e-15,6.737946999085467e-08,1.0475768654282459e-10,1.0,1.0,4,2.3792245630339523e-06,3.8119380019318586e-15,1.3116687620486068e+28,8.278460122054417e-11,0.9999999998539961,-1.7411418442228572,3.160964700171872e-11,0.0,1.0341239497497362e-221,3.5484429029769885e-221,7.1376736891018574e-06,3.921168237402846e-06,3.216505451699012e-06,7.1376736891018574e-06,2.365628601984659e-221,0.0,1.0553178144107943e-226,0.00027609754556965146,0.0,2.3792245630339523e-05,0.0,1.4210854715202004e-14,5.204170427930421e-17,,,220,24,new_300K_solve,direct_a10
direct,300,0.5,10.0,0.5,0.5,distance,2.0,3.5,6.73794699908547e-13,8.208499862389881e-07,1.0475768654282459e-10,1.0,1.0,4,3.393496872723903e-11,5.436981397030308e-20,9.196279396377945e+32,1.1807605678421418e-15,0.9999999999759264,0.7588581557771429,1.1807605678421418e-15,0.0,7.204854300734807e-222,1.7366537491494493e-217,1.6967484363619513e-11,-2.8909652923165526e-11,4.587713728678504e-11,1.6967484363619513e-11,2.778797845515923e-217,3.79617192010372e-221,-4.7147598706258617e-228,6.563315992491479e-10,4.5153193716208385e-217,3.3934968727239027e-10,0.0,3.552713678800501e-15,5.204170427930421e-17,,,220,24,new_300K_solve,direct_a20
direct,300,0.6,10.0,0.6,0.6,distance,2.0,3.5,6.73794699908547e-13,8.208499862389881e-07,1.0475768654282459e-10,1.0,1.0,4,6.60081068888376e-09,1.0575664651187004e-17,4.727835237701873e+30,2.2967377303915036e-13,0.9999999999755899,0.6588581557771429,2.2967377303915036e-13,0.0,3.5135353980384137e-222,1.6549767639350505e-219,3.960486413330256e-09,-4.9632376841351655e-09,8.923724097465422e-09,3.960486413330256e-09,1.9151932362518826e-219,4.16346355706931e-221,-7.564485115014873e-228,1.531984545121493e-07,3.5476119922506004e-219,6.60081068888376e-08,0.0,3.552713678800501e-15,5.204170427930421e-17,,,220,24,new_300K_solve,direct_a20
direct,300,0.7,10.0,0.7,0.7,distance,2.0,3.5,6.73794699908547e-13,8.208499862389881e-07,1.0475768654282459e-10,1.0,1.0,4,6.735718954145505e-07,1.0791811521522846e-15,4.6331424432572405e+28,2.3436787608382353e-11,0.9999999999414084,0.5588581557771428,1.7577378480537773e-11,0.0,2.1458004528422302e-221,7.050368635000485e-221,4.715003267901854e-07,-4.391105114525856e-07,9.10610838242771e-07,4.715003267901854e-07,3.357318397619279e-221,0.0,5.276589072053972e-228,1.8238446955178682e-05,5.554777247887865e-221,6.7357189541455055e-06,0.0,3.552713678800501e-15,5.204170427930421e-17,,,220,24,new_300K_solve,direct_a20
direct,300,0.8,10.0,0.8000000000000002,0.8000000000000002,distance,2.0,3.5,6.73794699908547e-13,8.208499862389881e-07,1.0475768654282459e-10,1.0,1.0,4,5.600374147702667e-05,8.972788601106877e-14,5.572403655406752e+26,1.9486380045958665e-09,0.9999999971058134,0.45885815577714284,4.727742726848574e-10,0.0,5.152191753790475e-222,0.0,4.4802993181621345e-05,-3.090921262491719e-05,7.571220580653853e-05,4.4802993181621345e-05,3.014992317522062e-221,3.014992317522062e-221,-8.442542515286355e-227,0.0017330571542527346,3.741291875936808e-221,0.0005600374147702666,0.0,3.552713678800501e-15,5.204170427930421e-17,,,220,24,new_300K_solve,direct_a20
direct,300,0.9,10.0,0.9000000000000001,0.9000000000000001,distance,2.0,3.5,6.73794699908547e-13,8.208499862389881e-07,1.0475768654282459e-10,1.0,1.0,4,0.006610645482963381,1.0591421728461575e-11,4.7208015393852706e+24,2.3001597184880967e-07,0.9999996611894495,0.35885815577714286,5.43972893411899e-08,0.0,9.613538907848195e-222,6.538819513111921e-222,0.005949580934667044,-0.0029874389522185664,0.008937019886885611,0.005949580934667044,1.45307100291376e-221,4.35921300874128e-221,1.0806454419566534e-224,0.23014006590658004,1.2020733202240452e-221,0.06610645482963382,0.0,3.552713678800501e-15,5.204170427930421e-17,,,220,24,new_300K_solve,direct_a20
direct,300.0,1.0,10.0,1.0,1.0,distance,2.0,3.5,6.73794699908547e-13,8.208499862389881e-07,1.0475768654282459e-10,1.0,1.0,4.0,0.3646736199106413,5.842715528570267e-10,8.557664626235051e+22,1.2688739292939326e-05,0.999981310955037,0.2588581557771429,3.0001528350318707e-06,0.0,1.0052452035208187e-221,1.5172209780827676e-221,0.3646736199106413,-0.12833351558968764,0.49300713550032893,0.3646736199106413,0.0,0.0,6.916130828522582e-223,14.106205435681302,2.510284569687706e-221,3.646736199106413,0.0,3.552713678800501e-15,5.204170427930421e-17,,,220.0,24.0,distance_law_comparison.csv,direct_a20
direct,300,1.1,10.0,1.1,1.1,distance,2.0,3.5,6.73794699908547e-13,8.208499862389881e-07,1.0475768654282459e-10,1.0,1.0,4,21.333298478091283,3.417971234774561e-08,1.4628560793987444e+21,0.000742287480825428,0.9989066978033426,0.15885815577714285,0.00017550735791598942,0.0,3.756741524516649e-222,3.319748221626518e-221,23.466628325900412,-5.374142706658742,28.840771032559154,23.466628325900412,0.0,1.50897646437569e-221,8.852647460508905e-221,907.729712198658,2.49664379102565e-221,213.33298478091282,0.0,3.552713678800501e-15,5.204170427930421e-17,,,220,24,new_300K_solve,direct_a20
direct,300,1.2,10.0,1.2,1.2,distance,2.0,3.5,6.73794699908547e-13,8.208499862389881e-07,1.0475768654282459e-10,1.0,1.0,4,1094.6424625017992,1.7538105760046037e-06,2.850935025942548e+19,0.038087846412005126,0.9439010810166022,0.05885815577714286,0.009005536285696324,0.0,8.942696690655956e-222,2.0703360480925569e-221,1313.5709550021588,-166.2908045824163,1479.861759584575,1313.5709550021588,1.7252800400771308e-221,1.7252800400771308e-221,-7.082117968407124e-220,50811.19317088238,1.4272620552836658e-221,10946.424625017991,0.0,3.552713678800501e-15,5.204170427930421e-17,,,220,24,new_300K_solve,direct_a20
direct,300,1.3,10.0,1.3,1.3,distance,2.0,3.5,6.73794699908547e-13,8.208499862389881e-07,1.0475768654282459e-10,1.0,1.0,4,8868.19825693142,1.420842003293505e-05,3.5190401103078477e+18,0.3085670296301523,0.5455170501789637,-0.041141844222857146,0.072957960095442,1.1065809325636131e-221,2.436882026641042e-221,2.0444087371357061e-221,11528.657734010847,-460.3778885003032,11989.03562251115,11528.657734010847,1.5726221054890049e-221,1.5726221054890049e-221,0.0,445948.3919716005,1.3009736427278307e-221,88681.9825693142,0.0,3.552713678800501e-15,5.204170427930421e-17,,,220,24,new_300K_solve,direct_a20
direct,300,1.4,10.0,1.4,1.4,distance,2.0,3.5,6.73794699908547e-13,8.208499862389881e-07,1.0475768654282459e-10,1.0,1.0,4,7864.468691482617,1.2600267976318003e-05,3.9681695733752786e+18,0.27364247769871297,0.59695680834484,-0.14114184422285714,0.06470035697822353,0.0,6.567117741954898e-222,1.152666677836587e-221,11010.256168075664,378.17594584863747,10632.080222227027,11010.256168075664,0.0,0.0,0.0,425895.72408448416,1.362228055280557e-221,78644.68691482616,0.0,3.552713678800501e-15,5.204170427930421e-17,,,220,24,new_300K_solve,direct_a20
direct,300.0,1.5,10.0,1.5000000000000002,1.5000000000000002,distance,2.0,3.5,6.73794699908547e-13,8.208499862389881e-07,1.0475768654282459e-10,1.0,1.0,4.0,8257.763130036026,1.3230395136050424e-05,3.779176622152356e+18,0.28732707215166514,0.5768010099071149,-0.24114184422285714,0.06793595897060996,0.0,3.3500099330222376e-222,2.1955366984525191e-221,12386.64469505404,1222.8644704881037,11163.780224565937,12386.64469505404,2.9273822646033587e-221,1.4636911323016793e-221,3.3994166248354193e-218,479136.80942986585,2.4217179417388684e-221,82577.63130036026,0.0,3.552713678800501e-15,5.204170427930421e-17,,,220.0,24.0,distance_law_comparison.csv,direct_a20
direct,300,1.6,10.0,1.6000000000000003,1.6000000000000003,distance,2.0,3.5,6.73794699908547e-13,8.208499862389881e-07,1.0475768654282459e-10,1.0,1.0,4,6420.476421985917,1.0286737302453758e-05,4.86062767327335e+18,0.22339908073143827,0.6709594238831124,-0.34114184422285715,0.052820747692724684,0.0,8.192681220475054e-222,1.4119062829230342e-221,10272.762275177469,1592.834480766933,8679.927794410536,10272.762275177469,0.0,0.0,2.2662777498902796e-218,397368.1866022515,0.0,64204.76421985917,0.0,3.552713678800501e-15,5.204170427930421e-17,,,220,24,new_300K_solve,direct_a20
direct,300,1.7,10.0,1.7000000000000002,1.7000000000000002,distance,2.0,3.5,6.73794699908547e-13,8.208499862389881e-07,1.0475768654282459e-10,1.0,1.0,4,2934.12759813555,4.70099067890732e-06,1.0636055975252816e+19,0.10209233164187495,0.8496300006540197,-0.4411418442228571,0.024138833852052684,0.0,1.780854126986229e-221,1.544771094024918e-221,4988.0169168304365,1021.3306434890134,3966.6862733414227,4988.0169168304365,1.817377757676374e-221,0.0,2.2662777498902796e-218,192945.10900652787,0.0,29341.275981355502,0.0,3.552713678800501e-15,5.204170427930421e-17,,,220,24,new_300K_solve,direct_a20
direct,300,1.8,10.0,1.8000000000000003,1.8000000000000003,distance,2.0,3.5,6.73794699908547e-13,8.208499862389881e-07,1.0475768654282459e-10,1.0,1.0,4,2077.843543209361,3.3290723740378073e-06,1.5019198858496238e+19,0.07229811418155599,0.8935133794274686,-0.5411418442228572,0.017094253195487748,0.0,1.481969628411241e-221,2.1813747789594108e-221,3740.1183777768506,931.0539505048267,2809.064427272024,3740.1183777768506,1.2118748771996725e-221,0.0,-2.8328471873628494e-218,144674.2383055162,0.0,20778.43543209361,0.0,3.552713678800501e-15,5.204170427930421e-17,,,220,24,new_300K_solve,direct_a20
direct,300,1.9,10.0,1.9,1.9,distance,2.0,3.5,6.73794699908547e-13,8.208499862389881e-07,1.0475768654282459e-10,1.0,1.0,4,799.8978635086339,1.2815776665000544e-06,3.901441270941333e+19,0.027832272193221097,0.9590063358729014,-0.6411418442228571,0.006580695966938759,0.0,2.638717074177099e-222,0.0,1519.8059406664045,438.4133395842188,1081.3926010821856,1519.8059406664045,1.4911625815178496e-221,1.4911625815178496e-221,2.8328471873628494e-219,58788.71859901041,1.2335851116460581e-221,7998.97863508634,0.0,3.552713678800501e-15,5.204170427930421e-17,,,220,24,new_300K_solve,direct_a20
direct,300.0,2.0,10.0,2.0,2.0,distance,2.0,3.5,6.73794699908547e-13,8.208499862389881e-07,1.0475768654282459e-10,1.0,1.0,4.0,233.3366580979574,3.7384654146019425e-07,1.3374471729685322e+20,0.008118898270777566,0.9880418175361931,-0.7411418442228571,0.0019196420965146488,0.0,6.326795725608902e-222,0.0,466.6733161959148,151.2223728447563,315.4509433511585,466.6733161959148,1.2140600668813846e-221,0.0,7.082117968407124e-220,18051.729848798255,0.0,2333.3665809795743,0.0,7.105427357601002e-15,5.204170427930421e-17,,,220.0,24.0,distance_law_comparison.csv,direct_a20
direct,300,2.1,10.0,2.1,2.1,distance,2.0,3.5,6.73794699908547e-13,8.208499862389881e-07,1.0475768654282459e-10,1.0,1.0,4,115.2120592536479,1.8459006929121813e-07,2.7087047635871246e+20,0.004008778544580315,0.9940955405778926,-0.8411418442228571,0.0009478404387635357,0.0,6.877253322843785e-222,6.147028370368171e-222,241.94532443266056,86.18860333598971,155.75672109667084,241.94532443266056,1.1708625467367946e-221,0.0,0.0,9358.863006010604,1.9372248517237987e-221,1152.1205925364789,0.0,3.552713678800501e-15,5.204170427930421e-17,,,220,24,new_300K_solve,direct_a20
direct,300,2.2,10.0,2.2,2.2,distance,2.0,3.5,6.73794699908547e-13,8.208499862389881e-07,1.0475768654282459e-10,1.0,1.0,4,29.01694832850095,4.6490276601909576e-08,1.0754937086768432e+21,0.0010096384062747946,0.998512921328342,-0.9411418442228572,0.00023872013269162133,0.0,7.57343864994323e-222,1.220341623838325e-221,63.83728632270209,24.608886473267656,39.22839984943443,63.83728632270209,1.109401476216659e-221,1.109401476216659e-221,8.852647460508905e-221,2469.3364865413096,0.0,290.1694832850095,0.0,3.552713678800501e-15,5.204170427930421e-17,,,220,24,new_300K_solve,direct_a20
direct,300,2.3,10.0,2.3,2.3,distance,2.0,3.5,6.73794699908547e-13,8.208499862389881e-07,1.0475768654282459e-10,1.0,1.0,4,7.150776215010617,1.145680656665297e-08,4.3642178742489815e+21,0.00024880970319886167,0.9996335325410131,-1.041141844222857,5.882887789406286e-05,0.0,7.307812126450387e-222,1.237998112977692e-221,16.446785294524418,6.779555459720027,9.667229834804392,16.446785294524418,0.0,0.0,-2.2131618651272261e-221,636.1900599718532,1.7811326303892157e-221,71.50776215010616,0.0,3.552713678800501e-15,5.204170427930421e-17,,,220,24,new_300K_solve,direct_a20
direct,300,2.4,10.0,2.4,2.4,distance,2.0,3.5,6.73794699908547e-13,8.208499862389881e-07,1.0475768654282459e-10,1.0,1.0,4,2.766005777703433,4.4316298265454375e-09,1.1282530797247613e+22,9.624256946428662e-05,0.9998582459884117,-1.1411418442228571,2.2755721062017737e-05,0.0,1.5202295629569126e-221,8.001291548149896e-222,6.63841386648824,2.899013726776798,3.739400139711442,6.63841386648824,0.0,0.0,-1.1065809325636131e-221,256.78531337337904,2.2063934655357366e-221,27.660057777034332,0.0,3.552713678800501e-15,5.204170427930421e-17,,,220,24,new_300K_solve,direct_a20
direct,300,2.5,10.0,2.5,2.5,distance,2.0,3.5,6.73794699908547e-13,8.208499862389881e-07,1.0475768654282459e-10,1.0,1.0,4,0.5417465216773378,8.67973618582205e-10,5.760543745750325e+22,1.8849952398818568e-05,0.9999722362126381,-1.2411418442228572,4.456917481542799e-06,0.0,8.304138864042966e-222,0.0,1.3543663041933447,0.621971948701283,0.7323943554920617,1.3543663041933447,0.0,0.0,-1.1065809325636131e-221,52.38922773409601,0.0,5.417465216773379,0.0,3.552713678800501e-15,5.204170427930421e-17,,,220,24,new_300K_solve,direct_a20
direct,300,2.6,10.0,2.6,2.6,distance,2.0,3.5,6.73794699908547e-13,8.208499862389881e-07,1.0475768654282459e-10,1.0,1.0,4,0.12087137992343076,1.9365730063265746e-10,2.5818804577289578e+23,4.205693376455497e-06,0.9999938054841382,-1.341141844222857,9.944112426707341e-07,0.0,8.558526922020041e-222,5.72189283592509e-222,0.31426558780091995,0.15085795553340234,0.16340763226751764,0.31426558780091995,1.7605824110538737e-221,0.0,1.3832261657045163e-222,12.156335695384799,0.0,1.2087137992343076,0.0,3.552713678800501e-15,5.204170427930421e-17,,,220,24,new_300K_solve,direct_a20
direct,300,2.7,10.0,2.7,2.7,distance,2.0,3.5,6.73794699908547e-13,8.208499862389881e-07,1.0475768654282459e-10,1.0,1.0,4,0.03860884231784661,6.185818502744424e-11,8.083004694983665e+23,1.3433862715197288e-06,0.9999980213259209,-1.4411418442228572,3.176439037925196e-07,0.0,3.0404270863164024e-222,8.956666936016441e-222,0.10424387425818583,0.05204806486355623,0.0521958093946296,0.10424387425818583,0.0,1.3269136201505838e-221,-5.187098121391936e-223,4.032333092965769,2.1954157199840375e-221,0.3860884231784661,0.0,7.105427357601002e-15,5.204170427930421e-17,,,220,24,new_300K_solve,direct_a20
direct,300,2.8,10.0,2.8,2.8,distance,2.0,3.5,6.73794699908547e-13,8.208499862389881e-07,1.0475768654282459e-10,1.0,1.0,4,0.0062767504996472205,1.0056462987982601e-11,4.971927014473143e+24,2.1839816852221518e-07,0.9999996783011076,-1.541141844222857,5.1650361931691596e-08,0.0,8.560728226678333e-222,1.377331078579453e-221,0.017574901399012216,0.009089278597890493,0.008485622801121723,0.017574901399012216,0.0,0.0,-8.645163535653227e-224,0.6798275392309913,0.0,0.0627675049964722,0.0,1.4210854715202004e-14,5.204170427930421e-17,,,220,24,new_300K_solve,direct_a20
direct,300,2.9,10.0,2.9,2.9,distance,2.0,3.5,6.73794699908547e-13,8.208499862389881e-07,1.0475768654282459e-10,1.0,1.0,4,0.0012968661408747214,2.077808628335231e-12,2.4063813826810748e+25,4.5124175319926244e-08,0.9999999335133241,-1.6411418442228571,1.0681250310474972e-08,0.0,3.0109007007662046e-221,3.3330978669171525e-221,0.0037609118085366925,0.0020076611582794,0.0017532506502572923,0.0037609118085366925,0.0,1.1493440920403973e-221,2.161290883913307e-224,0.14547856411905546,0.0,0.012968661408747214,0.0,1.4210854715202004e-14,5.204170427930421e-17,,,220,24,new_300K_solve,direct_a20
direct,300,3.0,10.0,3.0000000000000004,3.0000000000000004,distance,2.0,3.5,6.73794699908547e-13,8.208499862389881e-07,1.0475768654282459e-10,1.0,1.0,4,0.00035310822726741396,5.657417510010123e-13,8.837954757896333e+25,1.2286323971244025e-08,0.9999999818796177,-1.7411418442228572,2.9170291919920343e-09,0.0,6.678810281391402e-222,1.5301901209147767e-221,0.001059324681802242,0.0005819529550253936,0.00047737172677684854,0.001059324681802242,0.0,2.0402534945530354e-221,-1.0806454419566534e-224,0.040976508221932155,3.3756565059493335e-221,0.00353108227267414,0.0,1.4210854715202004e-14,5.204170427930421e-17,,,220,24,new_300K_solve,direct_a20
