scenario,F_MVcm,order,dps,rate_relative_error
direct_fixed,1.4654962941624066,48,220,6.661338147750939e-16
direct_fixed,1.4654962941624066,24,320,0.0
direct_fixed,1.2488382313030038,48,220,5.8148375003952424e-11
direct_fixed,1.2488382313030038,24,320,5.8147486825532724e-11
trap_fixed,1.7948030294648347,48,220,6.661338147750939e-16
trap_fixed,1.7948030294648347,24,320,0.0
trap_fixed,1.3557445263910448,48,220,9.085843188927356e-12
trap_fixed,1.3557445263910448,24,320,9.084955010507656e-12
direct_a05,1.4577270499482635,48,220,9.992007221626409e-16
direct_a05,1.4577270499482635,24,320,9.992007221626409e-16
direct_a05,1.249829493014468,48,220,1.0181810949916326e-10
direct_a05,1.249829493014468,24,320,1.0181810949916326e-10
direct_a10,1.4577272973010205,48,220,2.220446049250313e-16
direct_a10,1.4577272973010205,24,320,0.0
direct_a10,1.2498240978184914,48,220,3.4344638244476755e-11
direct_a10,1.2498240978184914,24,320,3.4344638244476755e-11
direct_a20,1.45776309337115,48,220,6.661338147750939e-16
direct_a20,1.45776309337115,24,320,2.220446049250313e-16
direct_a20,1.2493839804903257,48,220,6.872502567034644e-12
direct_a20,1.2493839804903257,24,320,6.872058477824794e-12
