state,probability,energy_eV,exit_rate_s,mean_wait_s
00000,4.793326144257071e-12,0.06141844222857143,537335.636717132,1.8610342059378933e-06
00001,2.9588034082805907e-06,-0.2602681045233766,217490.7714000494,4.597896239747177e-06
00010,1.165249999801536e-08,-0.11712507856051949,2207311.15265439,4.5303988918710233e-07
00011,8.818051032910149e-10,-0.027393183083896103,1709497.3598826607,5.849672678457015e-07
00100,3.992510251693242e-09,-0.08943498658857142,5568645.17016444,1.7957689338113643e-07
00101,0.00017370176496948292,-0.3425517929690909,2993073.982974776,3.3410467154778225e-07
00110,4.02460298280343e-07,-0.18569481893194806,4184184.46943814,2.389951990176671e-07
00111,2.1466221291310095e-09,-0.027393183083896103,2447666.00168996,4.085524737891374e-07
01000,1.988930219255289e-06,-0.25,315849.44539193506,3.1660653978958485e-06
01001,0.28892037143255733,-0.5342848701857142,9490.528502391277,0.0001053682099735579
01010,0.0009845757037207328,-0.38740167656623375,1321696.4661734125,7.566033696792796e-07
01011,1.7534044269584145e-05,-0.2602681045233766,1532708.8253130196,6.524396437762885e-07
01100,6.86947392779752e-05,-0.31856974037142854,2825956.4140516063,3.538624994453784e-07
01101,0.7033332655472259,-0.5342848701857142,8507.383194479715,0.00011754495796649688
01110,0.0014100935333633705,-0.37368772849194803,1302901.4297662426,7.67517770073683e-07
01111,1.7699457947462429e-06,-0.17798441607766233,247377.7797902467,4.0424002545738215e-06
10000,6.008007327787051e-09,-0.1,1479300.1966655054,6.759953133610763e-07
10001,0.0009845757037207328,-0.38740167656623375,1143192.8604156796,8.74743041726474e-07
10010,3.437099250234978e-06,-0.24114184422285714,2541066.75982003,3.935355087132085e-07
10011,6.905340525319374e-08,-0.11712507856051949,2574113.4072369128,3.884832724108349e-07
10100,3.5271065115902765e-07,-0.1822836884457143,4018242.8615691643,2.4886499757495743e-07
10101,0.004073955646920012,-0.4011156246405195,1023647.1507468204,9.768991192623668e-07
10110,8.367102076227216e-06,-0.24114184422285714,2309131.542219622,4.330632455173009e-07
10111,1.1848057553593235e-08,-0.048555338189090906,1263150.4667418804,7.916713220867185e-07
11000,3.056239512051296e-10,0.0,3418875.0106199495,2.924938750009081e-07
11001,1.178651829855833e-05,-0.25,2538198.21624209,3.939802626922268e-07
11010,3.560380732379297e-08,-0.1,3540464.9641447896,2.82448777244588e-07
11011,1.6833288115995285e-10,0.06141844222857143,4181082.28167176,2.391725234357648e-07
11100,7.439956226164788e-10,0.0,2450959.546029684,4.080034701592291e-07
11101,2.0223093509402302e-06,-0.18143025962857143,239065.35178171372,4.182956637367853e-06
11110,3.593968857431054e-09,-0.017716311554285713,1566758.0031992581,6.38260661798465e-07
11111,1.19763887664188e-12,0.2122718710457143,508213.7558273412,1.967675979907432e-06
