source,destination,process,forward_rate_s,reverse_rate_s,net_flux_s,gross_flux_s,energy_change_eV,phonon_heat_eV_s,electron_bath_heat_eV_s,electron_displacement_nm_s,raw_forward_rate_s,raw_reverse_rate_s,raw_DB_log_error,mean_exchange_energy_eV
00000,10000,bathL,255431.6869002032,203.78926257758172,7.120236347223045e-307,2.4487347657808608e-06,-0.16141844222857143,5.838280148781337e-308,7.292748805759938e-308,0.0,255431.6869002033,203.7892625775854,-1.769730985340591e-14,-0.07942284736242183
00000,00001,bathR,281903.95009393326,0.45669055617988114,-5.340177260417283e-307,2.7025151483091817e-06,-0.3216865467519481,-1.0586224302321868e-307,-7.82064828704325e-308,0.0,281903.9500939331,0.4566905561798824,-3.414883704767913e-15,-0.12344922641448314
00001,10001,bathL,213164.87735339702,640.593672234108,-9.332636185032189e-302,1.2614259312778906,-0.12713357204285713,-6.049325621930168e-303,-7.962094448422888e-303,0.0,213164.8773533971,640.5936722341114,-5.14166387573949e-15,-0.0623145273271512
00010,00001,C_Co,1098315.3163267984,4325.437501356488,2.916448807822559e-303,0.025596238442636518,-0.14314302596285713,4.174693074174883e-304,0.0,2.916448807822559e-303,1098315.3163267984,4325.437501356493,-1.2622905480291249e-15,
00010,10010,bathL,209441.1036202166,710.0500398270614,3.645561009778199e-304,0.004881024919037818,-0.12401676566233766,2.307013448626144e-305,3.052572438197021e-305,0.0,209441.1036202167,710.0500398270535,1.1454303940412002e-14,-0.06073395562464456
00010,00011,bathR,8805.755484032537,116362.52203266016,-1.2531615971112558e-304,0.00020521813152042577,0.08973189547662337,3.474441619283363e-306,4.888143252091311e-306,0.0,8805.755484032683,116362.52203266018,1.6352868027229108e-14,0.0620064877774685
00011,10011,bathL,169707.39826896344,2167.1465630276275,-6.607579330222985e-304,0.0002992976997196254,-0.08973189547662337,-3.1190892530723785e-305,-4.329760171009568e-305,0.0,169707.3982689635,2167.1465630276584,-1.399005008192158e-14,-0.0425271765138755
00100,00010,D_C,2599730.9522748697,890748.9792207225,1.4582244039112795e-303,0.020758904957203304,-0.027690091971948053,4.0378367860042456e-305,0.0,7.291122019556397e-303,2599730.9522748697,890748.979220722,5.108401723396888e-16,
00100,10100,bathL,173264.4512417422,1961.2679559392263,-5.468341514667298e-304,0.0013835201956733194,-0.09284870185714286,-2.6575397339904166e-305,-3.6774629238668713e-305,0.0,173264.4512417421,1961.2679559392184,3.413982101926928e-15,-0.04425005952907485
00100,00101,bathR,320838.6432327523,7.374430377671524,-1.0936683029334596e-303,0.0025619031444922284,-0.2531168063805195,-1.4903023799713492e-304,-1.5294996104845447e-304,0.0,320838.6432327521,7.374430377671661,-1.9303591749435077e-14,-0.11685041043816388
00101,00011,D_C,7.226095731352581,1423427.4418347874,-5.468341514667298e-304,0.0025103711647487797,0.3151586098851948,1.7233949101400463e-304,0.0,-2.734170757333649e-303,7.226095731352599,1423427.4418347874,2.5672999490038723e-15,
00101,10101,bathL,133818.65041002684,5705.642814160039,-1.2841707390604292e-298,46.48907152411176,-0.05856383167142857,-4.347258707459738e-300,-6.126929892350148e-300,0.0,133818.65041002686,5705.64281415995,1.5969628079593346e-14,-0.0247111781633722
00110,00101,C_Co,1253703.3441542543,2904.7823545836172,2.7997908555096566e-301,1.0091316436867694,-0.15685697403714285,4.391667215321082e-302,0.0,2.7997908555096566e-301,1253703.3441542543,2904.7823545836195,-7.845489390956923e-16,
00110,10110,bathL,130168.25035326969,6261.134666045474,-2.858119831666108e-301,0.10477510572761456,-0.05544702529090909,-9.305442920197395e-303,-1.3115656951718604e-302,0.0,130168.2503532696,6261.134666045497,-4.434404104255161e-15,-0.02288910795973514
00110,00111,bathR,1043.5437189664997,195649.20658572228,-8.33922080986763e-303,0.0008399698328076718,0.15830163584805196,4.804322106676123e-304,6.478780066055946e-304,0.0,1043.5437189664983,195649.20658572213,-5.358400174380559e-16,0.1006904726924815
00111,10111,bathL,89830.87720045929,16275.490560836657,-8.002006416463146e-302,0.00038566589775551233,-0.021162155105194806,-1.474002081155878e-303,-2.059856404010217e-303,0.0,89830.87720045932,16275.490560836563,6.1212418734112575e-15,-0.00274174896651314
01000,00100,V_D,4967.850908720325,2474811.127389904,1.4582244039112795e-303,0.019761417594217404,0.16056501341142856,-2.34139820970887e-304,0.0,7.291122019556397e-303,4967.850908720324,2474811.127389904,-9.270373211015952e-17,
01000,11000,bathL,42.3324801138811,275490.02171629714,2.2784756311113742e-305,0.0001683926979090434,0.25,-2.655432174608314e-306,-2.5167075080145056e-306,0.0,42.3324801138811,275490.02171629696,6.704418785911117e-16,0.13345575707065732
01000,01001,bathR,307293.33561604755,2.1154098561900248,9.332636185032189e-302,1.2223700027650293,-0.2842848701857143,1.5201377821305865e-302,1.3476401164775292e-302,0.0,307293.3356160474,2.1154098561900487,-1.2063269910950002e-14,-0.12140079841951765
01001,00101,V_D,1717.257227260152,2856335.950486247,-9.556619453472961e-299,992.3011918904932,0.1917330772166234,1.8323200556026165e-299,0.0,-4.778309726736481e-298,1717.2572272601535,2856335.950486247,8.669744294047662e-16,
01001,11001,bathL,10.972177822514853,268958.6196368786,-1.7918661475261802e-299,6.340171383810119,0.2842848701857143,2.634921232174952e-300,2.046953905290588e-300,0.0,10.972177822514968,268958.61963687843,1.1226087856257531e-14,0.13723587125168793
01010,00110,V_D,1144.2439284922098,2799269.333986921,0.0,2.2531895422467865,0.20170685763428572,0.0,0.0,0.0,1144.243928492211,2799269.333986921,9.740714410895425e-16,
01010,01001,C_Co,1138599.6771718513,3880.0918496996956,0.0,2242.075156815349,-0.14688319361948052,0.0,0.0,0.0,1138599.6771718513,3880.091849699704,-2.177451927410916e-15,
01010,11010,bathL,9.66947400814211,267396.3795387045,-5.249607854080606e-302,0.019040658352351702,0.2874016765662338,7.875299329178029e-303,6.00475185016378e-303,0.0,9.669474008142027,267396.37953870435,-7.877944327590978e-15,0.13738476962610052
01010,01011,bathR,2847.483584341338,159892.5559204488,-1.4185607001248927e-299,5.607126307772215,0.12713357204285713,6.1606325043825005e-301,8.611346781979637e-301,0.0,2847.4835843413603,159892.55592044868,8.504481821047018e-15,0.0837048170812957
01011,00111,V_D,264.70767770192003,2162185.918209646,-7.14529957916527e-302,0.009282792278648554,0.23287492143948052,1.6639610781596653e-302,0.0,-3.5726497895826348e-301,264.70767770191975,2162185.918209646,-1.0662503973955318e-15,
01011,11011,bathL,2.382863670233895,248206.03553124957,-1.7743628977279827e-302,8.356247416452974e-05,0.3216865467519481,3.2405771594645354e-303,2.059206106606976e-303,0.0,2.382863670233903,248206.0355312494,3.977701650075441e-15,0.13905326673837276
01100,01010,D_C,2510282.208991251,175144.66506651253,7.167464590104721e-299,344.88636372158726,-0.0688319361948052,4.933504653446137e-300,0.0,3.5837322950523605e-298,2510282.208991251,175144.66506651248,4.440649991399867e-16,
01100,11100,bathL,2.705552831967058,249809.59664943046,-1.1848073281779146e-302,0.00037171449278952895,0.31856974037142854,2.1298538912783202e-303,1.3720780525188014e-303,0.0,2.7055528319670112,249809.59664943028,-1.6618266166076052e-14,0.13880600658749181
01100,01101,bathR,310366.05710576545,30.313531888791537,-1.0153908169315021e-298,42.64103074722743,-0.21571512981428573,-1.133261514418692e-299,-1.2906299923416795e-299,0.0,310366.05710576556,30.313531888791214,1.0948022044382835e-14,-0.1041067229307772
01101,01011,D_C,34.109712747616335,1368223.7414715858,1.1945774316841202e-299,47.98099130731767,0.2740167656623377,-3.2733424416330475e-300,0.0,5.972887158420601e-299,34.109712747616314,1368223.7414715858,-5.994752241958297e-16,
01101,11101,bathL,0.6798371784007887,236438.65489853563,-2.47314858903353e-298,0.9563042054500774,0.35285461055714284,5.171207741027238e-299,2.9865869058287853e-299,0.0,0.6798371784007856,236438.65489853572,-4.862620188409633e-15,0.14376051229076775
01110,01101,C_Co,1296639.9782658576,2599.5978549806537,5.733971672083777e-298,3656.7672969062137,-0.16059714169376624,9.2085946108968e-299,0.0,5.733971672083777e-298,1296639.9782658576,2599.597854980652,8.002896815225166e-16,
01110,11110,bathL,0.6004995023738123,235605.9550528475,-4.4229951229184485e-299,0.0016935209301704693,0.3559714169376623,9.355891478220445e-300,5.371418053644813e-300,0.0,0.6004995023738213,235605.9550528476,1.4533347627741858e-14,0.14444300195611706
01110,01111,bathR,302.2396651494091,240790.53642102893,-2.300961451419686e-298,0.8523723947061843,0.1957033124142857,1.7517165214953566e-299,2.222120122482267e-299,0.0,302.23966514940577,240790.53642102898,-1.1384226223620145e-14,0.11957354846649976
01111,11111,bathL,0.15213040776313938,224827.8514708863,-2.3138090323288544e-298,5.385251509467994e-07,0.3902562871233766,5.498493435465503e-299,2.9991157077907774e-299,0.0,0.15213040776313713,224827.85147088635,-1.5011006394591723e-14,0.1526181173937315
10000,01000,Vo_V,1173866.815471853,3545.9265292080645,2.1873366058669192e-303,0.014105200858401884,-0.15,3.281004908800379e-304,0.0,2.1873366058669192e-303,1173866.815471853,3545.926529208067,-7.734197435624086e-16,
10000,10001,bathR,305229.59206506255,1.8625501511506903,-5.468341514667298e-304,0.003667643251568696,-0.2874016765662338,-9.066513125464571e-305,-7.907310616430104e-305,0.0,305229.5920650623,1.8625501511506724,8.940762272898505e-15,-0.12160162364075017
10001,01001,Vo_V,1138599.6771718513,3880.0918496996956,0.0,2242.075156815349,-0.14688319361948052,0.0,0.0,0.0,1138599.6771718513,3880.091849699704,-2.177451927410916e-15,
10010,01010,Vo_V,1131707.646513943,3950.7287135145216,0.0,7.779583006636531,-0.1462598323433766,0.0,0.0,0.0,1131707.646513943,3950.728713514521,1.417416358193825e-16,
10010,10001,C_Co,1131707.646513943,3950.7287135145216,3.7330544740128755e-301,7.779583006636531,-0.1462598323433766,5.459959214978151e-302,0.0,3.7330544740128755e-301,1131707.646513943,3950.728713514521,1.417416358193825e-16,
10010,10011,bathR,3140.6627161658375,156324.94049198664,-5.832897615645118e-302,0.021589538933949097,0.12401676566233766,2.4544793370512756e-303,3.437725178669034e-303,0.0,3140.6627161657975,156324.94049198655,-1.2091485995104474e-14,0.0819368338893571
10011,01011,Vo_V,1098315.3163267984,4325.437501356488,0.0,0.15168482526820817,-0.14314302596285713,0.0,0.0,0.0,1098315.3163267984,4325.437501356493,-1.2622905480291249e-15,
10100,01100,Vo_V,1033300.4233578489,5305.4436045046195,0.0,0.7289121303308916,-0.13628605192571427,0.0,0.0,0.0,1033300.4233578489,5305.44360450463,-1.7511613524958413e-15,
10100,10010,D_C,2668137.0863355724,273800.754819237,5.599581711019313e-301,1.882160738205941,-0.05885815577714286,3.2958105263401486e-302,0.0,2.7997908555096566e-300,2668137.0863355724,273800.7548192368,5.5116201082476295e-16,
10100,10101,bathR,312398.64617653936,27.04652172574064,-5.249607854080606e-301,0.22037265982825174,-0.2188319361948052,-5.953934939076877e-302,-6.741293377080817e-302,0.0,312398.6461765394,27.046521725740856,-7.647945771768658e-15,-0.10541518003750888
10101,01101,Vo_V,1008688.6441625418,5842.6822662408995,0.0,8218.705595740157,-0.1331692455451948,0.0,0.0,0.0,1008688.6441625418,5842.6822662409,-1.551935363443487e-16,
10101,10011,D_C,22.32829056580101,1317306.0054472655,4.6663180925160944e-302,0.1819289308732317,0.28399054608,-1.3251902232766297e-302,0.0,2.333159046258047e-301,22.32829056580106,1317306.0054472655,2.1076217874889467e-15,
10110,01110,Vo_V,1004194.9182535904,5958.612805928847,-1.4932217896051502e-300,16.80440277091287,-0.13254588426909092,-1.9792040251308907e-301,0.0,-1.4932217896051502e-300,1004194.9182535904,5958.61280592884,1.1640000268859499e-15,
10110,10101,C_Co,1289582.4535737804,2648.54823172188,1.4932217896051502e-300,21.58013604952673,-0.15997378041766233,2.388763346851631e-301,0.0,1.4932217896051502e-300,1289582.4535737804,2648.5482317218793,1.1948324475281512e-16,
10110,10111,bathR,335.48132599202626,236917.0209163985,-1.2059515820346281e-300,0.005614012998486684,0.19258650603376623,8.991602806113662e-302,1.1459708718200877e-301,0.0,335.48132599203007,236917.0209163986,1.1019805960228363e-14,0.1180262754236498
10111,01111,Vo_V,984025.8327084482,6587.09138706913,-1.2876121486536598e-300,0.023317589400304407,-0.12942907788857144,-1.6665445307836535e-301,0.0,-1.2876121486536598e-300,984025.8327084482,6587.091387069132,-2.400321569625576e-16,
11000,10100,V_D,2822202.820916244,2445.4401203829616,3.645561009778199e-304,0.0017250655544613705,-0.1822836884457143,6.645263073162528e-305,0.0,1.8227805048890994e-303,2822202.820916244,2445.440120382958,1.3508364912256569e-15,
11000,11001,bathR,321182.1691393489,8.32824088526708,-4.329103699111611e-304,0.0001963219271780041,-0.25,-5.797435157819217e-305,-6.021017940755482e-305,0.0,321182.169139349,8.328240885267084,-2.076239332835837e-16,-0.11608232186702003
11001,10101,V_D,2265685.3455471764,6554.941707393497,-1.4932217896051502e-299,53.40908356813449,-0.15111562464051947,-2.2564914346301664e-300,0.0,-7.466108948025751e-299,2265685.3455471764,6554.9417073934765,3.3105146527405826e-15,
11010,10110,V_D,2058076.4300738028,8757.555006072987,2.3331590462580472e-302,0.14655071334797468,-0.14114184422285714,3.293063706541032e-303,0.0,1.1665795231290236e-301,2058076.4300738028,8757.555006072993,-5.823883355746411e-16,
11010,11001,C_Co,1173866.815471853,3545.9265292080645,2.3331590462580472e-302,0.08358825584370856,-0.15,3.4997385693870707e-303,0.0,2.3331590462580472e-302,1173866.815471853,3545.926529208067,-7.734197435624086e-16,
11010,11011,bathR,942.2300762259202,199289.5140715467,-1.4189206992746083e-302,6.709395617726084e-05,0.16141844222857143,8.38638405604387e-304,1.1254095227902784e-303,0.0,942.2300762259366,199289.51407154655,1.8060127798713437e-14,0.10231447637388186
11011,10111,V_D,1825224.43834507,25932.123226140317,-2.0506280680002368e-303,0.0006144905769403648,-0.10997378041766234,-2.255153208685532e-304,0.0,-1.0253140340001184e-302,1825224.43834507,25932.12322614031,3.7728982594028467e-16,
11100,11010,D_C,1922957.2390886862,40183.111748404976,8.293651297245402e-302,0.0028613435367213047,-0.1,8.293651297245402e-303,0.0,4.146825648622701e-301,1922957.2390886862,40183.11174840508,-2.5156131623749392e-15,
11100,11101,bathR,278192.71057612303,102.34544918472551,-9.46706624726776e-302,0.0004139483178248971,-0.18143025962857143,-8.813043997497006e-303,-1.054050411100133e-302,0.0,278192.71057612286,102.34544918472723,-1.7496331977950747e-14,-0.08833865376766925
11101,11011,D_C,158.84816190595157,1908362.2937388301,2.9848030767559e-302,0.000642480246404147,0.24284870185714286,-7.248555524893763e-303,0.0,1.4924015383779501e-301,158.8481619059522,1908362.2937388301,4.040846614289244e-15,
11110,11101,C_Co,1331057.6143875478,2365.5033842034118,2.47397248582174e-298,0.00956755922711064,-0.16371394807428571,4.0502380308103185e-299,0.0,2.47397248582174e-298,1331057.6143875478,2365.503384203414,-7.956781346289759e-16,
11110,11111,bathR,94.43431202263163,283385.9046342157,-2.916282022516332e-298,6.787879529645302e-07,0.2299881826,2.709368055927194e-299,3.3269911019698845e-299,0.0,94.43431202263187,283385.9046342155,3.1714197540462733e-15,0.13708331143155933
