scenario,T_K,F_MVcm,R_pair_s,conditional_J_for_Npair_1e15_and_d100nm_Acm2,internal_total_H2_eV2
direct_fixed,300.0,0.0,-3.7192480984611648e-239,-5.958892399403409e-248,2e-10
direct_fixed,300.0,0.5,3.4071313052906323e-09,5.458826166306572e-18,2e-10
direct_fixed,300.0,1.0,1.2768614250238486,2.0457575400291527e-09,2e-10
direct_fixed,300.0,1.2,2550.499976980173,4.0863514681351705e-06,2e-10
direct_fixed,300.0,1.3,17088.950176598162,2.737951667253575e-05,2e-10
direct_fixed,300.0,1.5,19422.36796106209,3.1118064124163894e-05,2e-10
direct_fixed,300.0,2.0,15263.861812623883,2.445540274079087e-05,2e-10
direct_fixed,300.0,3.0,0.1048112539348481,1.6792614203465418e-10,2e-10
trap_fixed,300.0,0.0,-2.4272309731263987e-226,-3.888852750464198e-235,2.0000000000000003e-10
trap_fixed,300.0,0.5,0.0054804941201109,8.780719622016176e-12,2.0000000000000003e-10
trap_fixed,300.0,1.0,87.06273177522166,1.394898745424695e-07,2.0000000000000003e-10
trap_fixed,300.0,1.2,2201.8433198182206,3.527741918741742e-06,2.0000000000000003e-10
trap_fixed,300.0,1.3,6132.101396590795,9.824709574936538e-06,2.0000000000000003e-10
trap_fixed,300.0,1.5,20008.878973677627,3.2057758364160194e-05,2.0000000000000003e-10
trap_fixed,300.0,2.0,20822.79888540187,3.336180182867212e-05,2.0000000000000003e-10
trap_fixed,300.0,3.0,3276.6526286407566,5.2497762793428986e-06,2.0000000000000003e-10
direct_a05,300.0,1.0,1.556255771722289e-07,2.493396633981089e-16,2.0611536224385585e-19
direct_a10,300.0,1.0,0.0034187813597153,5.477491611290718e-12,4.539992976248485e-15
direct_a20,300.0,1.0,0.3646736199106413,5.842715528570267e-10,6.73794699908547e-13
direct_a05,300.0,1.5,0.0043796390575634,7.016955363381924e-12,2.0611536224385585e-19
direct_a10,300.0,1.5,95.9933858306687,1.5379835979644405e-07,4.539992976248485e-15
direct_a20,300.0,1.5,8257.763130036026,1.3230395136050424e-05,6.73794699908547e-13
direct_a05,300.0,2.0,7.22421092280437e-05,1.157446193960474e-13,2.0611536224385585e-19
direct_a10,300.0,2.0,1.5911086007907818,2.5492370223434243e-09,4.539992976248485e-15
direct_a20,300.0,2.0,233.3366580979574,3.7384654146019435e-07,6.73794699908547e-13
direct_fixed,300.0,0.6,2.1886589389532879e-07,3.506618211786189e-16,2e-10
direct_fixed,300.0,0.7,1.1134284799956891e-05,1.7839090942792302e-14,2e-10
direct_fixed,300.0,0.8,0.0005457289368649,8.743541511426769e-13,2e-10
direct_fixed,300.0,0.9,0.0266356665003941,4.2675042497948107e-11,2e-10
direct_fixed,300.0,1.1,61.04851670838971,9.781050701054058e-08,2e-10
direct_fixed,300.0,1.4,19360.36929968519,3.101873131756655e-05,2e-10
direct_fixed,300.0,1.6,19379.56119987827,3.104948013161796e-05,2e-10
direct_fixed,300.0,1.7,19148.22126422172,3.067883269219798e-05,2e-10
direct_fixed,300.0,1.8,18976.28713917335,3.0403363854458245e-05,2e-10
direct_fixed,300.0,1.9,18087.19832116019,2.897888652468688e-05,2e-10
direct_fixed,300.0,2.1,12450.591629650557,1.99480469885021e-05,2e-10
direct_fixed,300.0,2.2,5981.590557424772,9.583564625261005e-06,2e-10
direct_fixed,300.0,2.3,1914.938707467732,3.068070052646961e-06,2e-10
direct_fixed,300.0,2.4,787.9797277838768,1.262482707921008e-06,2e-10
direct_fixed,300.0,2.5,159.4946556505505,2.555386105311881e-07,2e-10
direct_fixed,300.0,2.6,35.81218108285227,5.737743974352272e-08,2e-10
direct_fixed,300.0,2.7,11.453416409870266,1.8350396151366306e-08,2e-10
direct_fixed,300.0,2.8,1.8629274651527057,2.984738855504514e-09,2e-10
direct_fixed,300.0,2.9,0.3849364334164095,6.16736159195068e-10,2e-10
direct_fixed,300.0,1.47639320225,19438.25016329627,3.114351021747997e-05,2e-10
direct_fixed,300.0,1.52360679775,19391.08538486378,3.106794391152765e-05,2e-10
direct_fixed,300.0,1.4472135955,19434.892990587552,3.113813143380976e-05,2e-10
direct_fixed,300.0,1.46574821476,19439.97803707446,3.114627857647388e-05,2e-10
direct_fixed,300.0,1.46564744245,19439.978631671733,3.114627952912374e-05,2e-10
direct_fixed,300.0,1.46549515227,19439.97896608545,3.1146280064913585e-05,2e-10
direct_fixed,300.0,1.46549629416,19439.978966105227,3.114628006494527e-05,2e-10
direct_fixed,300.0,1.46549638257,19439.978966105165,3.1146280064945176e-05,2e-10
direct_fixed,300.0,1.46549620576,19439.97896610506,3.114628006494501e-05,2e-10
direct_fixed,300.0,1.17563711966,1079.310178694803,1.7292455491431778e-06,2e-10
direct_fixed,300.0,1.18995633492,1805.0619079687408,2.8920280118709744e-06,2e-10
direct_fixed,300.0,1.19182828994,1927.3125851931395,3.087895190410582e-06,2e-10
direct_fixed,300.0,1.19207694202,1944.094314587751,3.1147824851247397e-06,2e-10
direct_fixed,300.0,1.19207551341,1943.997526910704,3.1146274141701163e-06,2e-10
direct_fixed,300.0,1.19207551886,1943.9978961375905,3.1146280057368065e-06,2e-10
direct_fixed,300.0,1.19207552386,1943.998234877908,3.114628548458628e-06,2e-10
direct_fixed,300.0,1.24931398744,9809.50580244559,1.5716560987765745e-05,2e-10
direct_fixed,300.0,1.24870585918,9695.082887749712,1.5533235267445833e-05,2e-10
direct_fixed,300.0,1.2488382313,9719.989810182004,1.5573140556591704e-05,2e-10
direct_fixed,300.0,1.2488382263,9719.988869386218,1.5573139049270675e-05,2e-10
direct_fixed,300.0,1.3179196736,18191.00908814578,2.914520970990881e-05,2e-10
direct_fixed,300.0,1.3066183946,17570.43953249525,2.815094766807377e-05,2e-10
direct_fixed,300.0,1.30559491301,17502.22505552799,2.8041656026976294e-05,2e-10
direct_fixed,300.0,1.30550264445,17495.967478911894,2.8031630283936523e-05,2e-10
direct_fixed,300.0,1.30550284484,17495.981088695182,2.80316520892133e-05,2e-10
direct_fixed,300.0,1.30550283984,17495.98074911382,2.803165154514397e-05,2e-10
trap_fixed,300.0,0.6,0.0383431581276698,6.14325120259198e-11,2.0000000000000003e-10
trap_fixed,300.0,0.7,0.2645833531872111,4.239092662219191e-10,2.0000000000000003e-10
trap_fixed,300.0,0.8,1.8444126927514377,2.955074919779374e-09,2.0000000000000003e-10
trap_fixed,300.0,0.9,12.797040090506872,2.0503118617371355e-08,2.0000000000000003e-10
trap_fixed,300.0,1.1,546.400656438236,8.754303645476032e-07,2.0000000000000003e-10
trap_fixed,300.0,1.4,14661.13951132644,2.34897351528614e-05,2.0000000000000003e-10
trap_fixed,300.0,1.6,21119.57933997117,3.383729653841095e-05,2.0000000000000003e-10
trap_fixed,300.0,1.7,21233.49852433947,3.4019815193770174e-05,2.0000000000000003e-10
trap_fixed,300.0,1.8,21256.591745350564,3.4056814612877954e-05,2.0000000000000003e-10
trap_fixed,300.0,1.9,21145.845343819237,3.387937931604487e-05,2.0000000000000003e-10
trap_fixed,300.0,2.1,20643.853868836897,3.307510030436098e-05,2.0000000000000003e-10
trap_fixed,300.0,2.2,20309.560945134777,3.253950399309389e-05,2.0000000000000003e-10
trap_fixed,300.0,2.3,19189.46684864632,3.074491540381875e-05,2.0000000000000003e-10
trap_fixed,300.0,2.4,18291.645998396063,2.930644781602977e-05,2.0000000000000003e-10
trap_fixed,300.0,2.5,17193.43806317528,2.7546924722945647e-05,2.0000000000000003e-10
trap_fixed,300.0,2.6,13801.747205581552,2.211283688115756e-05,2.0000000000000003e-10
trap_fixed,300.0,2.7,11260.877158676816,1.8041914261976305e-05,2.0000000000000003e-10
trap_fixed,300.0,2.8,9228.40674815784,1.4785537660946414e-05,2.0000000000000003e-10
trap_fixed,300.0,2.9,5126.841335085346,8.214105393299105e-06,2.0000000000000003e-10
trap_fixed,300.0,1.77639320225,21255.41623690586,3.405493124071478e-05,2.0000000000000003e-10
trap_fixed,300.0,1.82360679775,21252.11397289948,3.404964043048445e-05,2.0000000000000003e-10
trap_fixed,300.0,1.7472135955,21249.144500053902,3.404488281047598e-05,2.0000000000000003e-10
trap_fixed,300.0,1.79062201645,21256.63973043511,3.405689149345919e-05,2.0000000000000003e-10
trap_fixed,300.0,1.79260227216,21256.692166358644,3.405697550507066e-05,2.0000000000000003e-10
trap_fixed,300.0,1.79521845255,21256.711911789054,3.4057007140737894e-05,2.0000000000000003e-10
trap_fixed,300.0,1.79482657222,21256.71265380569,3.4057008329579616e-05,2.0000000000000003e-10
trap_fixed,300.0,1.79479945842,21256.71265614149,3.405700833332197e-05,2.0000000000000003e-10
trap_fixed,300.0,1.79480302946,21256.712656195374,3.40570083334083e-05,2.0000000000000003e-10
trap_fixed,300.0,1.79480293618,21256.71265619536,3.405700833340828e-05,2.0000000000000003e-10
trap_fixed,300.0,1.79480312275,21256.712656195312,3.4057008333408205e-05,2.0000000000000003e-10
trap_fixed,300.0,1.19539868967,2095.3881188329105,3.3571818831553046e-06,2.0000000000000003e-10
trap_fixed,300.0,1.19670761732,2125.349573589189,3.405185425886461e-06,2.0000000000000003e-10
trap_fixed,300.0,1.196721612,2125.671272732519,3.405700844737083e-06,2.0000000000000003e-10
trap_fixed,300.0,1.196721607,2125.671157791122,3.405700660580662e-06,2.0000000000000003e-10
trap_fixed,300.0,1.35271702238,10349.492276942796,1.6581714699881202e-05,2.0000000000000003e-10
trap_fixed,300.0,1.35577513961,10631.185555985268,1.7033037089517893e-05,2.0000000000000003e-10
trap_fixed,300.0,1.35574442496,10628.346953568753,1.7028489147052937e-05,2.0000000000000003e-10
trap_fixed,300.0,1.35574452639,10628.356327291012,1.7028504165411713e-05,2.0000000000000003e-10
trap_fixed,300.0,1.35574453139,10628.356789369454,1.7028504905743e-05,2.0000000000000003e-10
trap_fixed,300.0,1.48358488499,19539.26906988326,3.130536034920587e-05,2.0000000000000003e-10
trap_fixed,300.0,1.47050952093,19068.22150522182,3.055065894760271e-05,2.0000000000000003e-10
trap_fixed,300.0,1.47225327874,19136.51069055753,3.066007028470248e-05,2.0000000000000003e-10
trap_fixed,300.0,1.47211362069,19131.105689195607,3.065141051781367e-05,2.0000000000000003e-10
trap_fixed,300.0,1.472111961,19131.041389412752,3.0651307498204005e-05,2.0000000000000003e-10
trap_fixed,300.0,1.472111966,19131.041583125338,3.065130780856578e-05,2.0000000000000003e-10
direct_a05,300.0,0.5,1.044989382823759e-17,1.6742575719383076e-26,2.0611536224385585e-19
direct_a05,300.0,0.6,2.074980302621696e-15,3.32448495687073e-24,2.0611536224385585e-19
direct_a05,300.0,0.7,2.185758457205436e-13,3.5019711277024383e-22,2.0611536224385585e-19
direct_a05,300.0,0.8,1.9026492598446848e-11,3.048380186820549e-20,2.0611536224385585e-19
direct_a05,300.0,0.9,2.680720816369344e-09,4.2949882542643685e-18,2.0611536224385585e-19
direct_a05,300.0,1.1,9.997542909520825e-06,1.6017829647046636e-14,2.0611536224385585e-19
direct_a05,300.0,1.2,0.0005846498169363,9.367122757678404e-13,2.0611536224385585e-19
direct_a05,300.0,1.3,0.0056202581871762,9.004646344541e-12,2.0611536224385585e-19
direct_a05,300.0,1.4,0.0040379144117152,6.469452120542076e-12,2.0611536224385585e-19
direct_a05,300.0,1.6,0.0029272106280904,4.689908471123e-12,2.0611536224385585e-19
direct_a05,300.0,1.7,0.0010564085493685,1.6925530937560973e-12,2.0611536224385585e-19
direct_a05,300.0,1.8,0.0007113683499274,1.1397377484209349e-12,2.0611536224385585e-19
direct_a05,300.0,1.9,0.0002551501489128,4.087956067498559e-13,2.0611536224385585e-19
direct_a05,300.0,2.1,3.545296681455166e-05,5.680191503625209e-14,2.0611536224385585e-19
direct_a05,300.0,2.2,8.889571315215552e-06,1.4242663447515006e-14,2.0611536224385585e-19
direct_a05,300.0,2.3,2.188240956365989e-06,3.505948529851401e-15,2.0611536224385585e-19
direct_a05,300.0,2.4,8.462475448481552e-07,1.3558380429355813e-15,2.0611536224385585e-19
direct_a05,300.0,2.5,1.6572611928423058e-07,2.655225159606909e-16,2.0611536224385585e-19
direct_a05,300.0,2.6,3.69750646424997e-08,5.924058461085258e-17,2.0611536224385585e-19
direct_a05,300.0,2.7,1.1810557825871586e-08,1.892259978311729e-17,2.0611536224385585e-19
direct_a05,300.0,2.8,1.920073160692089e-09,3.0762963536313924e-18,2.0611536224385585e-19
direct_a05,300.0,2.9,3.9671438824048973e-10,6.356065232105171e-19,2.0611536224385585e-19
direct_a05,300.0,3.0,1.0801662806409021e-10,1.7306171756775401e-19,2.0611536224385585e-19
direct_a05,300.0,1.27639320225,0.0046282030460994,7.415198777868149e-12,2.0611536224385585e-19
direct_a05,300.0,1.32360679775,0.0055938062249903,8.962265628803364e-12,2.0611536224385585e-19
direct_a05,300.0,1.3527864045,0.0045420187397185,7.277116295967114e-12,2.0611536224385585e-19
direct_a05,300.0,1.31382707121,0.0057323412733638,9.184223246297292e-12,2.0611536224385585e-19
direct_a05,300.0,1.3110579003,0.0057399651457409,9.196438036480592e-12,2.0611536224385585e-19
direct_a05,300.0,1.31092884055,0.0057399596865387,9.196429289874309e-12,2.0611536224385585e-19
direct_a05,300.0,1.31101529815,0.0057399669263072,9.196440889262331e-12,2.0611536224385585e-19
direct_a05,300.0,1.31101511452,0.0057399669263418,9.19644088931768e-12,2.0611536224385585e-19
direct_a05,300.0,1.3110150284,0.0057399669263354,9.196440889307432e-12,2.0611536224385585e-19
direct_a05,300.0,1.31101520063,0.0057399669263337,9.19644088930481e-12,2.0611536224385585e-19
direct_a05,300.0,1.47639320225,0.0054635900696694,8.753636347378817e-12,2.0611536224385585e-19
direct_a05,300.0,1.52360679775,0.0032182940375446,5.156275508295542e-12,2.0611536224385585e-19
direct_a05,300.0,1.4472135955,0.0056817161674709,9.103112884541969e-12,2.0611536224385585e-19
direct_a05,300.0,1.45467952709,0.0057728600762508,9.249141525520599e-12,2.0611536224385585e-19
direct_a05,300.0,1.45768019953,0.0057814460677096,9.26289780041556e-12,2.0611536224385585e-19
direct_a05,300.0,1.45778197613,0.0057814453076794,9.26289658271302e-12,2.0611536224385585e-19
direct_a05,300.0,1.45772704995,0.0057814481108197,9.262901073838899e-12,2.0611536224385585e-19
direct_a05,300.0,1.45772713824,0.0057814481108165,9.262901073833734e-12,2.0611536224385585e-19
direct_a05,300.0,1.45772696166,0.0057814481108085,9.262901073820824e-12,2.0611536224385585e-19
direct_a05,300.0,1.19886801007,0.0005580956545763,8.94167817299106e-13,2.0611536224385585e-19
direct_a05,300.0,1.19972269503,0.0005780518124693,9.261411071797397e-13,2.0611536224385585e-19
direct_a05,300.0,1.19972660364,0.0005781443896499,9.262894321752976e-13,2.0611536224385585e-19
direct_a05,300.0,1.19972662143,0.0005781448110415,9.262901073191345e-13,2.0611536224385585e-19
direct_a05,300.0,1.19972662643,0.0005781449294765,9.26290297072955e-13,2.0611536224385585e-19
direct_a05,300.0,1.24579534525,0.0026286601685312,4.211577900747232e-12,2.0611536224385585e-19
direct_a05,300.0,1.25115245714,0.0029782064371119,4.7716127647691415e-12,2.0611536224385585e-19
direct_a05,300.0,1.24981171072,0.0028895527174683,4.629573846639002e-12,2.0611536224385585e-19
direct_a05,300.0,1.24982942534,0.0028907195975145,4.63144339458369e-12,2.0611536224385585e-19
direct_a05,300.0,1.24982949301,0.0028907240552463,4.631450536657408e-12,2.0611536224385585e-19
direct_a05,300.0,1.24982949802,0.0028907243852779,4.6314510654263936e-12,2.0611536224385585e-19
direct_a05,300.0,1.29171987063,0.0053755434846671,8.612570166184626e-12,2.0611536224385585e-19
direct_a05,300.0,1.28610149993,0.005140889832723,8.236613567957083e-12,2.0611536224385585e-19
direct_a05,300.0,1.28759588108,0.0052082696685478,8.344567966518306e-12,2.0611536224385585e-19
direct_a05,300.0,1.28748573466,0.0052034217178274,8.33680069315136e-12,2.0611536224385585e-19
direct_a05,300.0,1.28748304927,0.0052033032855505,8.336610943724459e-12,2.0611536224385585e-19
direct_a05,300.0,1.28748305427,0.0052033035060732,8.336611297040907e-12,2.0611536224385585e-19
direct_a10,300.0,0.5,2.301639050559444e-13,3.687632306708285e-22,4.539992976248485e-15
direct_a10,300.0,0.6,4.569597792039738e-11,7.321302809184058e-20,4.539992976248485e-15
direct_a10,300.0,0.7,4.812481809788878e-09,7.710445907193772e-18,4.539992976248485e-15
direct_a10,300.0,0.8,4.187743157280001e-07,6.709504235787405e-16,4.539992976248485e-15
direct_a10,300.0,0.9,5.8917538361032334e-05,9.439630329484465e-14,4.539992976248485e-15
direct_a10,300.0,1.1,0.2194240602837341,3.5155610232400624e-10,4.539992976248485e-15
direct_a10,300.0,1.2,12.8133668114745,2.0529276908215523e-08,4.539992976248485e-15
direct_a10,300.0,1.3,122.90690250756214,1.9691856735493207e-07,4.539992976248485e-15
direct_a10,300.0,1.4,88.53627868056402,1.4185075696331202e-07,4.539992976248485e-15
direct_a10,300.0,1.6,64.26376663755062,1.0296190531951233e-07,4.539992976248485e-15
direct_a10,300.0,1.7,23.24123283093359,3.7236560187075475e-08,4.539992976248485e-15
direct_a10,300.0,1.8,15.656358967612473,2.5084252511425066e-08,4.539992976248485e-15
direct_a10,300.0,1.9,5.618437877811998,9.001729887410932e-09,4.539992976248485e-15
direct_a10,300.0,2.1,0.7808723115926531,1.2510953717713159e-09,4.539992976248485e-15
direct_a10,300.0,2.2,0.1958038737455738,3.1371239136184446e-10,4.539992976248485e-15
direct_a10,300.0,2.3,0.048199095522919,7.722346462675488e-11,4.539992976248485e-15
direct_a10,300.0,2.4,0.0186398247953496,2.9864291748962985e-11,4.539992976248485e-15
direct_a10,300.0,2.5,0.0036503600148565,5.848521521491072e-12,4.539992976248485e-15
direct_a10,300.0,2.6,0.0008144299626173,1.3048606561349548e-12,4.539992976248485e-15
direct_a10,300.0,2.7,0.000260144844501,4.1679799131512445e-13,4.539992976248485e-15
direct_a10,300.0,2.8,4.229242570584903e-05,6.775993626109226e-14,4.539992976248485e-15
direct_a10,300.0,2.9,8.738215898973837e-06,1.4000165336183184e-14,4.539992976248485e-15
direct_a10,300.0,3.0,2.3792245630339523e-06,3.8119380019318586e-15,4.539992976248485e-15
direct_a10,300.0,1.27639320225,101.23188181990784,1.621913556677057e-07,4.539992976248485e-15
direct_a10,300.0,1.32360679775,122.3960814728559,1.9610014182897002e-07,4.539992976248485e-15
direct_a10,300.0,1.3527864045,99.5252072096356,1.594569614852865e-07,4.539992976248485e-15
direct_a10,300.0,1.31389719401,125.37805537012832,2.0087779073037778e-07,4.539992976248485e-15
direct_a10,300.0,1.31112797895,125.54437336313994,2.011442615325948e-07,4.539992976248485e-15
direct_a10,300.0,1.3109957803,125.5442622294577,2.0114408347680586e-07,4.539992976248485e-15
direct_a10,300.0,1.31108190493,125.5444186282874,2.0114433405535642e-07,4.539992976248485e-15
direct_a10,300.0,1.31108173625,125.54441862892736,2.0114433405638173e-07,4.539992976248485e-15
direct_a10,300.0,1.31108165013,125.54441862878971,2.011443340561612e-07,4.539992976248485e-15
direct_a10,300.0,1.47639320225,119.6058401242827,1.916296823370654e-07,4.539992976248485e-15
direct_a10,300.0,1.52360679775,70.63105382902926,1.131634240796669e-07,4.539992976248485e-15
direct_a10,300.0,1.4472135955,124.35025069126516,1.992310660895874e-07,4.539992976248485e-15
direct_a10,300.0,1.45470330927,126.33509803938854,2.0241114213280752e-07,4.539992976248485e-15
direct_a10,300.0,1.45767967711,126.51891069350792,2.0270564247227115e-07,4.539992976248485e-15
direct_a10,300.0,1.45778153021,126.51889715168466,2.027056207758783e-07,4.539992976248485e-15
direct_a10,300.0,1.4577272973,126.51895657721596,2.0270571598607601e-07,4.539992976248485e-15
direct_a10,300.0,1.45772738559,126.51895657713064,2.027057159859393e-07,4.539992976248485e-15
direct_a10,300.0,1.45772720901,126.51895657698628,2.02705715985708e-07,4.539992976248485e-15
direct_a10,300.0,1.19871786654,12.156423955306057,1.9476738414189224e-08,4.539992976248485e-15
direct_a10,300.0,1.19968486214,12.649283012447068,2.026638567939582e-08,4.539992976248485e-15
direct_a10,300.0,1.19968987996,12.651882231726816,2.0270550087792482e-08,4.539992976248485e-15
direct_a10,300.0,1.19968990588,12.65189565935312,2.0270571601221596e-08,4.539992976248485e-15
direct_a10,300.0,1.19968990087,12.65189306396612,2.027056744295318e-08,4.539992976248485e-15
direct_a10,300.0,1.24582113851,57.57332153036572,9.224263049772108e-08,4.539992976248485e-15
direct_a10,300.0,1.25113549026,65.15520278380852,1.0439014348374977e-07,4.539992976248485e-15
direct_a10,300.0,1.24980672416,63.23445860935768,1.0131277204755301e-07,4.539992976248485e-15
direct_a10,300.0,1.24982403271,63.25938452457923,1.0135270776650205e-07,4.539992976248485e-15
direct_a10,300.0,1.24982409782,63.25947829391015,1.0135285800153305e-07,4.539992976248485e-15
direct_a10,300.0,1.24982409282,63.25947109306942,1.0135284646451425e-07,4.539992976248485e-15
direct_a10,300.0,1.29178894425,117.61096691693912,1.884335430964669e-07,4.539992976248485e-15
direct_a10,300.0,1.28619159896,112.51965852063444,1.8027636774741954e-07,4.539992976248485e-15
direct_a10,300.0,1.2876729228,113.9743939560835,1.826071108707478e-07,4.539992976248485e-15
direct_a10,300.0,1.28756362802,113.86960638059384,1.8243922266576477e-07,4.539992976248485e-15
direct_a10,300.0,1.28756097808,113.86706062264824,1.824351439118685e-07,4.539992976248485e-15
direct_a10,300.0,1.28756098308,113.86706542630093,1.8243515160816854e-07,4.539992976248485e-15
direct_a20,300.0,0.5,3.393496872723903e-11,5.436981397030308e-20,6.73794699908547e-13
direct_a20,300.0,0.6,6.60081068888376e-09,1.0575664651187004e-17,6.73794699908547e-13
direct_a20,300.0,0.7,6.735718954145505e-07,1.0791811521522846e-15,6.73794699908547e-13
direct_a20,300.0,0.8,5.600374147702667e-05,8.972788601106878e-14,6.73794699908547e-13
direct_a20,300.0,0.9,0.0066106454829633,1.0591421728461576e-11,6.73794699908547e-13
direct_a20,300.0,1.1,21.333298478091283,3.417971234774561e-08,6.73794699908547e-13
direct_a20,300.0,1.2,1094.6424625017992,1.7538105760046035e-06,6.73794699908547e-13
direct_a20,300.0,1.3,8868.19825693142,1.420842003293505e-05,6.73794699908547e-13
direct_a20,300.0,1.4,7864.468691482617,1.2600267976318003e-05,6.73794699908547e-13
direct_a20,300.0,1.6,6420.476421985917,1.0286737302453758e-05,6.73794699908547e-13
direct_a20,300.0,1.7,2934.12759813555,4.70099067890732e-06,6.73794699908547e-13
direct_a20,300.0,1.8,2077.843543209361,3.3290723740378077e-06,6.73794699908547e-13
direct_a20,300.0,1.9,799.8978635086339,1.2815776665000544e-06,6.73794699908547e-13
direct_a20,300.0,2.1,115.2120592536479,1.8459006929121813e-07,6.73794699908547e-13
direct_a20,300.0,2.2,29.01694832850095,4.6490276601909576e-08,6.73794699908547e-13
direct_a20,300.0,2.3,7.150776215010617,1.145680656665297e-08,6.73794699908547e-13
direct_a20,300.0,2.4,2.766005777703433,4.4316298265454375e-09,6.73794699908547e-13
direct_a20,300.0,2.5,0.5417465216773378,8.67973618582205e-10,6.73794699908547e-13
direct_a20,300.0,2.6,0.1208713799234307,1.9365730063265743e-10,6.73794699908547e-13
direct_a20,300.0,2.7,0.0386088423178466,6.185818502744424e-11,6.73794699908547e-13
direct_a20,300.0,2.8,0.0062767504996472,1.00564629879826e-11,6.73794699908547e-13
direct_a20,300.0,2.9,0.0012968661408747,2.077808628335231e-12,6.73794699908547e-13
direct_a20,300.0,3.0,0.0003531082272674,5.657417510010123e-13,6.73794699908547e-13
direct_a20,300.0,1.27639320225,7407.311948030844,1.186782212388404e-05,6.73794699908547e-13
direct_a20,300.0,1.32360679775,9193.072770542662,1.4728926387625094e-05,6.73794699908547e-13
direct_a20,300.0,1.3527864045,8366.968237684201,1.3405361007837784e-05,6.73794699908547e-13
direct_a20,300.0,1.32184519123,9206.477755431735,1.4750403541193492e-05,6.73794699908547e-13
direct_a20,300.0,1.31703926025,9214.013679134609,1.4762477422065843e-05,6.73794699908547e-13
direct_a20,300.0,1.3015138476,8923.462589858518,1.4296963255844444e-05,6.73794699908547e-13
direct_a20,300.0,1.31858993364,9216.34053266008,1.476620545241509e-05,6.73794699908547e-13
direct_a20,300.0,1.3186105091,9216.340489847727,1.476620538382214e-05,6.73794699908547e-13
direct_a20,300.0,1.31859913348,9216.340612943177,1.4766205581042795e-05,6.73794699908547e-13
direct_a20,300.0,1.31859904726,9216.340612937332,1.476620558103343e-05,6.73794699908547e-13
direct_a20,300.0,1.31859921971,9216.340612934906,1.4766205581029544e-05,6.73794699908547e-13
direct_a20,300.0,1.47639320225,9324.394486774572,1.493932697290864e-05,6.73794699908547e-13
direct_a20,300.0,1.52360679775,6835.2266476176,1.095124042290707e-05,6.73794699908547e-13
direct_a20,300.0,1.4472135955,9513.641603353057,1.5242534281142564e-05,6.73794699908547e-13
direct_a20,300.0,1.45644548241,9597.826044201449,1.537741262521621e-05,6.73794699908547e-13
direct_a20,300.0,1.45765802201,9599.178225790762,1.5379579058963532e-05,6.73794699908547e-13
direct_a20,300.0,1.4577793682,9599.186687578898,1.5379592616242767e-05,6.73794699908547e-13
direct_a20,300.0,1.45776318166,9599.186895563407,1.5379592949470692e-05,6.73794699908547e-13
direct_a20,300.0,1.45776309337,9599.186895569295,1.5379592949480124e-05,6.73794699908547e-13
direct_a20,300.0,1.45776300508,9599.186895562952,1.537959294946996e-05,6.73794699908547e-13
direct_a20,300.0,1.18744781304,667.9535357475021,1.0701795475723314e-06,6.73794699908547e-13
direct_a20,300.0,1.19603674274,940.502698939734,1.5068514484551783e-06,6.73794699908547e-13
direct_a20,300.0,1.19653596866,958.86989425611,1.53627893962319e-06,6.73794699908547e-13
direct_a20,300.0,1.19656425503,959.9194391087444,1.537960495862416e-06,6.73794699908547e-13
direct_a20,300.0,1.19656423483,959.9186892627994,1.5379592944767638e-06,6.73794699908547e-13
direct_a20,300.0,1.19656423983,959.918874868186,1.537959591849377e-06,6.73794699908547e-13
direct_a20,300.0,1.24766095572,4625.620602905746,7.411061247724577e-06,6.73794699908547e-13
direct_a20,300.0,1.2499129376,4853.200724749689,7.775684801305816e-06,6.73794699908547e-13
direct_a20,300.0,1.24938247556,4799.44093002122,7.689552114343228e-06,6.73794699908547e-13
direct_a20,300.0,1.24938398049,4799.593330627785,7.689796287034073e-06,6.73794699908547e-13
direct_a20,300.0,1.24938398549,4799.593836966799,7.689797098278611e-06,6.73794699908547e-13
direct_a20,300.0,1.29705501502,8746.811507325428,1.401393701903912e-05,6.73794699908547e-13
direct_a20,300.0,1.2944825569,8625.863709797757,1.3820157283906522e-05,6.73794699908547e-13
direct_a20,300.0,1.29476765928,8639.948998614875,1.384272440453245e-05,6.73794699908547e-13
direct_a20,300.0,1.29475387926,8639.272094484082,1.3841639884550637e-05,6.73794699908547e-13
direct_a20,300.0,1.29475380012,8639.268205816335,1.3841633654218037e-05,6.73794699908547e-13
direct_a20,300.0,1.29475380512,8639.268451499549,1.3841634047845938e-05,6.73794699908547e-13
