T_K,delta_G_eV,Ec_meV,single_mode_k_s,two_mode_k_s,two_over_single
300.0,-0.65,5.0,122308.96073612849,116892.18668749087,0.9557123695922504
300.0,-0.45,5.0,486921.56825008383,616810.7968706193,1.2667559563798665
300.0,-0.3,5.0,1256094.059099834,1536130.7524336823,1.2229424550694346
300.0,-0.2,5.0,2805777.4897792386,2147166.9928655108,0.7652663123455495
300.0,-0.15,5.0,2105887.06878775,2405163.162363408,1.142114027865671
300.0,-0.1,5.0,2078138.205223808,2612067.741979235,1.2569268662754434
300.0,-0.05,5.0,2780444.4485066365,2652360.658530925,0.9539340589794898
300.0,0.0,5.0,1704204.4023998082,1523372.763126693,0.8938908742293626
300.0,0.15,5.0,6361.301577239915,7265.331766849751,1.142114027865675
300.0,0.3,5.0,11.461566439078222,14.016836199947758,1.2229424550694346
